Ten dich vu,Gia (VND)
AFB trực tiếp nhuộm Ziehl-Neelsen," 74,200   "
Angiostrogylus cantonensis (Giun tròn chuột) Ab miễn dịch bán tự động," 321,000   "
Bẻ cuốn mũi," 165,500   "
Bó bột ống trong gãy xương bánh chè," 167,000   "
Bó thuốc," 57,600   "
Bóc giả mạc," 99,400   "
Bóc nang tuyến Bartholin," 1,369,400   "
Bóc nhân xơ vú," 1,079,400   "
Bóc sợi giác mạc ," 99,400   "
"Bóc, cắt u bã đậu, u mỡ dưới da đầu đường kính dưới 10 cm"," 771,000   "
Bóp bóng ambu qua mặt nạ," 248,500   "
"Bóp bóng ambu, thổi ngạt sơ sinh"," 248,500   "
Bơm hơi /khí tiền phòng," 830,200   "
"Bơm rửa bàng quang, bơm hóa chất"," 230,500   "
Bơm rửa lệ đạo," 41,200   "
Bơm thông lệ đạo [hai mắt]," 105,800   "
Bơm thuốc thanh quản," 22,000   "
Các phẫu thuật ruột thừa khác," 2,815,900   "
Cặn Addis," 44,800   "
Cắt bè củng giác mạc (Trabeculectomy)," 1,202,600   "
Cắt bè sử dụng thuốc chống chuyển hóa hoặc chất antiVEGF," 1,344,100   "
Cắt bỏ bao da qui đầu do dính hoặc dài," 1,509,500   "
Cắt bỏ chắp có bọc," 85,500   "
Cắt bỏ hoại tử tiếp tuyến bỏng sâu dưới 3% diện tích cơ thể ở trẻ em," 2,566,900   "
Cắt bỏ hoại tử tiếp tuyến bỏng sâu dưới 5% diện tích cơ thể ở người lớn," 2,566,900   "
Cắt bỏ nhãn cầu có hoặc không cắt thị thần kinh dài," 830,200   "
Cắt bỏ tinh hoàn," 2,490,900   "
Cắt bỏ tinh hoàn lạc chỗ," 2,490,900   "
Cắt bỏ túi lệ," 930,200   "
Cắt bỏ u mạc nối lớn," 5,141,100   "
"Cắt các loại u vùng da đầu, cổ có đường kính 5 đến 10 cm"," 1,208,800   "
"Cắt các loại u vùng da đầu, cổ có đường kính dưới 5 cm"," 771,000   "
Cắt các u lành tuyến giáp," 2,140,700   "
Cắt cụt cổ tử cung," 3,019,800   "
Cắt chỉ khâu da," 40,300   "
Cắt chỉ khâu da mi đơn giản," 40,300   "
Cắt chỉ khâu giác mạc," 40,300   "
Cắt chỉ khâu kết mạc," 40,300   "
Cắt chỉ khâu vòng cổ tử cung," 139,000   "
Cắt chỉ sau phẫu thuật," 40,300   "
Cắt chỉ sau phẫu thuật lác," 40,300   "
Cắt chỉ sau phẫu thuật sụp mi," 40,300   "
Cắt dạ dày hình chêm," 3,993,400   "
"Cắt dây chằng, gỡ dính ruột"," 2,705,700   "
"Cắt dương vật không vét hạch, cắt một nửa dương vật"," 2,396,200   "
"Cắt đại tràng phải hoặc đại tràng trái, đưa 2 đầu ruột ra ngoài"," 4,941,100   "
"Cắt đoạn đại tràng, đóng đầu dưới, đưa đầu trên ra ngoài ổ bụng kiểu Hartmann"," 4,941,100   "
"Cắt đoạn đại tràng, đưa 2 đầu đại tràng ra ngoài"," 4,941,100   "
Cắt đoạn xương bàn chân trên người bệnh đái tháo đường," 3,226,900   "
Cắt hẹp bao quy đầu," 1,509,500   "
Cắt hoại tử toàn lớp - khâu kín dưới 3% diện tích cơ thể ở người lớn," 3,570,900   "
Cắt lách bán phần," 4,943,100   "
Cắt lách do chấn thương," 4,943,100   "
Cắt lọc tổ chức hoại tử hoặc cắt lọc vết thương đơn giản," 194,700   "
"Cắt lọc, khâu vết thương rách da đầu"," 2,767,900   "
"Cắt lọc, lấy bỏ tổ chức hoại tử cho các nhiễm trùng bàn chân vết loét khu trú ở ngón chân trên người bệnh đái tháo đường"," 279,500   "
"Cắt lọc, lấy bỏ tổ chức hoại tử cho các nhiễm trùng bàn chân vết loét rộng < ¼ bàn chân trên người bệnh đái tháo đường"," 452,800   "
"Cắt lọc, lấy bỏ tổ chức hoại tử cho các nhiễm trùng bàn chân vết loét rộng < ½ bàn chân trên người bệnh đái tháo đường"," 719,800   "
"Cắt lọc, lấy bỏ tổ chức hoại tử cho các nhiễm trùng bàn chân vết loét rộng lan tỏa cả bàn chân trên người bệnh đái tháo đường"," 719,800   "
"Cắt lọc, lấy bỏ tổ chức hoại tử cho các nhiễm trùng phần mềm trên người bệnh đái tháo đường"," 279,500   "
Cắt lợi trùm răng khôn hàm dưới," 178,900   "
Cắt mạc nối lớn," 5,141,100   "
"Cắt màng xuất tiết diện đồng tử, cắt màng đồng tử"," 1,032,600   "
Cắt nang răng đường kính dưới 2 cm," 3,228,100   "
Cắt nang thừng tinh hai bên," 3,300,700   "
Cắt nang thừng tinh một bên," 2,140,700   "
Cắt nang/polyp rốn," 1,509,500   "
Cắt polyp cổ tử cung," 2,104,900   "
Cắt polyp mũi," 705,900   "
Cắt polyp ống tai [gây mê]," 2,122,100   "
Cắt polyp trực tràng," 1,108,300   "
Cắt phanh lưỡi [gây mê]," 771,900   "
Cắt ruột non hình chêm," 3,993,400   "
Cắt ruột thừa đơn thuần," 2,815,900   "
"Cắt ruột thừa, dẫn lưu ổ áp xe"," 2,815,900   "
"Cắt ruột thừa, lau rửa ổ bụng"," 2,815,900   "
Cắt sẹo khâu kín," 3,683,600   "
Cắt túi thừa đại tràng," 3,993,400   "
Cắt u bàng quang tái phát qua nội soi," 5,030,900   "
Cắt u bao gân," 2,140,700   "
Cắt u buồng trứng qua nội soi," 5,503,300   "
"Cắt u da đầu lành, đường kính dưới 5 cm"," 771,000   "
"Cắt u da mi có trượt lông mi, vạt da, hay ghép da"," 1,322,100   "
Cắt u da mi không ghép," 812,100   "
Cắt u kết mạc có hoặc không u giác mạc không ghép," 1,252,600   "
"Cắt u kết mạc, giác mạc có ghép kết mạc, màng ối hoặc giác mạc"," 930,200   "
Cắt u lành dương vật," 2,396,200   "
Cắt u lành phần mềm đường kính dưới 10 cm," 2,140,700   "
Cắt u lành phần mềm đường kính trên 10 cm," 2,140,700   "
"Cắt u lành tính ống hậu môn (u cơ, polyp…)"," 1,509,500   "
Cắt u mạc treo ruột," 5,141,100   "
Cắt u máu dưới da đầu có đường kính dưới 5 cm," 771,000   "
"Cắt u máu khu trú, đường kính dưới 5 cm"," 2,140,700   "
Cắt u mi cả bề dày không ghép," 812,100   "
"Cắt u nang bao hoạt dịch (cổ tay, khoeo chân, cổ chân)"," 1,456,700   "
Cắt u nang buồng trứng," 3,217,800   "
Cắt u phần mềm vùng cổ," 2,928,100   "
Cắt u phì đại lành tính tuyến tiền liệt qua nội soi," 4,302,500   "
Cắt u sùi đầu miệng sáo," 1,456,700   "
Cắt u tuyến nước bọt dưới hàm," 3,397,900   "
Cắt u thành âm đạo," 2,268,300   "
Cắt u vú lành tính," 3,135,800   "
Cắt u xương sụn lành tính," 4,085,900   "
"Cắt u, polyp trực tràng đường hậu môn"," 2,816,900   "
"Cắt, đốt sùi mào gà âm hộ; âm đạo; tầng sinh môn"," 889,700   "
"Cầm máu đơn giản sau phẫu thuật cắt Amidan, nạo VA"," 139,000   "
Cầm máu mũi bằng Meroxeo (2 bên)," 286,500   "
Cầm máu mũi bằng vật liệu cầm máu [1 bên]," 216,500   "
Cấp cứu bỏng mắt ban đầu," 344,200   "
Cấp cứu ngừng tuần hoàn hô hấp," 532,500   "
Cấp cứu ngừng tuần hoàn hô hấp cơ bản," 532,500   "
Cấy chỉ," 156,400   "
Cấy chỉ châm điều trị hội chứng dạ dày - tá tràng," 156,400   "
Cấy chỉ điều trị cơn động kinh cục bộ," 156,400   "
Cấy chỉ điều trị đái dầm," 156,400   "
Cấy chỉ điều trị đau bụng kinh," 156,400   "
Cấy chỉ điều trị đau do thoái hóa khớp," 156,400   "
"Cấy chỉ điều trị đau đầu, đau nửa đầu"," 156,400   "
Cấy chỉ điều trị đau lưng," 156,400   "
Cấy chỉ điều trị đau thần kinh liên sườn," 156,400   "
Cấy chỉ điều trị hen phế quản," 156,400   "
Cấy chỉ điều trị hội chứng ngoại tháp," 156,400   "
Cấy chỉ điều trị hội chứng tiền đình," 156,400   "
Cấy chỉ điều trị hội chứng tiền mãn kinh," 156,400   "
Cấy chỉ điều trị hội chứng thắt lưng hông," 156,400   "
Cấy chỉ điều trị hội chứng vai gáy," 156,400   "
Cấy chỉ điều trị huyết áp thấp," 156,400   "
Cấy chỉ điều trị liệt chi dưới," 156,400   "
Cấy chỉ điều trị liệt chi trên," 156,400   "
Cấy chỉ điều trị liệt dây thần kinh VII ngoại biên," 156,400   "
Cấy chỉ điều trị liệt nửa người do tai biến mạch máu não," 156,400   "
Cấy chỉ điều trị liệt tứ chi do chấn thương cột sống," 156,400   "
Cấy chỉ điều trị mày đay," 156,400   "
Cấy chỉ điều trị mất ngủ," 156,400   "
Cấy chỉ điều trị nấc," 156,400   "
Cấy chỉ điều trị rối loạn kinh nguyệt," 156,400   "
Cấy chỉ điều trị rối loạn tiêu hóa," 156,400   "
Cấy chỉ điều trị rối loạn tiểu tiện không tự chủ," 156,400   "
Cấy chỉ điều trị rối loạn thần kinh chức năng sau chấn thương sọ não," 156,400   "
Cấy chỉ điều trị táo bón kéo dài," 156,400   "
Cấy chỉ điều trị tâm căn suy nhược," 156,400   "
Cấy chỉ điều trị thất vận ngôn," 156,400   "
Cấy chỉ điều trị thiểu năng tuần hoàn não mạn tính," 156,400   "
Cấy chỉ điều trị viêm mũi dị ứng," 156,400   "
Cấy chỉ điều trị viêm mũi xoang," 156,400   "
Cấy chỉ điều trị viêm quanh khớp vai," 156,400   "
Cấy chỉ hỗ trợ điều trị vẩy nến," 156,400   "
Cấy chỉ hỗ trợ điều trị viêm khớp dạng thấp," 156,400   "
Clonorchis/Opisthorchis (Sán lá gan nhỏ) Ab miễn dịch bán tự động," 321,000   "
CMV IgG miễn dịch tự động," 123,400   "
CMV IgM miễn dịch tự động," 142,500   "
Co cục máu đông (tên khác: Co cục máu)," 16,000   "
Cố định lồng ngực do chấn thương gãy xương sườn," 58,400   "
Cố định nẹp vít gãy trật khớp vai," 4,102,500   "
C-Peptid," 178,300   "
Cryptococcus test nhanh," 123,400   "
Cứu," 37,000   "
Cứu điều trị bại não thể hàn," 37,000   "
Cứu điều trị bệnh tự kỷ thể hàn," 37,000   "
Cứu điều trị bí đái thể hàn," 37,000   "
Cứu điều trị cảm cúm thể hàn," 37,000   "
Cứu điều trị chậm phát triển trí tuệ ở trẻ bại não," 37,000   "
Cứu điều trị di tinh thể hàn," 37,000   "
Cứu điều trị đái dầm thể hàn," 37,000   "
Cứu điều trị đau bụng ỉa chảy thể hàn," 37,000   "
Cứu điều trị đau bụng kinh thể hàn," 37,000   "
"Cứu điều trị đau đầu, đau nửa đầu thể hàn"," 37,000   "
Cứu điều trị đau lưng thể hàn," 37,000   "
Cứu điều trị đau thần kinh toạ thể hàn," 37,000   "
Cứu điều trị đau vai gáy cấp thể hàn," 37,000   "
Cứu điều trị giảm khứu giác thể hàn," 37,000   "
Cứu điều trị giảm thính lực thể hàn," 37,000   "
Cứu điều trị hội chứng thắt lưng- hông thể phong hàn," 37,000   "
Cứu điều trị khàn tiếng thể hàn," 37,000   "
Cứu điều trị liệt chi dưới thể hàn," 37,000   "
Cứu điều trị liệt chi trên thể hàn," 37,000   "
Cứu điều trị liệt dây thần kinh số VII ngoại biên thể hàn," 37,000   "
Cứu điều trị liệt do bệnh của cơ thể hàn," 37,000   "
Cứu điều trị liệt dương thể hàn," 37,000   "
Cứu điều trị liệt nửa người thể hàn," 37,000   "
Cứu điều trị liệt thần kinh VII ngoại biên thể hàn," 37,000   "
Cứu điều trị liệt thể hàn," 37,000   "
Cứu điều trị nấc thể hàn," 37,000   "
Cứu điều trị nôn nấc thể hàn," 37,000   "
Cứu điều trị ngoại cảm phong hàn," 37,000   "
Cứu điều trị rối loạn cảm giác đầu chi thể hàn," 37,000   "
Cứu điều trị rối loạn đại tiểu tiện thể hàn," 37,000   "
Cứu điều trị rối loạn kinh nguyệt thể hàn," 37,000   "
Cứu điều trị rối loạn tiêu hóa thể hàn," 37,000   "
Cứu điều trị rối loạn tiểu tiện thể hàn," 37,000   "
Cứu điều trị rối loạn thần kinh thực vật thể hàn," 37,000   "
Cứu điều trị sa tử cung thể hàn," 37,000   "
Cứu điều trị ù tai thể hàn," 37,000   "
Cứu hỗ trợ điều trị bệnh tự kỷ thể hàn," 37,000   "
Cysticercus cellulosae (Sán lợn) Ab miễn dịch bán tự động," 321,000   "
Chăm sóc lỗ mở khí quản," 64,300   "
Chăm sóc lỗ mở khí quản (một lần)," 64,300   "
Chẩn đóan điện thần kinh cơ," 71,800   "
Chích áp xe thành sau họng gây tê/gây mê," 295,500   "
Chích lể," 76,300   "
Chlamydia test nhanh," 78,300   "
Chọc dịch màng bụng," 153,700   "
Chọc dịch tủy sống," 126,900   "
Chọc dò dịch màng phổi," 153,700   "
Chọc dò dịch não tủy," 126,900   "
Chọc dò dịch ổ bụng xét nghiệm," 153,700   "
Chọc dò ổ bụng cấp cứu," 153,700   "
Chọc dò túi cùng Douglas," 312,500   "
Chọc dò tủy sống trẻ sơ sinh," 126,900   "
Chọc hút áp xe thành bụng," 218,500   "
Chọc hút dịch - khí màng phổi bằng kim hay catheter," 162,900   "
"Chọc hút dịch kính, tiền phòng lấy bệnh phẩm"," 534,500   "
Chọc hút dịch màng ngoài tim dưới siêu âm," 280,500   "
Chọc hút dịch tụ huyết vành tai," 64,300   "
Chọc hút dịch vành tai," 64,300   "
Chọc hút kim nhỏ tuyến giáp," 308,300   "
Chọc hút khí màng phổi," 162,900   "
Chọc hút nước tiểu trên xương mu," 126,700   "
Chọc hút/dẫn lưu dịch màng phổi," 153,700   "
Chọc hút/dẫn lưu khí màng phổi áp lực thấp," 162,900   "
Chọc rửa xoang hàm," 310,500   "
Chọc tháo dịch màng phổi dưới hướng dẫn của siêu âm," 195,900   "
Chọc tháo dịch ổ bụng điều trị," 153,700   "
Chọc thăm dò màng phổi," 153,700   "
Chụp cắt lớp vi tính bụng - tiểu khung thường quy (từ 1-32 dãy) [không có thuốc cản quang]," 550,100   "
Chụp cắt lớp vi tính cột sống cổ có tiêm thuốc cản quang (từ 1- 32 dãy)," 663,400   "
Chụp cắt lớp vi tính cột sống cổ không tiêm thuốc cản quang (từ 1- 32 dãy)," 550,100   "
Chụp cắt lớp vi tính cột sống ngực có tiêm thuốc cản quang (từ 1- 32 dãy)," 663,400   "
Chụp cắt lớp vi tính cột sống ngực không tiêm thuốc cản quang (từ 1- 32 dãy)," 550,100   "
Chụp cắt lớp vi tính cột sống thắt lưng có tiêm thuốc cản quang (từ 1- 32 dãy)," 663,400   "
Chụp cắt lớp vi tính cột sống thắt lưng không tiêm thuốc cản quang (từ 1- 32 dãy)," 550,100   "
Chụp cắt lớp vi tính động mạch chủ - chậu (từ 1-32 dãy)," 663,400   "
Chụp cắt lớp vi tính động mạch chủ ngực (từ 1- 32 dãy)," 663,400   "
Chụp cắt lớp vi tính động mạch phổi (từ 1- 32 dãy)," 663,400   "
Chụp cắt lớp vi tính hệ tiết niệu có khảo sát mạch thận và/hoặc dựng hình đường bài xuất (từ 1-32 dãy) [có thuốc cản quang]," 663,400   "
Chụp cắt lớp vi tính hệ tiết niệu thường quy (từ 1-32 dãy) [không có thuốc cản quang]," 550,100   "
Chụp cắt lớp vi tính khớp thường quy có tiêm thuốc cản quang (từ 1- 32 dãy)," 663,400   "
Chụp cắt lớp vi tính khớp thường quy không tiêm thuốc cản quang (từ 1- 32 dãy)," 550,100   "
Chụp cắt lớp vi tính lồng ngực có tiêm thuốc cản quang (từ 1- 32 dãy)," 663,400   "
Chụp cắt lớp vi tính lồng ngực không tiêm thuốc cản quang (từ 1- 32 dãy)," 550,100   "
Chụp cắt lớp vi tính tạng khảo sát huyết động học khối u (CT perfusion) (từ 1-32 dãy) [có thuốc cản quang]," 663,400   "
"Chụp cắt lớp vi tính tầng trên ổ bụng có khảo sát mạch các tạng (bao gồm mạch: gan, tụy, lách và mạch khối u) (từ 1-32 dãy) [có thuốc cản quang]"," 663,400   "
"Chụp cắt lớp vi tính tầng trên ổ bụng thường quy (gồm: chụp cắt lớp vi tính gan - mật, tụy, lách, dạ dày - tá tràng.v.v.) (từ 1-32 dãy) [không có thuốc cản quang]"," 550,100   "
"Chụp cắt lớp vi tính tiểu khung thường quy (gồm: chụp cắt lớp vi tính tử cung - buồng trứng, tiền liệt tuyến, các khối u vùng tiểu khung.v.v.) (từ 1-32  dãy) [không có thuốc cản quang]"," 550,100   "
Chụp cắt lớp vi tính xương chi có tiêm thuốc cản quang (từ 1- 32 dãy) ," 663,400   "
Chụp cắt lớp vi tính xương chi không tiêm thuốc cản quang (từ 1- 32 dãy) ," 550,100   "
Chụp CLVT hàm - mặt có tiêm thuốc cản quang (từ 1-32 dãy)," 663,400   "
Chụp CLVT hàm - mặt không tiêm thuốc cản quang (từ 1-32 dãy)," 550,100   "
Chụp CLVT hàm mặt có dựng hình 3D (từ 1-32 dãy) [không có thuốc cản quang]," 550,100   "
Chụp CLVT hàm mặt có ứng dụng phần mềm nha khoa (từ 1-32 dãy) [không có thuốc cản quang]," 550,100   "
Chụp CLVT hốc mắt (từ 1-32 dãy) [không có thuốc cản quang]," 550,100   "
Chụp CLVT mạch máu não (từ 1-32 dãy)," 663,400   "
Chụp CLVT sọ não có dựng hình 3D (từ 1-32 dãy) [có thuốc cản quang]," 663,400   "
Chụp CLVT sọ não có tiêm thuốc cản quang (từ 1-32 dãy)," 663,400   "
Chụp CLVT sọ não không tiêm thuốc cản quang (từ 1-32 dãy)," 550,100   "
Chụp CLVT tai - xương đá có tiêm thuốc cản quang (từ 1-32 dãy)," 663,400   "
Chụp CLVT tai - xương đá không tiêm thuốc (từ 1-32 dãy)," 550,100   "
"Chụp cộng hưởng từ bìu, dương vật (0.2-1.5T) [không có chất tương phản]"," 1,341,500   "
"Chụp cộng hưởng từ bìu, dương vật có tiêm chất tương phản (0.2-1.5T)"," 2,250,800   "
Chụp cộng hưởng từ cột sống cổ (0.2-1.5T) [không có chất tương phản]," 1,341,500   "
Chụp cộng hưởng từ cột sống cổ có tiêm tương phản (0.2-1.5T)," 2,250,800   "
Chụp cộng hưởng từ cột sống ngực (0.2-1.5T) [không có chất tương phản]," 1,341,500   "
Chụp cộng hưởng từ cột sống ngực có tiêm tương phản (0.2-1.5T)," 2,250,800   "
Chụp cộng hưởng từ cột sống thắt lưng - cùng (0.2-1.5T) [không có chất tương phản]," 1,341,500   "
Chụp cộng hưởng từ cột sống thắt lưng - cùng có tiêm tương phản (0.2-1.5T)," 2,250,800   "
Chụp cộng hưởng từ đáy sọ và xương đá (0.2-1.5T) [có chất tương phản]," 2,250,800   "
Chụp cộng hưởng từ động mạch chi dưới (1.5T) [không có chất tương phản]," 1,341,500   "
Chụp cộng hưởng từ động mạch chi dưới có tiêm tương phản (1.5T)," 2,250,800   "
Chụp cộng hưởng từ động mạch chi trên (1.5T) [không có chất tương phản]," 1,341,500   "
Chụp cộng hưởng từ động mạch chi trên có tiêm tương phản (1.5T)," 2,250,800   "
Chụp cộng hưởng từ động mạch chủ - chậu (1.5T) [có chất tương phản]," 2,250,800   "
Chụp cộng hưởng từ động mạch chủ - ngực (1.5T) [có chất tương phản]," 2,250,800   "
Chụp cộng hưởng từ hệ mạch cổ có tiêm chất tương phản (0.2-1.5T)," 2,250,800   "
Chụp cộng hưởng từ hệ mạch cổ không tiêm chất tương phản (0.2-1.5T)," 1,341,500   "
Chụp cộng hưởng từ hốc mắt và thần kinh thị giác (0.2-1.5T) [không có chất tương phản]," 1,341,500   "
Chụp cộng hưởng từ hốc mắt và thần kinh thị giác có tiêm chất tương phản (0.2-1.5T)," 2,250,800   "
Chụp cộng hưởng từ khớp (0.2-1.5T) [không có chất tương phản]," 1,341,500   "
Chụp cộng hưởng từ khớp có tiêm tương phản nội khớp (0.2-1.5T)," 2,250,800   "
Chụp cộng hưởng từ khớp có tiêm tương phản tĩnh mạch (0.2-1.5T)," 2,250,800   "
Chụp cộng hưởng từ khuếch tán (DWI - Diffusion-weighted Imaging) (0.2-1.5T) [không có chất tương phản]," 1,341,500   "
Chụp cộng hưởng từ lồng ngực (0.2-1.5T) [không có chất tương phản]," 1,341,500   "
Chụp cộng hưởng từ lồng ngực có tiêm chất tương phản  (0.2-1.5T)," 2,250,800   "
Chụp cộng hưởng từ não- mạch não có tiêm chất tương phản (0.2-1.5T)," 2,250,800   "
Chụp cộng hưởng từ não- mạch não không tiêm chất tương phản (0.2-1.5T)," 1,341,500   "
Chụp cộng hưởng từ phần mềm chi (0.2-1.5T) [không có chất tương phản]," 1,341,500   "
Chụp cộng hưởng từ phần mềm chi có tiêm tương phản (0.2-1.5T)," 2,250,800   "
Chụp cộng hưởng từ sọ não (0.2-1.5T) [không có chất tương phản]," 1,341,500   "
Chụp cộng hưởng từ sọ não có tiêm chất tương phản (0.2-1.5T)," 2,250,800   "
"Chụp cộng hưởng từ tầng bụng có tiêm chất tương phản (gồm: chụp cộng hưởng từ gan - mật, tụy, lách, thận, dạ dày - tá tràng...) (0.2-1.5T)"," 2,250,800   "
"Chụp cộng hưởng từ tầng bụng không tiêm chất tương phản (gồm: chụp cộng hưởng từ gan - mật, tụy, lách, thận, dạ dày - tá tràng...) (0.2-1.5T)"," 1,341,500   "
"Chụp cộng hưởng từ tầng trên ổ bụng có khảo sát mạch các tạng (bao gồm mạch: gan, tụy, lách và mạch khối u) (1.5T) [có chất tương phản]"," 2,250,800   "
Chụp cộng hưởng từ tĩnh mạch (1.5T) [không có chất tương phản]," 1,341,500   "
Chụp cộng hưởng từ tĩnh mạch có tiêm tương phản (1.5T)," 2,250,800   "
Chụp cộng hưởng từ tuyến tiền liệt có tiêm tương phản (0.2-1.5T)," 2,250,800   "
Chụp cộng hưởng từ tuyến yên có tiêm chất tương phản (khảo sát động học) (0.2-1.5T)," 2,250,800   "
"Chụp cộng hưởng từ vùng chậu (gồm: chụp cộng hưởng từ tử cung - phần phụ, tiền liệt tuyến, đại tràng chậu hông, trực tràng, các khối u vùng chậu…) (0.2-1.5T) [không có chất tương phản]"," 1,341,500   "
"Chụp cộng hưởng từ vùng chậu có tiêm chất tương phản (gồm: chụp cộng hưởng từ tử cung - phần phụ, tiền liệt tuyến, đại tràng chậu hông, trực tràng, các khối u vùng chậu…) (0.2-1.5T)"," 2,250,800   "
Chụp cộng hưởng từ vùng chậu dò hậu môn (0.2-1.5T) [có chất tương phản]," 2,250,800   "
Chụp cộng hưởng từ vùng mặt - cổ (0.2-1.5T) [không có chất tương phản]," 1,341,500   "
Chụp cộng hưởng từ vùng mặt - cổ có tiêm tương phản (0.2-1.5T)," 2,250,800   "
Chụp cộng hưởng từ xương và tủy xương (0.2-1.5T) [không có chất tương phản]," 1,341,500   "
Chụp cộng hưởng từ xương và tủy xương có tiêm tương phản (0.2-1.5T)," 2,250,800   "
Chụp đáy mắt không huỳnh quang," 222,300   "
Chụp OCT bán phần sau nhãn cầu," 222,300   "
"Chụp X-quang cột sống cổ thẳng nghiêng [> 24x30 cm, 2 tư thế]"," 73,300   "
"Chụp X-quang cột sống cùng cụt thẳng nghiêng [≤ 24x30 cm, 2 tư thế]"," 73,300   "
"Chụp X-quang cột sống ngực thẳng nghiêng hoặc chếch [≤ 24x30 cm, 2 tư thế]"," 73,300   "
"Chụp X-quang cột sống thắt lưng chếch hai bên [≤ 24x30 cm, 2 tư thế]"," 73,300   "
"Chụp X-quang cột sống thắt lưng động, gập ưỡn [≤ 24x30 cm, 2 tư thế]"," 73,300   "
"Chụp X-quang cột sống thắt lưng L5-S1 thẳng nghiêng [≤ 24x30 cm, 2 tư thế]"," 73,300   "
"Chụp X-quang cột sống thắt lưng thẳng nghiêng [≤ 24x30 cm, 2 tư thế]"," 73,300   "
"Chụp X-quang hốc mắt thẳng nghiêng [≤ 24x30 cm, 2 tư thế]"," 73,300   "
"Chụp X-quang khớp gối thẳng, nghiêng hoặc chếch [≤ 24x30 cm, 2 tư thế]"," 73,300   "
"Chụp X-quang khớp khuỷu thẳng, nghiêng hoặc chếch [≤ 24x30 cm, 2 tư thế]"," 73,300   "
"Chụp X-quang khớp ức đòn thẳng chếch [≤ 24x30 cm, 2 tư thế]"," 73,300   "
"Chụp X-quang mặt thẳng nghiêng [≤ 24x30 cm, 2 tư thế]"," 73,300   "
Chụp X-quang phim cắn (Occlusal)," 73,300   "
"Chụp X-quang phim đo sọ thẳng, nghiêng (Cephalometric) "," 72,300   "
Chụp X-quang răng cận chóp (Periapical)," 16,100   "
Chụp X-quang tại giường," 73,300   "
Chụp X-quang tại phòng mổ," 73,300   "
"Chụp X-quang toàn bộ chi dưới thẳng [> 24x30 cm, 2 tư thế]"," 73,300   "
"Chụp X-quang xương bàn, ngón chân thẳng, nghiêng hoặc chếch  [≤ 24x30 cm, 2 tư thế]"," 73,300   "
"Chụp X-quang xương bánh chè và khớp đùi bánh chè  [≤ 24x30 cm, 2 tư thế]"," 73,300   "
"Chụp X-quang xương cánh tay thẳng nghiêng [≤ 24x30 cm, 2 tư thế]"," 73,300   "
"Chụp X-quang xương cẳng chân thẳng nghiêng  [≤ 24x30 cm, 2 tư thế]"," 73,300   "
"Chụp X-quang xương cẳng tay thẳng nghiêng [≤ 24x30 cm, 2 tư thế]"," 73,300   "
"Chụp X-quang xương cổ chân thẳng, nghiêng hoặc chếch [≤ 24x30 cm, 2 tư thế]"," 73,300   "
"Chụp X-quang xương đùi thẳng nghiêng [≤ 24x30 cm, 2 tư thế]"," 73,300   "
"Chụp X-quang xương gót thẳng nghiêng [≤ 24x30 cm, 2 tư thế]"," 73,300   "
"Chụp X-quang xương ức thẳng, nghiêng [≤ 24x30 cm, 2 tư thế]"," 73,300   "
Chườm ngải," 37,000   "
Dẫn lưu áp xe bìu/tinh hoàn," 218,500   "
Dẫn lưu áp xe dưới cơ hoành," 3,142,500   "
Dẫn lưu áp xe gan," 3,142,500   "
Dẫn lưu áp xe hậu môn đơn giản," 873,000   "
Dẫn lưu áp xe khoang Retzius," 1,920,900   "
Dẫn lưu áp xe ruột thừa," 3,142,500   "
Dẫn lưu bàng quang bằng chọc trôca," 1,096,500   "
Dẫn lưu bàng quang đơn thuần," 1,509,500   "
Dẫn lưu bể thận tối thiểu," 1,920,900   "
Dẫn lưu dịch màng bụng," 153,700   "
Dẫn lưu đài bể thận qua da [nhi]," 2,917,900   "
Dẫn lưu hoặc mở thông manh tràng," 2,683,900   "
Dẫn lưu màng phổi liên tục ," 192,300   "
Dẫn lưu nước tiểu bàng quang," 1,920,900   "
Dẫn lưu ổ bụng cấp cứu," 153,700   "
Dẫn lưu thận qua da dưới hướng dẫn của siêu âm," 950,500   "
"Dẫn lưu viêm tấy quanh thận, áp xe thận"," 2,917,900   "
Dengue virus IgG miễn dịch bán tự động," 168,600   "
Dengue virus IgM miễn dịch bán tự động," 168,600   "
Dengue virus IgM/IgG test nhanh," 142,500   "
Dengue virus NS1Ag miễn dịch bán tự động," 168,600   "
Dengue virus NS1Ag test nhanh," 142,500   "
Dengue virus NS1Ag/IgM - IgG test nhanh," 142,500   "
"doppler động mạch cảnh, doppler xuyên sọ"," 252,300   "
Đặt canuyn mở khí quản 2 nòng," 263,700   "
"Đặt canuyn mũi hầu, miệng hầu"," 40,300   "
"Đặt catheter hai nòng có cuff, tạo đường hầm để lọc máu"," 6,906,400   "
Đặt catheter hai nòng tĩnh mạch cảnh trong để lọc máu," 1,158,500   "
Đặt catheter hai nòng tĩnh mạch dưới đòn để lọc máu," 1,158,500   "
Đặt catheter lọc máu cấp cứu," 1,158,500   "
Đặt catheter một nòng hoặc hai nòng tĩnh mạch đùi để lọc máu," 1,158,500   "
Đặt catheter tĩnh mạch cảnh để lọc máu cấp cứu," 1,158,500   "
Đặt catheter tĩnh mạch cảnh ngoài," 685,500   "
Đặt catheter tĩnh mạch ngoại biên," 25,100   "
Đặt catheter tĩnh mạch trung tâm ," 685,500   "
Đặt catheter tĩnh mạch trung tâm 1 nòng," 685,500   "
Đặt catheter tĩnh mạch trung tâm nhiều nòng," 1,158,500   "
Đặt nội khí quản," 600,500   "
Đặt ống thông Blakemore vào thực quản cầm máu," 885,800   "
Đặt ống thông dạ dày," 101,800   "
Đặt ống thông dạ dày (hút dịch hoặc nuôi dưỡng) sơ sinh," 101,800   "
Đặt ống thông dẫn lưu bàng quang," 101,800   "
Đặt ống thông hậu môn," 92,400   "
Đặt ống thông JJ trong hẹp niệu quản," 950,500   "
Đặt ống thông niệu quản qua nội soi (sonde JJ)," 950,500   "
Đặt sonde bàng quang," 101,800   "
Đặt sonde hậu môn," 92,400   "
Đặt sonde hậu môn sơ sinh," 92,400   "
Đẩy bã thức ăn xuống đại tràng," 3,993,400   "
Điện châm [kim ngắn]," 78,300   "
"Điện châm điều rối loạn trị đại, tiểu tiện"," 78,300   "
Điện châm điều trị bại não," 78,300   "
Điện châm điều trị bệnh hố mắt," 78,300   "
Điện châm điều trị bệnh tự kỷ," 78,300   "
Điện châm điều trị bí đái," 78,300   "
Điện châm điều trị bí đái cơ năng," 78,300   "
Điện châm điều trị bướu cổ đơn thuần," 78,300   "
Điện châm điều trị cảm cúm," 78,300   "
Điện châm điều trị cảm mạo," 78,300   "
Điện châm điều trị cơn đau quặn thận," 78,300   "
Điện châm điều trị chắp lẹo," 78,300   "
Điện châm điều trị chậm phát triển trí tuệ ở trẻ bại não," 78,300   "
"Điện châm điều trị chứng nói ngọng, nói lắp"," 78,300   "
Điện châm điều trị chứng tic," 78,300   "
Điện châm điều trị chứng tic cơ mặt," 78,300   "
Điện châm điều trị chứng ù tai," 78,300   "
Điện châm điều trị di chứng bại liệt," 78,300   "
Điện châm điều trị đái dầm," 78,300   "
Điện châm điều trị đau dây thần kinh liên sườn," 78,300   "
Điện châm điều trị đau do thoái hóa khớp," 78,300   "
"Điện châm điều trị đau đầu, đau nửa đầu"," 78,300   "
Điện châm điều trị đau hố mắt," 78,300   "
Điện châm điều trị đau lưng," 78,300   "
Điện châm điều trị đau mỏi cơ," 78,300   "
Điện châm điều trị đau ngực sườn," 78,300   "
Điện châm điều trị đau răng," 78,300   "
Điện châm điều trị đau thần kinh toạ," 78,300   "
Điện châm điều trị động kinh cục bộ," 78,300   "
Điện châm điều trị giảm đau do ung thư," 78,300   "
Điện châm điều trị giảm đau do Zona," 78,300   "
Điện châm điều trị giảm đau sau phẫu thuật," 78,300   "
Điện châm điều trị giảm khứu giác," 78,300   "
Điện châm điều trị giảm thị lực," 78,300   "
Điện châm điều trị giảm thính lực," 78,300   "
Điện châm điều trị hen phế quản," 78,300   "
Điện châm điều trị hội chứng ngoại tháp," 78,300   "
Điện châm điều trị hội chứng stress," 78,300   "
Điện châm điều trị hội chứng tiền đình," 78,300   "
Điện châm điều trị hội chứng tiền mãn kinh," 78,300   "
Điện châm điều trị hội chứng vai gáy," 78,300   "
Điện châm điều trị huyết áp thấp," 78,300   "
Điện châm điều trị khàn tiếng," 78,300   "
Điện châm điều trị lác," 78,300   "
Điện châm điều trị lác cơ năng," 78,300   "
Điện châm điều trị liệt chi dưới," 78,300   "
Điện châm điều trị liệt chi trên," 78,300   "
Điện châm điều trị liệt dây thần kinh VII ngoại biên," 78,300   "
Điện châm điều trị liệt do bệnh của cơ," 78,300   "
Điện châm điều trị liệt do tổn thương đám rối dây thần kinh," 78,300   "
"Điện châm điều trị liệt do viêm đa rễ, đa dây thần kinh"," 78,300   "
Điện châm điều trị liệt nửa người," 78,300   "
Điện châm điều trị liệt tay do tổn thương đám rối cánh tay ở trẻ em," 78,300   "
Điện châm điều trị liệt tứ chi do chấn thương cột sống," 78,300   "
Điện châm điều trị mất ngủ," 78,300   "
Điện châm điều trị nôn nấc," 78,300   "
Điện châm điều trị phục hồi chức năng cho trẻ bại liệt," 78,300   "
Điện châm điều trị phục hồi chức năng vận động ở trẻ bại não," 78,300   "
Điện châm điều trị rối loạn cảm giác," 78,300   "
Điện châm điều trị rối loạn cảm giác đầu chi," 78,300   "
Điện châm điều trị rối loạn cảm giác nông," 78,300   "
Điện châm điều trị rối loạn chức năng do chấn thương sọ não," 78,300   "
Điện châm điều trị rối loạn tiêu hóa," 78,300   "
Điện châm điều trị rối loạn tiểu tiện," 78,300   "
Điện châm điều trị rối loạn thần kinh chức năng sau chấn thương sọ não," 78,300   "
Điện châm điều trị rối loạn thần kinh thực vật," 78,300   "
Điện châm điều trị sa tử cung," 78,300   "
Điện châm điều trị stress," 78,300   "
Điện châm điều trị sụp mi," 78,300   "
Điện châm điều trị táo bón," 78,300   "
Điện châm điều trị tăng huyết áp," 78,300   "
Điện châm điều trị teo cơ," 78,300   "
Điện châm điều trị tổn thương dây thần kinh V," 78,300   "
"Điện châm điều trị tổn thương gây liệt rễ, đám rối và dây thần kinh"," 78,300   "
Điện châm điều trị thất ngôn," 78,300   "
Điện châm điều trị thiếu máu não mạn tính," 78,300   "
Điện châm điều trị thiểu năng tuần hoàn não mạn tính," 78,300   "
Điện châm điều trị thoái hóa khớp," 78,300   "
Điện châm điều trị trĩ," 78,300   "
Điện châm điều trị ù tai," 78,300   "
Điện châm điều trị viêm Amidan," 78,300   "
Điện châm điều trị viêm Amidan cấp," 78,300   "
Điện châm điều trị viêm bàng quang," 78,300   "
Điện châm điều trị viêm bàng quang cấp," 78,300   "
Điện châm điều trị viêm co cứng cơ delta," 78,300   "
Điện châm điều trị viêm đa dây thần kinh," 78,300   "
Điện châm điều trị viêm kết mạc," 78,300   "
Điện châm điều trị viêm khớp dạng thấp," 78,300   "
Điện châm điều trị viêm mũi xoang," 78,300   "
Điện châm điều trị viêm phần phụ," 78,300   "
Điện châm điều trị viêm quanh khớp vai," 78,300   "
Điện châm điều trị viêm thần kinh thị giác sau giai đoạn cấp," 78,300   "
Điện di điều trị," 27,500   "
"Điện giải (Na, K, Cl) [niệu]"," 30,200   "
"Điện giải đồ (Na, K, Cl) [Máu]"," 30,200   "
Điện tim thường," 39,900   "
Điều trị bằng các dòng điện xung," 44,900   "
Điều trị bằng dòng điện một chiều đều," 48,900   "
Điều trị bằng dòng giao thoa," 30,800   "
Điều trị bằng laser công suất thấp," 52,100   "
Điều trị bằng máy kéo giãn cột sống," 50,800   "
Điều trị bằng Parafin," 46,000   "
Điều trị bằng siêu âm," 48,700   "
Điều trị bằng sóng ngắn," 41,100   "
Điều trị bằng sóng ngắn và sóng cực ngắn," 41,100   "
Điều trị bằng tia hồng ngoại," 40,900   "
Điều trị bằng từ trường," 41,900   "
Điều trị bớt sùi bằng đốt điện," 399,000   "
Điều trị dày sừng ánh nắng bằng đốt điện," 399,000   "
Điều trị dày sừng da dầu bằng đốt điện," 399,000   "
Điều trị glôcôm bằng laser mống mắt chu biên," 342,400   "
Điều trị hạt cơm bằng đốt điện," 399,000   "
Điều trị nứt kẽ hậu môn bằng cắt cơ tròn trong (vị trí 3h và 9h)," 2,816,900   "
"Điều trị nứt kẽ hậu môn bằng cắt cơ tròn trong vị trí 6h, tạo hình hậu môn"," 2,816,900   "
Điều trị sẩn cục bằng đốt điện," 399,000   "
Điều trị sâu ngà răng phục hồi bằng Composite," 280,500   "
Điều trị sâu ngà răng phục hồi bằng Eugenate," 280,500   "
Điều trị sâu ngà răng phục hồi bằng GlassIonomer Cement," 280,500   "
Điều trị sâu ngà răng phục hồi bằng Glassionomer Cement (GiC)," 280,500   "
Điều trị sùi mào gà bằng đốt điện," 399,000   "
"Điều trị tắc tia sữa bằng sóng ngắn, hồng ngoại [ hồng ngoại]"," 40,900   "
"Điều trị tổn thương cổ tử cung bằng đốt điện, đốt nhiệt, đốt laser, áp lạnh..."," 191,500   "
Điều trị tủy lại," 987,500   "
Điều trị tủy răng sữa [một chân]," 296,100   "
"Điều trị tủy răng và hàn kín hệ thống ống tủy bằng Gutta percha nguội [răng số 6,7 hàm trên]"," 631,000   "
Điều trị u mềm lây bằng nạo thương tổn," 380,200   "
Điều trị u mềm treo bằng đốt điện," 399,000   "
Điều trị viêm loét niêm mạc miệng trẻ em," 36,500   "
Định lượng Acid Uric [Máu]," 22,400   "
Định lượng AFP (Alpha Fetoproteine) [Máu]," 95,300   "
Định lượng Albumin [Máu]," 22,400   "
Định lượng Alpha1 Antitrypsin [Máu]," 67,300   "
Định lượng Amoniac (NH3) [Máu]," 78,500   "
Định lượng Amylase [dịch]," 22,400   "
Định lượng Amylase [niệu]," 39,200   "
Định lượng Anti - TPO (Anti- thyroid Peroxidase antibodies) [Máu]," 212,300   "
Định lượng Anti-Tg (Antibody- Thyroglobulin) [Máu]," 280,500   "
Định lượng Apo A₁ (Apolypoprotein A₁) [Máu]," 50,400   "
Định lượng Apo B (Apolypoprotein B) [Máu]," 50,400   "
Định lượng Axit Uric [niệu]," 16,800   "
Định lượng Benzodiazepin [niệu]," 39,200   "
Định lượng bhCG (Beta human Chorionic Gonadotropins) [Máu]," 89,700   "
Định lượng Bilirubin gián tiếp [Máu]," 22,400   "
Định lượng Bilirubin toàn phần [dịch]," 22,400   "
Định lượng Bilirubin toàn phần [Máu]," 22,400   "
Định lượng Bilirubin trực tiếp [Máu]," 22,400   "
Định lượng BNP (B- Type Natriuretic Peptide) [Máu]," 605,100   "
Định lượng bổ thể C3 [Máu]," 61,700   "
Định lượng bổ thể C4 [Máu]," 61,700   "
Định lượng CA 125 (cancer antigen 125) [Máu]," 144,200   "
Định lượng CA 15-3 (Cancer Antigen 15-3) [Máu]," 156,200   "
Định lượng CA 19-9 (Carbohydrate Antigen 19-9) [Máu]," 144,200   "
Định lượng Calcitonin [Máu]," 139,200   "
Định lượng Canxi (niệu)," 25,600   "
Định lượng Canxi ion hóa [Máu]," 16,800   "
Định lượng Canxi ion hóa bằng điện cực chọn lọc [Máu]," 13,400   "
Định lượng Canxi toàn phần [Máu]," 13,400   "
Định lượng CEA (Carcino Embryonic Antigen) [Máu]," 89,700   "
Định lượng Ceruloplasmin [Máu]," 72,900   "
Định lượng CK-MB mass (Isozym MB of Creatine kinase mass) [Máu]," 39,200   "
Định lượng Clo [dịch não tủy]," 23,400   "
Định lượng Cortisol (máu)," 95,300   "
Định lượng Cortisol (niệu)," 95,300   "
Định lượng C-Peptid [Máu]," 178,300   "
Định lượng Creatinin (máu)," 22,400   "
Định lượng Creatinin (niệu)," 16,800   "
Định lượng Creatinin [dịch]," 22,400   "
Định lượng CRP (C-Reactive Protein)," 56,100   "
Định lượng CRP hs (C-Reactive Protein high sesitivity) [Máu]," 56,100   "
Định lượng Cyclosporin [Máu]," 336,600   "
Định lượng Cystatine C [Máu]," 89,700   "
Định lượng Cholesterol toàn phần (máu)," 28,000   "
Định lượng Cholesterol toàn phần [dịch chọc dò]," 28,000   "
Định lượng D-Dimer," 272,900   "
Định lượng D-Dimer [Máu]," 272,900   "
Định lượng Digoxin [Máu]," 89,700   "
Định lượng E3 không liên hợp (Unconjugated Estriol) [Máu]," 190,300   "
Định lượng Estradiol [Máu]," 84,100   "
Định lượng Ethanol (cồn) [Máu]," 33,600   "
Định lượng Ferritin," 84,100   "
Định lượng Ferritin [Máu]," 84,100   "
"Định lượng Fibrinogen (tên khác: Định lượng yếu tố I), phương pháp Clauss- phương pháp trực tiếp, bằng máy bán tự động"," 110,300   "
"Định lượng Fibrinogen (tên khác: Định lượng yếu tố I), phương pháp Clauss- phương pháp trực tiếp, bằng máy tự động"," 110,300   "
"Định lượng Fibrinogen (tên khác: Định lượng yếu tố I), phương pháp gián tiếp, bằng máy bán tự động"," 60,800   "
"Định lượng Fibrinogen (tên khác: Định lượng yếu tố I), phương pháp gián tiếp, bằng máy tự động"," 60,800   "
Định lượng Folate [Máu]," 89,700   "
Định lượng free bHCG (Free Beta Human Chorionic Gonadotropin) [Máu]," 190,300   "
Định lượng Fructosamin [Máu]," 95,300   "
Định lượng FSH (Follicular Stimulating Hormone) [Máu]," 84,100   "
Định lượng FT3 (Free Triiodothyronine) [Máu]," 67,300   "
Định lượng FT4 (Free Thyroxine) [Máu]," 67,300   "
Định lượng Gentamicin [Máu]," 100,900   "
Định lượng Globulin [Máu]," 22,400   "
Định lượng Glucose (niệu)," 14,400   "
Định lượng Glucose [dịch chọc dò]," 13,400   "
Định lượng Glucose [dịch não tủy]," 13,400   "
Định lượng Glucose [Máu]," 22,400   "
Định lượng Haptoglobin," 100,900   "
Định lượng HbA1c [Máu]," 105,300   "
Định lượng HDL-C (High density lipoprotein Cholesterol) [Máu]," 28,000   "
Định lượng Homocystein [Máu]," 151,200   "
Định lượng IgA (Immunoglobuline A) [Máu]," 67,300   "
Định lượng IgE," 67,300   "
Định lượng IgE (Immunoglobuline E) [Máu]," 67,300   "
Định lượng IgG (Immunoglobuline G) [Máu]," 67,300   "
Định lượng IgM (Immunoglobuline M) [Máu]," 67,300   "
Định lượng Insulin [Máu]," 84,100   "
Định lượng Lactat (Acid Lactic) [Máu]," 100,900   "
Định lượng LDL-C (Low density lipoprotein Cholesterol) [Máu]," 28,000   "
Định lượng LH (Luteinizing Hormone) [Máu]," 84,100   "
Định lượng MAU (Micro Albumin Urine) [niệu]," 44,800   "
Định lượng Mg [Máu]," 33,600   "
Định lượng Myoglobin [Máu]," 95,300   "
Định lượng Peptid - C," 178,300   "
Định lượng proBNP (NT-proBNP) [Máu]," 424,700   "
Định lượng Pro-calcitonin [Máu]," 414,700   "
Định lượng Progesteron [Máu]," 84,100   "
Định lượng Prolactin [Máu]," 78,500   "
Định lượng Protein (niệu)," 14,400   "
Định lượng Protein [dịch chọc dò]," 22,400   "
Định lượng Protein [dịch não tủy]," 11,200   "
Định lượng Protein toàn phần [Máu]," 22,400   "
Định lượng PSA toàn phần (Total prostate-Specific Antigen) [Máu]," 95,300   "
Định lượng PSA tự do (Free prostate-Specific Antigen) [Máu]," 89,700   "
Định lượng PTH (Parathyroid Hormon) [Máu]," 246,400   "
Định lượng Phenytoin [Máu]," 84,100   "
Định lượng Phospho (máu)," 22,400   "
Định lượng RF (Rheumatoid Factor) [Máu]," 39,200   "
Định lượng Sắt [Máu]," 33,600   "
Định lượng sắt huyết thanh," 33,600   "
Định lượng T3 (Tri iodothyronine) [Máu]," 67,300   "
Định lượng T4 (Thyroxine) [Máu]," 67,300   "
Định lượng Testosterol [Máu]," 97,500   "
Định lượng Tobramycin [Máu]," 100,900   "
Định lượng TSH (Thyroid Stimulating hormone) [Máu]," 61,700   "
Định lượng Theophylline [Máu]," 84,100   "
Định lượng Transferin," 67,300   "
Định lượng Transferrin [Máu]," 67,300   "
Định lượng Triglycerid (máu) [Máu]," 28,000   "
Định lượng Triglycerid [dịch chọc dò]," 28,000   "
Định lượng Troponin I [Máu]," 78,500   "
Định lượng Troponin T [Máu]," 78,500   "
Định lượng Urê (niệu)," 16,800   "
Định lượng Urê [dịch]," 22,400   "
Định lượng Urê máu [Máu]," 22,400   "
Định lượng Vancomycin [Máu]," 543,000   "
Định lượng vitamin B12," 78,500   "
Định lượng Vitamin B12 [Máu]," 78,500   "
Định lượng β2 microglobulin [Máu]," 78,500   "
Định nhóm máu hệ ABO (kỹ thuật ống nghiệm)," 42,100   "
Định nhóm máu hệ ABO (kỹ thuật phiến đá)," 42,100   "
Định nhóm máu hệ ABO (kỹ thuật trên giấy)," 42,100   "
Định nhóm máu hệ ABO (kỹ thuật trên thẻ)," 62,200   "
Định nhóm máu hệ ABO bằng giấy định nhóm máu để truyền chế phẩm tiểu cầu hoặc huyết tương," 22,200   "
"Định nhóm máu hệ ABO bằng giấy định nhóm máu để truyền máu toàn phần, khối hồng cầu, khối bạch cầu"," 24,800   "
Định nhóm máu hệ ABO trên thẻ định nhóm máu (đã có sẵn huyết thanh mẫu) để truyền chế phẩm tiểu cầu hoặc huyết tương," 31,100   "
"Định nhóm máu hệ ABO trên thẻ định nhóm máu (đã có sẵn huyết thanh mẫu) để truyền máu toàn phần, khối hồng cầu, khối bạch cầu"," 49,700   "
Định nhóm máu hệ Rh(D) (kỹ thuật ống nghiệm)," 33,500   "
Định nhóm máu hệ Rh(D) (kỹ thuật phiến đá)," 33,500   "
Định nhóm máu khó hệ ABO (kỹ thuật ống nghiệm)," 222,700   "
Định nhóm máu khó hệ ABO (kỹ thuật Scangel/Gelcard)," 222,700   "
Định nhóm máu tại giường," 42,100   "
"Định nhóm máu tại giường bệnh trước truyền máu [khối hồng cầu, khối bạch cầu]"," 24,800   "
Định tính Amphetamine (test nhanh) [niệu]," 44,800   "
Định tính chất độc bằng test nhanh (một lần)," 136,000   "
Định tính Marijuana (THC) (test nhanh) [niệu]," 44,800   "
Định tính Morphin (test nhanh) [niệu]," 44,800   "
Định tính Opiate (test nhanh) [niệu]," 44,800   "
Đo áp lực thẩm thấu máu," 112,400   "
Đo các chất khí trong máu," 224,400   "
Đo công suất thể thuỷ tinh nhân tạo bằng siêu âm," 69,400   "
Đo công suất thể thuỷ tinh nhân tạo tự động bằng siêu âm," 69,400   "
Đo chức năng hô hấp," 144,300   "
Đo độ dày giác mạc," 145,500   "
Đo độ lác," 77,000   "
Đo độ sâu tiền phòng," 197,200   "
Đo đường kính giác mạc," 68,000   "
Đo hoạt độ ALP (Alkalin Phosphatase) [Máu]," 22,400   "
Đo hoạt độ ALT (GPT) [Máu]," 22,400   "
Đo hoạt độ Amylase [Máu]," 22,400   "
Đo hoạt độ AST (GOT) [Máu]," 22,400   "
Đo hoạt độ CK (Creatine kinase) [Máu]," 28,000   "
Đo hoạt độ CK-MB ((Isozym MB of Creatine kinase) [Máu]," 39,200   "
Đo hoạt độ Cholinesterase (ChE) [Máu]," 28,000   "
Đo hoạt độ G6PD (Glucose -6 phosphat dehydrogenase) [Máu]," 87,000   "
Đo hoạt độ GGT (Gama Glutamyl Transferase) [Máu]," 20,000   "
Đo hoạt độ GLDH (Glutamat dehydrogenase) [Máu]," 100,900   "
Đo hoạt độ HBDH (Hydroxy butyrat dehydrogenase) [Máu]," 100,900   "
Đo hoạt độ LDH (Lactat dehydrogenase) [dịch chọc dò]," 28,000   "
Đo hoạt độ LDH (Lactat dehydrogenase) [Máu]," 28,000   "
Đo hoạt độ Lipase [Máu]," 61,700   "
Đo khúc xạ giác mạc ," 41,900   "
Đo khúc xạ giác mạc Javal," 41,900   "
Đo khúc xạ khách quan (soi bóng đồng tử - Skiascope)," 33,600   "
Đo khúc xạ máy," 12,700   "
Đo lactat trong máu," 100,900   "
Đo mật độ xương bằng phương pháp DEXA [2 vị trí]," 148,300   "
Đo nhãn áp ," 31,600   "
Đo sắc giác," 80,600   "
Đo tốc độ phản xạ Hoffmann và sóng F của thần kinh ngoại vi bằng điện cơ," 135,300   "
Đóng mở thông ruột non," 3,993,400   "
Đốt điện cuốn mũi dưới [gây tê]," 489,900   "
Đốt lông xiêu," 53,600   "
"Đốt lông xiêu, nhổ lông siêu"," 53,600   "
Đỡ đẻ thường ngôi chỏm," 786,700   "
Đơn bào đường ruột nhuộm soi," 45,500   "
Đơn bào đường ruột soi tươi," 45,500   "
Đường máu mao mạch," 16,000   "
Echinococcus granulosus (Sán dây chó) Ab miễn dịch bán tự động," 321,000   "
Entamoeba histolytica (Amip) Ab miễn dịch bán tự động," 321,000   "
Fasciola (Sán lá gan lớn) Ab miễn dịch bán tự động," 194,700   "
Filaria (Giun chỉ) ấu trùng trong máu nhuộm soi," 45,500   "
Forceps," 1,141,900   "
"Ghép màng ối, kết mạc điều trị loét, thủng giác mạc"," 1,430,500   "
Ghi điện cơ," 135,300   "
Ghi điện cơ bằng điện cực kim," 135,300   "
Ghi điện cơ cấp cứu," 135,300   "
Ghi điện cơ đo tốc độ dẫn truyền vận động và cảm giác của dây thần kinh ngoại biên chi dưới," 135,300   "
Ghi điện cơ đo tốc độ dẫn truyền vận động và cảm giác của dây thần kinh ngoại biên chi trên," 135,300   "
Ghi điện cơ kim," 135,300   "
Ghi điện tim cấp cứu tại giường," 39,900   "
Gnathostoma (Giun đầu gai) Ab miễn dịch bán tự động," 321,000   "
Gọt chai chân (gọt nốt chai) trên người bệnh đái tháo đường," 292,300   "
Gọt giác mạc đơn thuần," 860,200   "
Gỡ dính sau mổ lại," 2,705,700   "
Giác hơi điều trị các chứng đau," 36,700   "
Giác hơi điều trị cảm cúm," 36,700   "
Giác hơi điều trị ngoại cảm phong hàn," 36,700   "
Giác hơi điều trị ngoại cảm phong nhiệt," 36,700   "
Giác hút," 1,141,900   "
"Hạ tinh hoàn ẩn, tinh hoàn lạc chổ"," 2,490,900   "
Hạ thân nhiệt chỉ huy," 2,310,600   "
Hào châm," 76,300   "
HAV Ab test nhanh," 130,500   "
HAV IgM miễn dịch bán tự động," 116,400   "
HAV IgM miễn dịch tự động," 116,400   "
HAV total miễn dịch bán tự động," 110,800   "
HAV total miễn dịch tự động," 110,800   "
HBc IgM miễn dịch bán tự động," 123,400   "
HBc IgM miễn dịch tự động," 123,400   "
HBc total miễn dịch bán tự động," 78,300   "
HBc total miễn dịch tự động," 78,300   "
HBcAb test nhanh," 65,200   "
HBeAb miễn dịch bán tự động," 104,400   "
HBeAb miễn dịch tự động," 104,400   "
HBeAb test nhanh," 65,200   "
HBeAg miễn dịch bán tự động," 104,400   "
HBeAg miễn dịch tự động," 104,400   "
HBeAg test nhanh," 65,200   "
HBsAb định lượng," 126,400   "
HBsAb miễn dịch bán tự động," 78,300   "
HBsAb test nhanh," 65,200   "
HBsAg miễn dịch bán tự động," 81,700   "
HBsAg miễn dịch tự động," 81,700   "
HBsAg test nhanh," 58,600   "
HCV Ab miễn dịch bán tự động," 130,500   "
HCV Ab miễn dịch tự động," 130,500   "
HCV Ab test nhanh," 58,600   "
HCV Ag/Ab miễn dịch bán tự động," 130,500   "
HCV Ag/Ab miễn dịch tự động," 130,500   "
Helicobacter pylori Ab miễn dịch bán tự động," 321,000   "
Helicobacter pylori Ag test nhanh," 171,100   "
HEV Ab test nhanh," 130,500   "
HEV IgG miễn dịch bán tự động," 336,000   "
HEV IgM miễn dịch bán tự động," 336,000   "
HEV IgM test nhanh," 130,500   "
HIV Ab miễn dịch bán tự động," 116,400   "
HIV Ab test nhanh," 58,600   "
HIV Ag/Ab miễn dịch bán tự động," 142,500   "
HIV Ag/Ab miễn dịch tự động," 142,500   "
HIV Ag/Ab test nhanh," 107,300   "
Holter điện tâm đồ," 215,800   "
Holter huyết áp," 215,800   "
Hỗ trợ hô hấp xâm nhập qua nội khí quản [theo giờ thực tế]," 625,000   "
Hồi phục nhịp xoang cho người bệnh loạn nhịp bằng máy sốc điện," 532,400   "
Hồng cầu trong phân test nhanh," 71,600   "
"Hồng cầu, bạch cầu trong phân soi tươi"," 41,700   "
"Hút buồng tử cung do rong kinh, rong huyết"," 236,500   "
Hút dịch khớp gối," 129,600   "
Hút dịch khớp gối dưới hướng dẫn của siêu âm," 144,900   "
Hút đờm hầu họng," 14,100   "
"Hút đờm khí phế quản ở người bệnh sau đặt nội khí quản, mở khí quản, thở máy"," 14,100   "
Hút đờm qua ống nội khí quản bằng catheter một lần," 373,600   "
Hút đờm qua ống nội khí quản/canuyn mở khí quản bằng ống thông kín (có thở máy) (một lần hút)," 373,600   "
Hút đờm qua ống nội khí quản/canuyn mở khí quản bằng ống thông một lần ở người bệnh có thở máy (một lần hút)," 14,100   "
Hút đờm qua ống nội khí quản/canuyn mở khí quản bằng ống thông một lần ở người bệnh không thở máy (một lần hút)," 14,100   "
Hút nang bao hoạt dịch," 129,600   "
Hút nang bao hoạt dịch dưới hướng dẫn của siêu âm," 144,900   "
Hút ổ viêm/áp xe phần mềm," 126,700   "
Hút ổ viêm/áp xe phần mềm dưới hướng dẫn của siêu âm," 171,900   "
"Hút rửa mũi, xoang sau mổ"," 153,600   "
Huyết đồ (bằng máy đếm laser)," 74,600   "
Huyết đồ (bằng máy đếm tổng trở)," 74,600   "
Huyết đồ (bằng phương pháp thủ công)," 70,800   "
"Influenza virus A, B test nhanh"," 185,700   "
Kéo nắn cột sống cổ," 54,800   "
Kéo nắn cột sống thắt lưng," 54,800   "
Kỹ thuật điều trị bàn chân khoèo bẩm sinh theo phương pháp Ponsetti [bột liền]," 257,000   "
Kỹ thuật kéo nắn trị liệu," 54,800   "
Kỹ thuật tập đứng và đi cho người bệnh liệt nửa người," 59,300   "
Kỹ thuật tập sử dụng và điều khiển xe lăn," 33,400   "
Kỹ thuật tập tay và bàn tay cho người bệnh liệt nửa người," 51,800   "
Kỹ thuật thông tiểu ngắt quãng trong phục hồi chức năng tủy sống," 162,700   "
Kỹ thuật xoa bóp toàn thân," 64,900   "
Kỹ thuật xoa bóp vùng," 51,300   "
Khâu cầm máu ổ loét dạ dày," 3,993,400   "
"Khâu cầm máu, thắt mạch máu để cấp cứu chảy máu trong bỏng sâu"," 213,400   "
"Khâu cò mi, tháo cò"," 452,400   "
Khâu củng mạc," 1,322,100   "
Khâu da mi [gây mê]," 1,595,200   "
Khâu da mi đơn giản," 897,100   "
Khâu giác mạc [đơn thuần]," 799,600   "
Khâu kết mạc [gây mê]," 1,595,200   "
"Khâu lại mép mổ giác mạc, củng mạc"," 799,600   "
Khâu lỗ thủng dạ dày tá tràng," 3,993,400   "
"Khâu lỗ thủng dạ dày, tá tràng đơn thuần"," 3,993,400   "
Khâu lỗ thủng đại tràng," 3,993,400   "
Khâu lỗ thủng hoặc khâu vết thương ruột non," 3,993,400   "
"Khâu lỗ thủng, vết thương trực tràng"," 3,993,400   "
Khâu phủ kết mạc," 698,800   "
Khâu phục hồi bờ mi," 813,600   "
"Khâu phục hồi rách cổ tử cung, âm đạo"," 1,663,600   "
"Khâu phục hồi tổn thương đơn giản miệng, họng"," 1,075,700   "
Khâu rách cùng đồ âm đạo," 2,119,400   "
"Khâu tổn thương gân gấp vùng I, III, IV, V"," 3,302,900   "
Khâu tử cung do nạo thủng," 3,054,800   "
Khâu vết rách vành tai," 194,700   "
"Khâu vết thương âm hộ, âm đạo"," 289,500   "
"Khâu vết thương đơn giản vùng đầu, mặt, cổ [tổn thương nông chiều dài < l0 cm]"," 194,700   "
Khâu vết thương lách," 3,433,300   "
Khâu vết thương phần mềm dài dưới 10 cm [tổn thương nông]," 194,700   "
Khâu vết thương phần mềm dài trên 10 cm  [tổn thương nông]," 269,500   "
Khâu vết thương phần mềm vùng đầu cổ [ tổn thương nông chiều dài < l0 cm]," 194,700   "
Khâu vết thương thành bụng," 2,396,200   "
Khâu vết thương vùng môi," 1,509,500   "
Khâu vòng cổ tử cung," 582,500   "
Khí dung đường thở ở người bệnh nặng," 27,500   "
Khí dung mũi họng," 27,500   "
Khí dung thuốc cấp cứu," 27,500   "
Khí dung thuốc cấp cứu (một lần)," 27,500   "
Khí dung thuốc giãn phế quản," 27,500   "
Khí dung thuốc qua thở máy (một lần)," 27,500   "
Khí dung thuốc thở máy," 27,500   "
Khoét chóp cổ tử cung," 3,019,800   "
Làm hậu môn nhân tạo," 2,683,900   "
Làm hậu môn nhân tạo trẻ lớn," 2,683,900   "
"Làm lại thành âm đạo, tầng sinh môn"," 3,116,800   "
"Làm lại vết mổ thành bụng (bục, tụ máu, nhiễm khuẩn...) sau phẫu thuật sản phụ khoa"," 2,833,400   "
Làm Proetz," 69,300   "
Làm thuốc tai," 22,000   "
Làm thuốc vết khâu tầng sinh môn nhiễm khuẩn," 94,600   "
Laser châm," 52,100   "
Lấy calci đông dưới kết mạc," 40,900   "
Lấy calci kết mạc," 40,900   "
Lấy cao răng [hai hàm]," 159,100   "
Lấy dị vật âm đạo," 653,700   "
"Lấy dị vật giác mạc [giác mạc nông, một mắt, gây mê]"," 727,900   "
Lấy dị vật giác mạc sâu [gây mê]," 727,900   "
Lấy dị vật hạ họng," 43,100   "
Lấy dị vật họng miệng," 43,100   "
Lấy dị vật kết mạc," 71,500   "
Lấy dị vật mũi [gây mê]," 705,500   "
Lấy dị vật tai [đơn giản]," 70,300   "
Lấy dị vật trực tràng," 3,993,400   "
Lấy dụng cụ tử cung trong ổ bụng qua đường rạch nhỏ," 3,191,500   "
"Lấy khối máu tụ âm đạo, tầng sinh môn"," 2,501,900   "
Lấy máu tụ tầng sinh môn," 2,501,900   "
Lấy nút biểu bì ống tai ngoài," 70,300   "
Lấy sỏi bàng quang," 4,569,100   "
Lấy sỏi niệu quản đơn thuần," 4,569,100   "
Lấy sỏi niệu quản qua nội soi," 1,010,000   "
Lấy sỏi ống tuyến Stenon đường miệng," 1,051,700   "
Lấy sỏi ống tuyến Wharton đường miệng," 1,051,700   "
Lọc máu cấp cứu (ở người chưa có mở thông động tĩnh mạch)," 1,607,000   "
Lọc máu hấp phụ với than hoạt trong ngộ độc cấp," 1,734,600   "
Lọc máu liên tục cấp cứu (CVVH)," 2,310,600   "
Luyện tập dưỡng sinh," 33,400   "
Mai hoa châm," 83,300   "
Máu lắng (bằng máy tự động)," 37,300   "
Máu lắng (bằng phương pháp thủ công)," 24,800   "
Mổ bóc nhân xơ vú," 1,079,400   "
Mổ quặm bẩm sinh [1 mi  - gây mê]," 1,351,400   "
Mở bao sau bằng phẫu thuật," 680,200   "
Mở bao sau đục bằng laser," 289,500   "
Mở bụng thăm dò," 2,683,900   "
"Mở bụng thăm dò, lau rửa ổ bụng, đặt dẫn lưu"," 2,683,900   "
"Mở bụng thăm dò, sinh thiết"," 2,683,900   "
Mở dạ dày lấy bã thức ăn," 2,683,900   "
Mở dạ dày xử lý tổn thương," 3,993,400   "
Mở khí quản cấp cứu," 759,800   "
Mở khí quản qua da cấp cứu," 759,800   "
Mở khí quản qua da một thì cấp cứu ngạt thở," 759,800   "
Mở khí quản qua màng nhẫn giáp," 759,800   "
Mở khí quản thường quy," 759,800   "
"Mở ống mật chủ lấy sỏi đường mật, dẫn lưu đường mật"," 4,970,100   "
"Mở ống mật chủ lấy sỏi đường mật, không dẫn lưu đường mật"," 4,970,100   "
Mở rộng lỗ sáo," 1,509,500   "
"Mở ruột non lấy dị vật (bã thức ăn, giun, mảnh kim loại,…)"," 3,993,400   "
Mở thông bàng quang," 405,500   "
Mở thông dạ dày," 2,683,900   "
Mở thông hỗng tràng hoặc mở thông hồi tràng," 2,683,900   "
Mở thông túi mật," 2,396,200   "
Múc nội nhãn," 599,800   "
Mycobacterium leprae nhuộm soi," 74,200   "
Mycobacterium tuberculosis Mantoux," 13,000   "
"Nạo sót thai, nạo sót rau sau sảy, sau đẻ"," 376,500   "
Nạo vét hạch D1," 4,287,100   "
Nạo vét lỗ đáo có viêm xương," 694,000   "
Nạo vét lỗ đáo không viêm xương," 649,800   "
Nắn bó bột gãy và trật khớp khuỷu  [bột liền]," 434,600   "
Nắn sai khớp thái dương hàm," 110,800   "
Nắn sai khớp thái dương hàm đến muộn có gây tê," 1,832,000   "
Nắn sống mũi sau chấn thương," 2,804,100   "
"Nặn tuyến bờ mi, đánh bờ mi"," 40,900   "
"Nắn, bó bột bong sụn tiếp khớp khuỷu, khớp cổ tay [bột liền]"," 434,600   "
"Nắn, bó bột gãy 1/3 dưới hai xương cẳng chân  [bột liền]"," 372,700   "
"Nắn, bó bột gãy 1/3 dưới hai xương cẳng tay  [bột liền]"," 372,700   "
"Nắn, bó bột gãy 1/3 dưới thân xương cánh tay  [bột liền]"," 372,700   "
"Nắn, bó bột gãy 1/3 dưới xương đùi  [bột liền]"," 659,600   "
"Nắn, bó bột gãy 1/3 giữa hai xương cẳng chân  [bột liền]"," 372,700   "
"Nắn, bó bột gãy 1/3 giữa hai xương cẳng tay  [bột liền]"," 372,700   "
"Nắn, bó bột gãy 1/3 giữa thân xương cánh tay  [bột liền]"," 372,700   "
"Nắn, bó bột gãy 1/3 trên hai xương cẳng chân  [bột liền]"," 372,700   "
"Nắn, bó bột gãy 1/3 trên hai xương cẳng tay  [bột liền]"," 372,700   "
"Nắn, bó bột gãy 1/3 trên thân xương cánh tay  [bột liền]"," 372,700   "
"Nắn, bó bột gãy 1/3 trên xương đùi  [bột liền]"," 659,600   "
"Nắn, bó bột gãy cổ xương cánh tay  [bột liền]"," 372,700   "
"Nắn, bó bột gãy cổ xương đùi  [bột liền]"," 659,600   "
"Nắn, bó bột gãy Dupuptren  [bột liền]"," 372,700   "
"Nắn, bó bột gãy Dupuytren  [bột liền]"," 372,700   "
"Nắn, bó bột gãy lồi cầu xương đùi  [bột liền]"," 659,600   "
"Nắn, bó bột gãy mâm chày  [bột liền]"," 372,700   "
"Nắn, bó bột gãy Monteggia  [bột liền]"," 372,700   "
"Nắn, bó bột gãy một xương cẳng tay  [bột liền]"," 372,700   "
"Nắn, bó bột gãy Pouteau - Colles  [bột liền]"," 372,700   "
"Nắn, bó bột gãy Pouteau-Colles  [bột liền]"," 372,700   "
"Nắn, bó bột gãy trên lồi cầu xương cánh tay trẻ em độ 3 và độ 1V  [bột liền]"," 372,700   "
"Nắn, bó bột gãy trên lồi cầu xương cánh tay trẻ em độ III và độ IV [bột liền]"," 372,700   "
"Nắn, bó bột gãy xương bàn chân  [bột liền]"," 257,000   "
"Nắn, bó bột gãy xương bàn, ngón tay [bột liền]"," 257,000   "
"Nắn, bó bột gãy xương chày [bột liền]"," 372,700   "
"Nắn, bó bột gãy xương chậu [bột liền]"," 659,600   "
"Nắn, bó bột gãy xương đòn [bột liền]"," 434,600   "
"Nắn, bó bột gãy xương gót"," 167,000   "
"Nắn, bó bột gãy xương ngón chân [bột liền]"," 257,000   "
"Nắn, bó bột trật khớp cổ chân [bột liền]"," 282,000   "
"Nắn, bó bột trật khớp cùng đòn [bột liền]"," 342,000   "
"Nắn, bó bột trật khớp gối [bột liền]"," 282,000   "
"Nắn, bó bột trật khớp háng [bột liền]"," 667,000   "
"Nắn, bó bột trật khớp khuỷu [bột liền]"," 434,600   "
"Nắn, bó bột trật khớp vai [bột liền]"," 342,000   "
"Nắn, bó bột trật khớp xương đòn [bột liền]"," 434,600   "
"Nắn, bó bột trong bong sụn tiếp khớp gối, khớp háng [bột liền]"," 282,000   "
"Nắn, cố định trật khớp háng không có chỉ định phẫu thuật [bột liền]"," 667,000   "
"Nắn, cố định trật khớp háng không chỉ định phẫu thuật [bột liền]"," 667,000   "
Nâng xương chính mũi sau chấn thương [gây mê]," 2,804,100   "
Nong buồng tử cung đặt dụng cụ chống dính," 627,100   "
Nong cổ tử cung do bế sản dịch," 313,500   "
Nong niệu đạo," 273,500   "
Nội soi bàng quang," 575,300   "
Nội soi bàng quang cắt u," 5,030,900   "
Nội soi bàng quang sinh thiết," 720,300   "
Nội soi bàng quang tán sỏi," 1,345,000   "
Nội soi bẻ cuốn mũi dưới," 165,500   "
Nội soi buồng tử cung + nạo buồng tử cung," 4,667,800   "
Nội soi buồng tử cung + sinh thiết buồng tử cung," 4,667,800   "
Nội soi buồng tử cung can thiệp," 4,667,800   "
Nội soi buồng tử cung chẩn đoán," 3,035,700   "
Nội soi can thiệp - cắt 1 polyp ống tiêu hóa < 1 cm," 1,108,300   "
Nội soi can thiệp - cắt polyp ống tiêu hóa > 1 cm hoặc nhiều polyp," 1,743,100   "
"Nội soi can thiệp - gắp giun, dị vật ống tiêu hóa"," 1,743,100   "
Nội soi can thiệp - kẹp clip cầm máu," 798,300   "
Nội soi can thiệp - làm Clo test chẩn đoán nhiễm H.Pylori," 317,000   "
Nội soi can thiệp - tiêm cầm máu," 798,300   "
Nội soi can thiệp - thắt búi giãn tĩnh mạch thực quản bằng vòng cao su," 798,300   "
Nội soi cắt polyp cổ bàng quang," 1,596,600   "
Nội soi cầm máu mũi có sử dụng Meroxeo (2 bên)," 286,500   "
Nội soi cầm máu mũi không sử dụng Meroxeo (1bên)," 216,500   "
"Nội soi cầm máu sau phẫu thuật vùng hạ họng, thanh quản"," 3,045,800   "
Nội soi dạ dày cầm máu," 798,300   "
Nội soi dạ dày thực quản cấp cứu chảy máu tiêu hóa cao để chẩn đoán và điều trị," 798,300   "
Nội soi dạ dày thực quản cấp cứu chẩn đoán và cầm máu," 798,300   "
Nội soi đại tràng sigma," 352,100   "
Nội soi đại tràng sigma không sinh thiết," 352,100   "
Nội soi đại tràng tiêm cầm máu," 656,700   "
Nội soi đại trực tràng toàn bộ ống mềm có dùng thuốc gây mê," 677,500   "
Nội soi đại trực tràng toàn bộ ống mềm có sinh thiết," 468,800   "
Nội soi đại trực tràng toàn bộ ống mềm không sinh thiết," 352,100   "
Nội soi đốt điện cuốn mũi dưới [gây tê]," 489,900   "
Nội soi hạ họng ống cứng chẩn đoán gây tê," 321,400   "
Nội soi hậu môn ống cứng," 169,500   "
Nội soi họng," 40,000   "
Nội soi lấy dị vật mũi gây tê/gây mê [gây mê]," 705,500   "
Nội soi lấy dị vật tai gây mê/[gây mê]," 530,700   "
"Nội soi mở rộng niệu quản, nong rộng niệu quản"," 1,920,900   "
Nội soi mũi," 40,000   "
Nội soi mũi xoang," 40,000   "
"Nội soi ổ bụng để thăm dò, chẩn đoán"," 905,700   "
Nội soi sinh thiết u hốc mũi," 321,400   "
Nội soi sinh thiết u vòm [gây mê]," 1,601,900   "
Nội soi tai," 40,000   "
Nội soi tai mũi họng," 116,100   "
Nội soi tán sỏi niệu đạo," 1,596,600   "
"Nội soi tán sỏi niệu quản (búa khí nén, siêu âm, laser)"," 1,345,000   "
Nội soi thanh quản ống cứng chẩn đoán gây tê," 549,900   "
Nội soi thanh quản ống cứng lấy dị vật gây tê/gây mê  [gây mê]," 754,400   "
Nội soi thực quản - dạ dày - tá tràng cấp cứu," 276,500   "
Nội soi thực quản - dạ dày - tá tràng có sinh thiết," 493,800   "
Nội soi thực quản - dạ dày - tá tràng không sinh thiết," 276,500   "
Nội soi thực quản - dạ dày - tá tràng qua đường mũi," 677,500   "
"Nội soi thực quản - dạ dày, lấy dị vật"," 1,743,100   "
"Nội soi thực quản, dạ dày, tá tràng"," 276,500   "
"Nội soi thực quản, dạ dày, tá tràng kết hợp sinh thiết"," 493,800   "
Nội soi trực tràng - hậu môn thắt trĩ," 283,800   "
Nội soi trực tràng ống cứng không sinh thiết," 169,500   "
Nội soi trực tràng ống mềm," 215,200   "
Nội soi trực tràng ống mềm cấp cứu," 215,200   "
Nội soi trực tràng ống mềm có sinh thiết," 323,500   "
Nội soi trực tràng ống mềm không sinh thiết," 215,200   "
Nội soi trực tràng toàn bộ có sinh thiết," 323,500   "
Nội soi xẻ cổ bàng quang điều trị xơ cứng cổ bàng quang," 2,434,500   "
Nối tắt ruột non - đại tràng hoặc trực tràng," 4,764,100   "
Nối tắt ruột non - ruột non," 4,764,100   "
Nối thông động - tĩnh mạch," 1,176,100   "
Nối thông lệ mũi có hoặc không đặt ống silicon có hoặc không áp thuốc chống chuyển hóa," 1,130,200   "
Nối thông lệ mũi nội soi," 1,130,200   "
Nối vị tràng," 2,917,900   "
Ngâm thuốc YHCT bộ phận," 54,800   "
Ngâm thuốc YHCT toàn thân," 54,800   "
Nghiệm pháp atropin," 215,800   "
Nghiệm pháp Coombs gián tiếp (kỹ thuật ống nghiệm)," 87,000   "
Nghiệm pháp Coombs trực tiếp (kỹ thuật ống nghiệm)," 87,000   "
Nghiệm pháp dung nạp glucose đường uống (100g glucose) 4 mẫu cho người bệnh thai nghén," 166,200   "
Nghiệm pháp dung nạp glucose đường uống (50g glucose) 2 mẫu cho người bệnh thai nghén," 166,200   "
Nghiệm pháp dung nạp glucose đường uống (75g glucose) 3 mẫu cho người bệnh thai nghén," 166,200   "
Nghiệm pháp dung nạp glucose đường uống 2 mẫu không định lượng Insulin," 136,200   "
Nghiệm pháp đánh giá rối loạn nuốt tại giường cho người bệnh tai biến mạch máu não," 144,700   "
Nghiệm pháp hồi phục phế quản với thuốc giãn phế quản," 112,300   "
Nghiệm pháp phát hiện glôcôm," 130,900   "
Nghiệm pháp rượu (Ethanol test)," 31,100   "
Nhét bấc mũi sau," 139,000   "
Nhét bấc mũi trước," 139,000   "
Nhĩ châm," 76,300   "
Nhổ chân răng sữa," 46,600   "
Nhổ chân răng vĩnh viễn," 217,200   "
Nhổ răng sữa," 46,600   "
Nhổ răng thừa," 239,500   "
Nhổ răng vĩnh viễn," 239,500   "
Nhổ răng vĩnh viễn lung lay," 110,600   "
Nhuộm phiến đồ tế bào theo Papanicolaou," 417,200   "
Ôn châm," 76,300   "
Paragonimus (Sán lá phổi) Ab miễn dịch bán tự động," 321,000   "
Plasmodium (Ký sinh trùng sốt rét) Ag test nhanh," 261,000   "
Plasmodium (Ký sinh trùng sốt rét) nhuộm soi định lượng," 35,100   "
Plasmodium (Ký sinh trùng sốt rét) nhuộm soi định tính," 35,100   "
Pneumocystis jirovecii nhuộm soi," 45,500   "
Pneumocystis miễn dịch bán tự động," 391,500   "
Phá thai bằng thuốc cho tuổi thai đến hết 7 tuần," 199,700   "
Phá thai đến hết 7 tuần bằng phương pháp hút chân không," 450,000   "
Phá thai người bệnh có sẹo mổ lấy thai cũ," 700,200   "
Phá thai từ tuần thứ 6 đến hết 12 tuần bằng phương pháp hút chân không," 429,500   "
Phản ứng CRP," 22,400   "
Phản ứng hoà hợp có sử dụng kháng globulin người (kỹ thuật ống nghiệm)," 80,500   "
Phản ứng hoà hợp có sử dụng kháng globulin người (kỹ thuật Scangel/Gelcard trên máy bán tự động)," 80,500   "
Phản ứng Pandy [dịch]," 8,800   "
Phản ứng Rivalta [dịch]," 8,800   "
Phản xạ nhắm mắt và đo tốc độ dẫn truyền vận động của dây thần kinh VII ngoại biên," 135,300   "
Phân tích tế bào máu ngoại vi (bằng phương pháp thủ công)," 39,700   "
"Phẫu thuật áp xe hậu môn, có mở lỗ rò"," 2,816,900   "
Phẫu thuật bảo tồn tử cung do vỡ tử cung," 5,206,200   "
"Phẫu thuật bóc khối lạc nội mạc tử cung ở tầng sinh môn, thành bụng"," 2,949,800   "
Phẫu thuật cắt 1 búi trĩ," 2,816,900   "
Phẫu thuật cắt Amidan," 1,217,100   "
Phẫu thuật cắt Amidan gây tê hoặc gây mê [gây mê]," 1,217,100   "
Phẫu thuật cắt bỏ ngón tay thừa," 3,226,900   "
"Phẫu thuật cắt bỏ u nang vành tai, u bã đậu dái tai [gây mê]"," 1,385,400   "
Phẫu thuật cắt bỏ u ống tai ngoài [gây mê]," 2,122,100   "
"Phẫu thuật cắt cụt cẳng tay, cánh tay"," 3,994,900   "
Phẫu thuật cắt đường thông động - tĩnh mạch chạy thận nhân tạo do biến chứng hoặc sau ghép thận," 3,433,300   "
"Phẫu thuật cắt lọc, xử lý vết thương tầng sinh môn đơn giản"," 2,501,900   "
Phẫu thuật cắt mống mắt chu biên," 570,300   "
Phẫu thuật cắt polyp cổ tử cung," 2,104,900   "
Phẫu thuật cắt phanh lưỡi," 344,200   "
Phẫu thuật cắt phanh má," 344,200   "
Phẫu thuật cắt phanh môi," 344,200   "
Phẫu thuật cắt tử cung đường âm đạo," 4,168,300   "
Phẫu thuật cắt trĩ kinh điển (phương pháp Milligan - Morgan hoặc Ferguson)," 2,816,900   "
Phẫu thuật cắt trĩ kinh điển có sử dụng dụng cụ hỗ trợ," 2,816,900   "
Phẫu thuật cắt u Amidan [dao điện]," 1,761,400   "
Phẫu thuật cắt u lưỡi phần lưỡi di động," 2,289,300   "
"Phẫu thuật cắt u nang răng sinh, u nang sàn mũi"," 1,646,800   "
Phẫu thuật cắt u nhú ống hậu môn (condylome)," 1,509,500   "
Phẫu thuật cắt u sàn miệng," 1,646,800   "
Phẫu thuật cắt u thành bụng," 2,396,200   "
Phẫu thuật cắt u vùng họng miệng," 4,003,900   "
Phẫu thuật cắt u vùng niêm mạc má," 1,075,700   "
Phẫu thuật cắt xoang hơi cuốn mũi giữa," 4,211,900   "
Phẫu thuật cấp cứu vỡ bàng quang," 4,621,100   "
"Phẫu thuật chích, dẫn lưu áp xe cạnh hậu môn đơn giản"," 2,816,900   "
Phẫu thuật chỉnh hình họng màn hầu lưỡi gà (UPPP)," 4,535,700   "
Phẫu thuật chỉnh hình vách ngăn," 3,526,900   "
Phẫu thuật chỉnh sửa sau gãy xương Cal lệch xương," 4,102,500   "
Phẫu thuật chỉnh trục Cal lệch đầu dưới xương quay," 4,102,500   "
Phẫu thuật chửa ngoài tử cung không có choáng," 3,217,800   "
Phẫu thuật chửa ngoài tử cung thể huyết tụ thành nang," 4,197,200   "
Phẫu thuật chửa ngoài tử cung vỡ có choáng," 4,157,300   "
Phẫu thuật dẫn lưu áp xe gan," 3,142,500   "
Phẫu thuật dẫn lưu tối thiểu khoang màng phổi," 1,925,900   "
Phẫu thuật dập nát phần mềm các cơ quan vận động," 5,204,600   "
Phẫu thuật đặt thể thủy tinh nhân tạo (IOL) thì 2 (không cắt dịch kính)," 2,020,300   "
Phẫu thuật điều trị áp xe hậu môn phức tạp," 2,816,900   "
Phẫu thuật điều trị áp xe tồn dư trong ổ bụng," 3,142,500   "
Phẫu thuật điều trị bệnh DE QUER VAIN và ngón tay cò súng," 3,923,600   "
Phẫu thuật điều trị bệnh Verneuil," 2,396,200   "
Phẫu thuật điều trị đứt cơ thắt hậu môn," 2,119,400   "
Phẫu thuật điều trị hội chứng chền ép thần kinh quay," 2,698,800   "
Phẫu thuật điều trị hội chứng chền ép thần kinh trụ," 2,698,800   "
Phẫu thuật điều trị hội chứng ống cổ tay," 2,698,800   "
Phẫu thuật điều trị khớp giả xương thuyền bằng mảnh ghép xương cuống mạch liền," 4,102,500   "
"Phẫu thuật điều trị móng cuộn, móng quặp"," 893,600   "
Phẫu thuật điều trị móng chọc thịt," 893,600   "
Phẫu thuật điều trị rò cạnh hậu môn," 2,816,900   "
Phẫu thuật điều trị rò hậu môn đơn giản," 2,816,900   "
Phẫu thuật điều trị rò hậu môn phức tạp," 2,816,900   "
Phẫu thuật điều trị tắc ruột do bã thức ăn," 3,993,400   "
Phẫu thuật điều trị tắc ruột do dính/dây chằng không cắt nối ruột," 2,705,700   "
Phẫu thuật điều trị thoát vị bẹn ," 3,512,900   "
Phẫu thuật điều trị thoát vị bẹn bằng phương pháp Bassini," 3,512,900   "
Phẫu thuật điều trị thoát vị bẹn bằng phương pháp kết hợp Bassini và Shouldice," 3,512,900   "
Phẫu thuật điều trị thoát vị bẹn bằng phương pháp Lichtenstein," 3,512,900   "
Phẫu thuật điều trị thoát vị bẹn bằng phương pháp Shouldice," 3,512,900   "
Phẫu thuật điều trị thoát vị bẹn tái phát," 3,512,900   "
Phẫu thuật điều trị thoát vị đùi," 3,512,900   "
Phẫu thuật điều trị thoát vị thành bụng khác," 3,512,900   "
Phẫu thuật điều trị trật khớp khuỷu," 4,324,900   "
Phẫu thuật điều trị vết thương - chấn thương mạch máu chi," 3,433,300   "
Phẫu thuật điều trị viêm bao hoạt dịch của gân gấp bàn ngón tay," 3,011,900   "
Phẫu thuật điều trị xoắn ruột," 2,705,700   "
Phẫu thuật gãy Monteggia," 4,102,500   "
Phẫu thuật gãy xương đốt bàn ngón tay," 4,102,500   "
Phẫu thuật gãy xương thuyền bằng Vis Herbert," 4,102,500   "
Phẫu thuật ghép màng sinh học bề mặt nhãn cầu," 1,130,200   "
Phẫu thuật gỡ dính gân duỗi," 3,011,900   "
Phẫu thuật gỡ dính gân gấp," 3,011,900   "
Phẫu thuật kết hợp xương (kết hợp xương) gãy xương bả vai," 4,102,500   "
Phẫu thuật kết hợp xương gãy 2 mắt cá cổ chân," 4,102,500   "
Phẫu thuật kết hợp xương gãy 2 xương cẳng tay," 4,102,500   "
Phẫu thuật kết hợp xương gãy bán phần chỏm xương đùi," 4,102,500   "
Phẫu thuật kết hợp xương gãy bánh chè," 4,324,900   "
Phẫu thuật kết hợp xương gãy bong sụn tiếp đầu dưới xương cánh tay," 4,324,900   "
Phẫu thuật kết hợp xương gãy cổ chân," 4,102,500   "
Phẫu thuật kết hợp xương gãy cổ giải phẫu và phẫu thuật xương cánh tay," 4,102,500   "
Phẫu thuật kết hợp xương gãy cổ mấu chuyển xương đùi," 4,102,500   "
Phẫu thuật kết hợp xương gãy cổ xương bả vai," 4,102,500   "
Phẫu thuật kết hợp xương gãy cổ xương đùi," 4,102,500   "
Phẫu thuật kết hợp xương gãy chỏm đốt bàn và ngón tay," 4,102,500   "
Phẫu thuật kết hợp xương gãy đài quay," 4,102,500   "
Phẫu thuật kết hợp xương gãy đài quay (Gãy cổ xương quay)," 4,102,500   "
Phẫu thuật kết hợp xương gãy đài quay phức tạp," 4,102,500   "
Phẫu thuật kết hợp xương gãy đầu dưới qương quay," 4,102,500   "
Phẫu thuật kết hợp xương gãy đầu dưới xương chày (Pilon)," 4,102,500   "
Phẫu thuật kết hợp xương gãy đầu dưới xương đùi," 4,102,500   "
Phẫu thuật kết hợp xương gãy đầu dưới xương quay," 4,102,500   "
Phẫu thuật kết hợp xương gãy hai mâm chày," 4,102,500   "
Phẫu thuật kết hợp xương gãy Hoffa đàu dưới xương đùi," 4,102,500   "
Phẫu thuật kết hợp xương gãy hở độ II trên và liên lồi cầu xương đùi," 4,324,900   "
Phẫu thuật kết hợp xương gãy liên lồi cầu xương cánh tay," 4,102,500   "
Phẫu thuật kết hợp xương gãy liên mấu chuyển xương đùi," 4,102,500   "
Phẫu thuật kết hợp xương gãy lồi cầu ngoài xương cánh tay [nẹp vít]," 4,102,500   "
Phẫu thuật kết hợp xương gãy lồi cầu ngoài xương đùi," 4,102,500   "
Phẫu thuật kết hợp xương gãy lồi cầu trong xương đùi," 4,102,500   "
Phẫu thuật kết hợp xương gãy lồi cầu xương bàn và ngón tay," 4,102,500   "
Phẫu thuật kết hợp xương gãy lồi cầu xương khớp ngón tay," 4,102,500   "
Phẫu thuật kết hợp xương gãy mắt cá kèm trật khớp cổ chân," 4,102,500   "
Phẫu thuật kết hợp xương gãy mắt cá ngoài," 4,102,500   "
Phẫu thuật kết hợp xương gãy mắt cá trong," 4,102,500   "
Phẫu thuật kết hợp xương gãy mâm chày + thân xương chày," 4,102,500   "
Phẫu thuật kết hợp xương gãy mâm chày ngoài," 4,102,500   "
Phẫu thuật kết hợp xương gãy mâm chày trong," 4,102,500   "
Phẫu thuật kết hợp xương gãy mỏm khuỷu," 4,324,900   "
Phẫu thuật kết hợp xương gãy mỏm khuỷu phức tạp," 4,324,900   "
Phẫu thuật kết hợp xương gãy Monteggia," 4,102,500   "
Phẫu thuật kết hợp xương gãy nèn đốt bàn ngón 5 (bàn chân)," 4,102,500   "
Phẫu thuật kết hợp xương gãy nội khớp đầu dưới xương quay," 4,102,500   "
Phẫu thuật kết hợp xương gãy nội khớp xương khớp ngón tay," 4,102,500   "
Phẫu thuật kết hợp xương gãy Pilon," 4,102,500   "
Phẫu thuật kết hợp xương gãy phức tạp chỏm xương đùi - trật háng," 4,102,500   "
Phẫu thuật kết hợp xương gãy phức tạp khớp khuỷu," 4,102,500   "
Phẫu thuật kết hợp xương gãy phức tạp vùng khuỷu," 4,102,500   "
Phẫu thuật kết hợp xương gãy ròng rọc xương cánh tay," 4,102,500   "
Phẫu thuật kết hợp xương gãy thân 2 xương cẳng chân," 4,102,500   "
Phẫu thuật kết hợp xương gãy thân 2 xương cẳng tay," 4,102,500   "
Phẫu thuật kết hợp xương gãy thân đốt bàn và ngón tay," 4,102,500   "
Phẫu thuật kết hợp xương gãy thân xương cánh tay," 4,102,500   "
Phẫu thuật kết hợp xương gãy thân xương cánh tay cánh tay có liệt TK quay," 4,102,500   "
Phẫu thuật kết hợp xương gãy thân xương cánh tay phức tạp," 4,102,500   "
Phẫu thuật kết hợp xương gãy thân xương chày," 4,102,500   "
Phẫu thuật kết hợp xương gãy thân xương đùi," 4,102,500   "
Phẫu thuật kết hợp xương gãy thân xương đùi," 4,102,500   "
Phẫu thuật kết hợp xương gãy thân xương đùi phức tạp," 4,102,500   "
Phẫu thuật kết hợp xương gãy trật cổ xương cánh tay," 4,102,500   "
Phẫu thuật kết hợp xương gãy trật cổ xương đùi," 4,102,500   "
Phẫu thuật kết hợp xương gãy trật đốt bàn ngón chân," 4,324,900   "
Phẫu thuật kết hợp xương gãy trật khớp cổ tay," 4,324,900   "
Phẫu thuật kết hợp xương gãy trật xương gót," 4,102,500   "
Phẫu thuật kết hợp xương gãy trật xương sên," 4,102,500   "
Phẫu thuật kết hợp xương gãy trên lồi cầu xương cánh tay," 4,102,500   "
Phẫu thuật kết hợp xương gãy trên lồi cầu xương đùi," 4,102,500   "
Phẫu thuật kết hợp xương gãy trên và liên lồi cầu xương đùi," 4,102,500   "
Phẫu thuật kết hợp xương gãy xương đòn," 4,102,500   "
Phẫu thuật kết hợp xương gãy xương đốt bàn ngón tay," 4,102,500   "
Phẫu thuật kết hợp xương gãy xương đốt bàn và đốt ngón chân," 4,102,500   "
Phẫu thuật kết hợp xương gãy xương gót," 4,102,500   "
Phẫu thuật kết hợp xương gãy xương mác đơn thuần," 4,102,500   "
Phẫu thuật kết hợp xương gãy xương quay kèm trật khớp quay trụ dưới," 4,102,500   "
Phẫu thuật kết hợp xương gãy xương sên và trật khớp," 4,102,500   "
Phẫu thuật kết hợp xương khớp giả xương cánh tay," 5,105,100   "
Phẫu thuật kết hợp xương khớp giả xương đòn," 4,102,500   "
Phẫu thuật kết hợp xương trật khớp cổ chân," 4,324,900   "
Phẫu thuật kết hợp xương trật khớp cùng đòn," 4,102,500   "
Phẫu thuật kết hợp xương trật khớp dưới sên," 4,324,900   "
Phẫu thuật kết hợp xương trật khớp Lisfranc," 4,324,900   "
Phẫu thuật kết hợp xương trật khớp ức đòn," 4,102,500   "
Phẫu thuật kết hợp xương trên màn hình tăng sáng," 5,474,500   "
Phẫu thuật khâu đơn giản vết thương vùng mặt cổ," 2,767,900   "
Phẫu thuật khâu phục hồi thành bụng do toác vết mổ," 2,833,400   "
Phẫu thuật khâu treo và triệt mạch trĩ (THD)," 2,816,900   "
Phẫu thuật lác thông thường [1 mắt]," 830,200   "
Phẫu thuật làm mỏm cụt ngón và đốt bàn ngón," 3,226,900   "
Phẫu thuật lấy bỏ u xương," 4,085,900   "
Phẫu thuật lấy đường rò luân nhĩ [gây mê]," 3,209,900   "
Phẫu thuật lấy toàn bộ trĩ vòng," 2,816,900   "
Phẫu thuật lấy toàn bộ xương bánh chè," 3,302,900   "
"Phẫu thuật lấy thai có kèm các kỹ thuật cầm máu (thắt động mạch tử cung, mũi khâu B-lynch…)"," 4,570,200   "
Phẫu thuật lấy thai lần đầu," 2,604,800   "
Phẫu thuật lấy thai lần hai trở lên," 3,376,200   "
Phẫu thuật lấy thể thủy tinh ngoài bao có hoặc không đặt IOL," 1,722,100   "
Phẫu thuật lấy trĩ tắc mạch," 2,816,900   "
Phẫu thuật Longo," 2,507,900   "
Phẫu thuật Longo kết hợp với khâu treo trĩ," 2,507,900   "
"Phẫu thuật mộng có ghép (kết mạc rời tự thân, màng ối...) có hoặc không áp thuốc chống chuyển hóa [gây mê]"," 1,632,200   "
"Phẫu thuật mộng có ghép (kết mạc tự thân, màng ối...) có hoặc không sử dụng keo dán sinh học [gây mê]"," 1,632,200   "
Phẫu thuật mộng đơn thuần," 960,200   "
Phẫu thuật mở bụng bóc u xơ tử cung," 3,628,800   "
Phẫu thuật mở bụng cắt góc tử cung," 3,939,300   "
Phẫu thuật mở bụng cắt tử cung bán phần," 4,308,300   "
Phẫu thuật mở bụng cắt tử cung hoàn toàn," 4,308,300   "
Phẫu thuật mở bụng cắt tử cung hoàn toàn cả khối," 4,308,300   "
Phẫu thuật mở bụng cắt u buồng trứng hoặc cắt phần phụ," 3,217,800   "
Phẫu thuật mở khí quản (Gây tê/ gây mê)," 759,800   "
Phẫu thuật mở lại hốc mổ cầm máu sau phẫu thuật vùng đầu cổ," 3,045,800   "
Phẫu thuật mở lỗ thông mũi xoang qua khe dưới," 1,075,700   "
Phẫu thuật mở rộng điểm lệ," 620,000   "
Phẫu thuật nạo túi lợi," 89,500   "
Phẫu thuật nạo VA gây mê," 852,900   "
Phẫu thuật nạo VA gây mê nội khí quản," 852,900   "
Phẫu thuật nạo VA nội soi," 3,045,800   "
Phẫu thuật nạo vét sụn vành tai," 1,075,700   "
Phẫu thuật nối gân gấp/kéo dài gân (1 gân)," 3,302,900   "
Phẫu thuật nội soi bịt lỗ thủng vách ngăn mũi," 3,526,900   "
Phẫu thuật nội soi bóc u lạc nội mạc tử cung," 5,503,300   "
Phẫu thuật nội soi buồng tử cung cắt polyp," 5,990,300   "
Phẫu thuật nội soi buồng tử cung cắt polyp buồng tử cung," 5,990,300   "
Phẫu thuật nội soi buồng tử cung lấy dị vật buồng tử cung," 5,990,300   "
Phẫu thuật nội soi cắt cuốn dưới," 4,211,900   "
Phẫu thuật nội soi cắt hoạt mạc viêm khớp gối," 3,602,500   "
Phẫu thuật nội soi cắt lọc sụn khớp gối," 3,602,500   "
Phẫu thuật nội soi cắt polyp mũi [gây mê]," 705,900   "
Phẫu thuật nội soi cắt phần phụ," 5,503,300   "
Phẫu thuật nội soi cắt ruột thừa," 2,818,700   "
Phẫu thuật nội soi cắt ruột thừa + rửa bụng," 2,818,700   "
Phẫu thuật nội soi cắt sụn chêm," 3,602,500   "
Phẫu thuật nội soi cắt tinh hoàn trong ổ bụng," 1,596,600   "
Phẫu thuật nội soi cắt túi mật," 3,431,900   "
"Phẫu thuật nội soi cắt u lành tính thanh quản (papiloma, kén hơi thanh quản,…) (gây tê/gây mê)"," 4,535,700   "
Phẫu thuật nội soi cắt u nang buồng trứng kèm triệt sản," 5,503,300   "
Phẫu thuật nội soi cắt u nang buồng trứng xoắn," 5,503,300   "
"Phẫu thuật nội soi cắt u nang buồng trứng, nang cạnh vòi tử cung"," 5,503,300   "
Phẫu thuật nội soi cắt u nang hạ họng/hố lưỡi thanh thiệt," 3,340,900   "
Phẫu thuật nội soi cầm máu mũi," 2,981,800   "
Phẫu thuật nội soi cầm máu sau nạo VA (gây mê)," 1,075,700   "
Phẫu thuật nội soi cầm máu sau phẫu thuật nội soi mũi xoang," 1,658,900   "
Phẫu thuật nội soi chỉnh hình cuốn mũi dưới," 4,211,900   "
Phẫu thuật nội soi chỉnh hình cuốn mũi giữa," 4,211,900   "
Phẫu thuật nội soi chỉnh hình vách ngăn," 3,526,900   "
Phẫu thuật nội soi chỉnh hình vách ngăn mũi," 3,526,900   "
Phẫu thuật nội soi khâu lỗ thủng tử cung," 5,521,300   "
Phẫu thuật nội soi khâu sụn chêm," 3,602,500   "
Phẫu thuật nội soi khâu thủng dạ dày," 3,136,900   "
Phẫu thuật nội soi lấy dụng cụ tử cung trong ổ bụng," 5,970,800   "
Phẫu thuật nội soi mở dẫn lưu/cắt bỏ u nhày xoang," 5,244,100   "
Phẫu thuật nội soi mở lỗ thông mũi xoang qua khe dưới," 1,075,700   "
Phẫu thuật nội soi mở xoang hàm," 3,180,600   "
Phẫu thuật nội soi mở xoang sàng," 3,180,600   "
Phẫu thuật nội soi nạo sàng trước /sau," 9,076,600   "
Phẫu thuật nội soi nạo V.A," 3,045,800   "
Phẫu thuật nội soi ổ bụng chẩn đoán các bệnh lý phụ khoa," 5,395,300   "
Phẫu thuật nội soi ổ bụng chẩn đoán trong phụ khoa," 5,395,300   "
Phẫu thuật nội soi qua dạ dày cắt polyp dạ dày (Intraluminal Lap Surgery)," 2,913,900   "
Phẫu thuật nội soi tách dính dây thanh," 3,180,600   "
Phẫu thuật nội soi tách dính niêm mạc hốc mũi," 1,646,800   "
Phẫu thuật nội soi tái tạo dây chằng chéo trước bằng gân bánh chè tự thân," 4,594,500   "
Phẫu thuật nội soi tái tạo dây chằng chéo trước bằng gân chân ngỗng," 4,594,500   "
Phẫu thuật nội soi tái tạo lại dây chằng chéo trước," 4,594,500   "
Phẫu thuật nội soi thai ngoài tử cung chưa vỡ," 5,503,300   "
Phẫu thuật nội soi thai ngoài tử cung thể huyết tụ thành nang," 5,503,300   "
Phẫu thuật nội soi thai ngoài tử cung vỡ," 5,503,300   "
Phẫu thuật nội soi thắt tĩnh mạch tinh," 1,596,600   "
Phẫu thuật nội soi thắt/đốt động mạch bướm khẩu cái," 2,981,800   "
Phẫu thuật nội soi triệt sản nữ," 5,186,800   "
Phẫu thuật nội soi u nang buồng trứng," 5,503,300   "
Phẫu thuật nội soi vi phẫu thanh quản cắt u nang/ polyp/ hạt xơ/u hạt dây thanh (gây tê/gây mê)," 3,180,600   "
Phẫu thuật nội soi viêm phần phụ," 7,279,100   "
Phẫu thuật nội soi viêm phúc mạc do viêm ruột thừa," 3,136,900   "
Phẫu thuật nhổ răng khôn mọc lệch có cắt thân chia chân răng," 398,600   "
Phẫu thuật nhổ răng khôn mọc lệch hàm dưới," 398,600   "
Phẫu thuật nhổ răng khôn mọc lệch hàm trên," 398,600   "
Phẫu thuật nhổ răng lạc chỗ," 369,500   "
Phẫu thuật nhổ răng ngầm," 239,500   "
Phẫu thuật phì đại tuyến vú nam," 3,135,800   "
"Phẫu thuật quặm (Panas, Cuenod, Nataf, Trabut) [1 mi  - gây mê]"," 1,351,400   "
Phẫu thuật quặm [1 mi  - gây mê]," 1,351,400   "
Phẫu thuật quặm tái phát [1 mi  - gây mê]," 1,351,400   "
Phẫu thuật rò hậu môn thể đơn giản," 2,816,900   "
"Phẫu thuật rò, nang ống rốn tràng, niệu rốn"," 2,396,200   "
"Phẫu thuật rút nẹp, dụng cụ kết hợp xương"," 1,857,900   "
Phẫu thuật rút ngắn cơ nâng mi trên điều trị sụp mi," 1,402,600   "
Phẫu thuật sinh thiết hạch cổ," 3,340,900   "
Phẫu thuật sửa mỏm cụt chi," 3,226,900   "
Phẫu thuật sửa mỏm cụt ngón tay/ngón chân (1 ngón)," 3,226,900   "
Phẫu thuật sửa trục điều trị lệch trục sau gãy đầu dưới xương quay," 4,102,500   "
Phẫu thuật tái tạo miệng sáo do hẹp miệng sáo," 1,509,500   "
Phẫu thuật tán nhuyễn thể thủy tinh bằng siêu âm (phaco) có hoặc không đặt IOL," 2,752,600   "
Phẫu thuật tạo hình bằng các vạt da có cuống mạch liền," 3,720,600   "
Phẫu thuật tạo hình cứng khớp cổ tay sau chấn thương," 2,275,900   "
Phẫu thuật tạo thông động - tĩnh mạch để chạy thận nhân tạo," 3,996,300   "
Phẫu thuật tắc ruột do giun," 3,993,400   "
Phẫu thuật tổn thương gân Achille," 3,302,900   "
Phẫu thuật tổn thương gân cơ chày sau," 3,302,900   "
Phẫu thuật tổn thương gân cơ mác bên," 3,302,900   "
Phẫu thuật tổn thương gân chày trước," 3,302,900   "
Phẫu thuật tổn thương gân duỗi cẳng và bàn ngón tay," 3,302,900   "
Phẫu thuật tổn thương gân duỗi dài ngón I," 3,302,900   "
Phẫu thuật tổn thương gân gấp bàn - cổ tay," 3,302,900   "
Phẫu thuật tổn thương gân gấp của cổ tay và cẳng tay," 3,302,900   "
Phẫu thuật tổn thương gân gấp dài ngón I," 3,302,900   "
Phẫu thuật tháo lồng không cắt ruột," 2,396,200   "
Phẫu thuật thắt các mạch máu lớn ngoại vi," 3,433,300   "
Phẫu thuật thắt động mạch tử cung trong cấp cứu sản phụ khoa," 3,596,900   "
Phẫu thuật thoát vị bẹn hay thành bụng thường," 3,512,900   "
Phẫu thuật thoát vị bẹn nghẹt," 3,512,900   "
Phẫu thuật thoát vị bẹn thường 1 bên ," 3,512,900   "
Phẫu thuật thoát vị rốn nghẹt," 3,512,900   "
Phẫu thuật thoát vị vết mổ cũ thành bụng," 3,512,900   "
Phẫu thuật thủng vách ngăn mũi," 3,526,900   "
Phẫu thuật thương tích phần mềm các cơ quan vận động," 5,204,600   "
Phẫu thuật tràn dịch màng tinh hoàn," 1,509,500   "
Phẫu thuật trĩ nhồi máu nhỏ," 2,816,900   "
Phẫu thuật vá da diện tích từ 5-10 cm²," 3,044,900   "
Phẫu thuật vá nhĩ bằng nội soi," 3,209,900   "
Phẫu thuật vết thương bàn tay," 2,396,200   "
Phẫu thuật vết thương bàn tay tổn thương gân duỗi," 3,302,900   "
"Phẫu thuật vết thương bàn tay, cắt lọc đơn thuần"," 3,226,900   "
Phẫu thuật vết thương phần mềm đơn giản/rách da đầu," 2,767,900   "
Phẫu thuật vết thương phần mềm phức tạp," 5,204,600   "
Phẫu thuật vết thương phần mềm tổn thương gân gấp," 3,302,900   "
Phẫu thuật vết thương phần mềm vùng hàm mặt không thiếu hổng tổ chức," 2,767,900   "
Phẫu thuật viêm ruột thừa," 2,815,900   "
Phẫu thuật viên tấy bao hoạt dịch bàn tay," 3,011,900   "
Phẫu thuật vỡ vật hang do gãy dương vật," 1,509,500   "
Phẫu thuật xoang hàm Caldwell-Luc," 1,646,800   "
"Phẫu thuật xoắn, vỡ tinh hoàn"," 2,490,900   "
Phục hồi cổ răng bằng Composite," 369,500   "
Phương pháp Proetz," 69,300   "
Rạch áp xe mi," 218,500   "
Rạch áp xe túi lệ," 218,500   "
Rạch hoại tử bỏng giải thoát chèn ép," 648,200   "
Rubella virus IgG miễn dịch bán tự động," 130,500   "
Rubella virus IgG miễn dịch tự động," 130,500   "
Rubella virus IgM miễn dịch bán tự động," 156,600   "
Rubella virus IgM miễn dịch tự động," 156,600   "
Rút catheter đường hầm," 194,700   "
Rút đinh các loại," 1,857,900   "
Rút đinh/tháo phương tiện kết hợp xương," 1,857,900   "
Rút nẹp vít và các dụng cụ khác sau phẫu thuật," 1,857,900   "
Rút sonde dẫn lưu bể thận qua da," 194,700   "
Rút sonde dẫn lưu tụ dịch - máu quanh thận," 194,700   "
Rửa bàng quang," 230,500   "
Rửa bàng quang ở người bệnh hồi sức cấp cứu và chống độc," 230,500   "
Rửa cùng đồ," 48,300   "
Rửa chất nhân tiền phòng," 830,200   "
Rửa dạ dày cấp cứu," 152,000   "
Rửa dạ dày loại bỏ chất độc bằng hệ thống kín," 622,500   "
"Rửa tiền phòng (máu, xuất tiết, mủ, hóa chất...)"," 830,200   "
Salmonella Widal," 194,700   "
Sắc thuốc thang," 14,000   "
Schistosoma (Sán máng) Ab miễn dịch bán tự động," 321,000   "
Siêu âm + đo trục nhãn cầu," 90,300   "
Siêu âm các tuyến nước bọt," 58,600   "
Siêu âm can thiệp - chọc dịch ổ bụng xét nghiệm," 195,900   "
Siêu âm cấp cứu tại giường bệnh," 58,600   "
Siêu âm cầu nối động mạch tĩnh mạch," 252,300   "
Siêu âm cơ phần mềm vùng cổ mặt," 58,600   "
Siêu âm dẫn đường đặt catheter động mạch cấp cứu," 58,600   "
Siêu âm dẫn đường đặt catheter tĩnh mạch cấp cứu," 58,600   "
Siêu âm doppler các khối u trong ổ bụng," 89,300   "
Siêu âm doppler động mạch thận," 252,300   "
"Siêu âm doppler động mạch, tĩnh mạch chi dưới"," 252,300   "
Siêu âm doppler gan lách," 89,300   "
Siêu âm doppler hốc mắt," 89,300   "
Siêu âm doppler mạch cấp cứu tại giường," 252,300   "
Siêu âm doppler mạch máu," 252,300   "
Siêu âm doppler mạch máu cấp cứu," 252,300   "
Siêu âm doppler mạch máu hệ tĩnh mạch cửa hoặc mạch máu ổ bụng," 252,300   "
Siêu âm doppler mạch máu khối u gan," 252,300   "
"Siêu âm doppler mạch máu ổ bụng (động mạch chủ, mạc treo tràng trên, thân tạng…)"," 252,300   "
Siêu âm doppler tim," 252,300   "
"Siêu âm doppler tim, van tim"," 252,300   "
"Siêu âm doppler tinh hoàn, mào tinh hoàn hai bên"," 89,300   "
"Siêu âm doppler tĩnh mạch chậu, chủ dưới"," 252,300   "
Siêu âm doppler tuyến vú," 89,300   "
Siêu âm doppler tử cung phần phụ," 89,300   "
"Siêu âm doppler tử cung, buồng trứng qua đường âm đạo"," 252,300   "
"Siêu âm doppler tử cung, buồng trứng qua đường bụng"," 89,300   "
"Siêu âm doppler thai nhi (thai, nhau thai, dây rốn, động mạch tử cung)"," 89,300   "
"Siêu âm doppler u tuyến, hạch vùng cổ"," 89,300   "
Siêu âm doppler xuyên sọ," 252,300   "
"Siêu âm đàn hồi mô (gan, tuyến vú…)"," 89,300   "
Siêu âm đàn hồi mô vú," 89,300   "
Siêu âm đàn hồi nhu mô tuyến giáp," 89,300   "
Siêu âm điều trị," 48,700   "
Siêu âm hạch vùng cổ," 58,600   "
"Siêu âm hệ tiết niệu (thận, tuyến thượng thận, bàng quang, tiền liệt tuyến)"," 58,600   "
Siêu âm hốc mắt," 58,600   "
"Siêu âm khớp (gối, háng, khuỷu, cổ tay….)"," 58,600   "
Siêu âm khớp (một vị trí)," 58,600   "
Siêu âm màng phổi," 58,600   "
Siêu âm màng phổi cấp cứu," 58,600   "
Siêu âm mắt ," 69,700   "
Siêu âm nhãn cầu," 58,600   "
Siêu âm ổ bụng," 58,600   "
"Siêu âm ổ bụng (gan mật, tụy, lách, thận, bàng quang)"," 58,600   "
Siêu âm ổ bụng tại giường cấp cứu," 58,600   "
"Siêu âm ống tiêu hóa (dạ dày, ruột non, đại tràng)"," 58,600   "
"Siêu âm phần mềm (da, tổ chức dưới da, cơ….)"," 58,600   "
Siêu âm phần mềm (một vị trí)," 58,600   "
Siêu âm tại giường," 58,600   "
Siêu âm tim cấp cứu tại giường," 252,300   "
Siêu âm tim doppler," 252,300   "
Siêu âm tim doppler tại giường," 252,300   "
"Siêu âm tim, màng tim qua thành ngực"," 252,300   "
Siêu âm tinh hoàn hai bên," 58,600   "
Siêu âm tuyến giáp," 58,600   "
Siêu âm tuyến vú hai bên," 58,600   "
Siêu âm tử cung buồng trứng qua đường âm đạo," 195,600   "
Siêu âm tử cung buồng trứng qua đường bụng," 58,600   "
Siêu âm tử cung phần phụ," 58,600   "
"Siêu âm thai (thai, nhau thai, nước ối)"," 58,600   "
Siêu âm thai nhi trong 3 tháng cuối," 58,600   "
Siêu âm thai nhi trong 3 tháng đầu," 58,600   "
Siêu âm thai nhi trong 3 tháng giữa," 58,600   "
"Sinh thiết cổ tử cung, âm hộ, âm đạo"," 414,500   "
Sinh thiết hốc mũi," 138,500   "
Sinh thiết tổ chức kết mạc," 151,000   "
Sinh thiết tổ chức mi," 151,000   "
Sinh thiết u họng miệng," 138,500   "
"Soi bàng quang, lấy dị vật, sỏi"," 953,800   "
Soi cổ tử cung," 68,100   "
Soi dạ dày thực quản chẩn đoán và cầm máu," 798,300   "
Soi đáy mắt bằng kính 3 mặt gương," 60,000   "
Soi đáy mắt bằng Schepens," 60,000   "
Soi đáy mắt cấp cứu," 60,000   "
Soi đáy mắt cấp cứu tại giường," 60,000   "
Soi đáy mắt trực tiếp," 60,000   "
Soi góc tiền phòng," 60,000   "
Soi trực tràng," 215,200   "
Sốc điện ngoài lồng ngực cấp cứu," 532,400   "
Streptococcus pyogenes ASO," 45,500   "
Strongyloides stercoralis (Giun lươn) Ab miễn dịch bán tự động," 321,000   "
Strongyloides stercoralis (Giun lươn) ấu trùng soi tươi," 45,500   "
Sử dụng thuốc giải độc trong ngộ độc cấp (chưa kể tiền thuốc)," 172,800   "
Sức bền thẩm thấu hồng cầu," 40,900   "
Taenia (Sán dây) soi tươi định danh," 45,500   "
Tái tạo lệ quản kết hợp khâu mi," 1,644,100   "
"Tạo hình mống mắt (khâu mống mắt, chân mống mắt...)"," 1,260,100   "
Tập các kiểu thở," 32,900   "
Tập do cứng khớp," 56,200   "
"Tập đi trên các địa hình khác nhau (dốc, sỏi, gồ ghề...)"," 33,400   "
Tập đi trên máy thảm lăn (Treadmill)," 33,400   "
Tập đi với bàn xương cá," 33,400   "
Tập đi với chân giả dưới gối," 33,400   "
Tập đi với chân giả trên gối," 33,400   "
Tập đi với gậy," 33,400   "
Tập đi với khung tập đi," 33,400   "
"Tập đi với nạng (nạng nách, nạng khuỷu)"," 33,400   "
Tập đi với thanh song song," 33,400   "
Tập điều hợp vận động," 59,300   "
Tập đứng thăng bằng tĩnh và động," 59,300   "
Tập ho có trợ giúp," 32,900   "
"Tập lên, xuống cầu thang"," 33,400   "
Tập luyện với ghế tập cơ 4 đầu đùi," 14,700   "
"Tập mạnh cơ đáy chậu (cơ sàn chậu, pelvis floor)"," 318,700   "
Tập nuốt [sử dụng máy]," 173,700   "
Tập ngồi thăng bằng tĩnh và động," 59,300   "
Tập nhược thị," 43,600   "
Tập tạo thuận thần kinh cơ cảm thụ bản thể chức năng," 59,300   "
Tập thăng bằng với bàn bập bênh," 33,400   "
Tập tri giác và nhận thức," 51,400   "
Tập vận động có kháng trở," 59,300   "
Tập vận động có trợ giúp," 59,300   "
Tập vận động đoạn chi 30 phút," 51,800   "
Tập vận động toàn thân 30 phút," 59,300   "
Tập vận động thụ động," 59,300   "
Tập vận động trên bóng," 33,400   "
Tập vận động với các dụng cụ trợ giúp," 33,400   "
Tập với bàn nghiêng," 33,400   "
Tập với dụng cụ quay khớp vai," 33,400   "
Tập với ghế tập mạnh cơ tứ đầu đùi," 14,700   "
Tập với giàn treo các chi," 33,400   "
Tập với hệ thống ròng rọc," 14,700   "
Tập với máy tập thăng bằng," 33,400   "
Tập với ròng rọc," 14,700   "
Tập với thang tường," 33,400   "
Tập với xe đạp tập," 14,700   "
Test áp (Patch test) với các loại thuốc," 546,100   "
Test chẩn đoán nhược cơ bằng điện sinh lý," 135,300   "
Test lẩy da (Prick test) với các loại thuốc," 394,800   "
Test nội bì," 493,800   "
Test nhanh phát hiện chất opiat trong nước tiểu," 44,800   "
Test nhanh tìm hồng cầu ẩn trong phân," 71,600   "
Test phát hiện khô mắt," 46,400   "
Test thử cảm giác giác mạc," 46,400   "
"Tế bào học dịch màng bụng, màng tim"," 190,400   "
Tế bào học dịch màng khớp," 190,400   "
Tế bào học nước tiểu," 190,400   "
Tiêm bắp thịt," 15,100   "
Tiêm cạnh nhãn cầu," 55,000   "
Tiêm cân gan chân," 104,400   "
Tiêm dưới da," 15,100   "
Tiêm dưới kết mạc," 55,000   "
Tiêm điểm bám gân lồi cầu trong (lồi cầu ngoài) xương cánh tay," 104,400   "
Tiêm điểm bám gân mỏm cùng vai," 104,400   "
Tiêm điểm bám gân mỏm cùng vai dưới hướng dẫn của siêu âm," 148,700   "
Tiêm điểm bám gân mỏm trâm quay (mỏm trâm trụ)," 104,400   "
Tiêm điểm bám gân mỏm trâm quay (trâm trụ)," 104,400   "
Tiêm điểm bám gân quanh khớp gối," 104,400   "
Tiêm gân gấp ngón tay," 104,400   "
Tiêm gân gấp ngón tay dưới hướng dẫn của siêu âm," 148,700   "
Tiêm gân gót," 104,400   "
Tiêm gân nhị đầu khớp vai," 104,400   "
Tiêm gân nhị đầu khớp vai dưới hướng dẫn của siêu âm," 148,700   "
"Tiêm gân trên gai (dưới gai, gân bao xoay khớp vai)"," 104,400   "
"Tiêm gân trên gai (dưới gai, gân bao xoay khớp vai) dưới hướng dẫn của siêu âm"," 148,700   "
Tiêm hậu nhãn cầu," 55,000   "
Tiêm hội chứng DeQuervain," 104,400   "
Tiêm hội chứng DeQuervain dưới hướng dẫn của siêu âm," 148,700   "
Tiêm hội chứng đường hầm cổ tay," 104,400   "
Tiêm hội chứng đường hầm cổ tay dưới hướng dẫn của siêu âm," 148,700   "
Tiêm khớp bàn ngón chân," 104,400   "
Tiêm khớp bàn ngón chân dưới hướng dẫn của siêu âm," 148,700   "
Tiêm khớp bàn ngón tay," 104,400   "
Tiêm khớp bàn ngón tay dưới hướng dẫn của siêu âm," 148,700   "
Tiêm khớp cổ chân," 104,400   "
Tiêm khớp cổ chân dưới hướng dẫn của siêu âm," 148,700   "
Tiêm khớp cổ tay," 104,400   "
Tiêm khớp cổ tay dưới hướng dẫn của siêu âm," 148,700   "
Tiêm khớp đòn - cùng vai dưới hướng dẫn của siêu âm," 148,700   "
Tiêm khớp đốt ngón tay," 104,400   "
Tiêm khớp đốt ngón tay dưới hướng dẫn của siêu âm," 148,700   "
Tiêm khớp gối," 104,400   "
Tiêm khớp gối dưới hướng dẫn của siêu âm," 148,700   "
Tiêm khớp khuỷu tay," 104,400   "
Tiêm khớp khuỷu tay dưới hướng dẫn của siêu âm," 148,700   "
Tiêm khớp ức - sườn dưới hướng dẫn của siêu âm," 148,700   "
Tiêm khớp ức đòn dưới hướng dẫn của siêu âm," 148,700   "
Tiêm khớp vai," 104,400   "
Tiêm khớp vai dưới hướng dẫn của siêu âm," 148,700   "
Tiêm nội nhãn ," 245,100   "
Tiêm nhu mô giác mạc," 55,000   "
Tiêm tĩnh mạch," 15,100   "
Tiêm trong da," 15,100   "
Tìm giun chỉ trong máu," 37,300   "
Tìm hồng cầu có chấm ưa bazơ," 18,600   "
Tìm ký sinh trùng sốt rét trong máu (bằng phương pháp tập trung hồng cầu nhiễm)," 39,700   "
Tìm ký sinh trùng sốt rét trong máu (bằng phương pháp thủ công)," 39,700   "
Tìm mảnh vỡ hồng cầu," 18,600   "
Tìm tế bào Hargraves," 69,600   "
"Toxocara (Giun đũa chó, mèo) Ab miễn dịch bán tự động"," 321,000   "
Toxoplasma IgG miễn dịch bán tự động," 130,500   "
Toxoplasma IgG miễn dịch tự động," 130,500   "
Toxoplasma IgM miễn dịch bán tự động," 130,500   "
Toxoplasma IgM miễn dịch tự động," 130,500   "
Tổng phân tích nước tiểu (Bằng máy tự động)," 28,600   "
Tổng phân tích tế bào máu ngoại vi (bằng máy đếm laser)," 49,700   "
Tổng phân tích tế bào máu ngoại vi (bằng máy đếm tổng trở)," 43,500   "
Tháo khớp ngón chân trên người bệnh đái tháo đường," 2,872,600   "
Tháo lồng ruột non," 2,705,700   "
Tháo móng quặp trên người bệnh đái tháo đường," 452,800   "
Tháo xoắn ruột non," 2,705,700   "
Thay băng các vết loét hoại tử rộng sau TBMMN," 148,600   "
Thay băng cho các vết thương hoại tử rộng (một lần) [chiều dài từ trên 15 cm đến 30 cm]," 148,600   "
Thay băng điều trị vết bỏng dưới 10% diện tích cơ thể ở người lớn [dưới 10% diện tích cơ thể]," 262,900   "
Thay băng điều trị vết bỏng dưới 10% diện tích cơ thể ở trẻ em [dưới 10% diện tích cơ thể," 262,900   "
Thay băng điều trị vết bỏng từ 10% - 19% diện tích cơ thể ở người lớn," 458,200   "
Thay băng điều trị vết bỏng từ 10% - 19% diện tích cơ thể ở trẻ em," 458,200   "
Thay băng điều trị vết bỏng từ 20% - 39% diện tích cơ thể ở người lớn," 618,300   "
Thay băng điều trị vết thương mạn tính," 279,500   "
Thay băng trên người bệnh đái tháo đường [chiều dài  ≤ 15cm]," 64,300   "
Thay băng vết mổ [chiều dài  ≤ 15cm]," 64,300   "
"Thay băng, cắt chỉ [chiều dài  ≤ 15cm]"," 64,300   "
"Thay băng, cắt chỉ vết mổ"," 40,300   "
Thay canuyn," 263,700   "
Thay canuyn mở khí quản," 263,700   "
Thay huyết tương sử dụng huyết tương," 1,734,600   "
Thay ống nội khí quản," 600,500   "
Thăm dò chức năng hô hấp," 144,300   "
"Thăm dò, khâu vết thương củng mạc"," 1,244,100   "
"Thăm dò, sinh thiết gan"," 2,683,900   "
Thắt tĩnh mạch tinh trên bụng," 1,509,500   "
Thận nhân tạo cấp cứu," 1,607,000   "
"Thận nhân tạo cấp cứu (quả lọc, dây máu 1 lần)"," 1,607,000   "
"Thận nhân tạo chu kỳ (quả lọc, dây máu 6 lần)"," 588,500   "
Thận nhân tạo thường quy," 588,500   "
Theo dõi điện tim cấp cứu tại giường liên tục ," 215,800   "
Theo dõi nhãn áp 3 ngày," 130,900   "
Theo dõi nhịp tim thai và cơn co tử cung bằng monitor sản khoa," 55,000   "
Thể tích khối hồng cầu (hematocrit) bằng máy ly tâm," 18,600   "
Thông bàng quang," 101,800   "
Thông khí nhân tạo CPAP qua van Boussignac [theo giờ thực tế]," 625,000   "
Thông khí nhân tạo không xâm nhập [theo giờ thực tế]," 625,000   "
Thông khí nhân tạo không xâm nhập phương thức BiPAP [theo giờ thực tế]," 625,000   "
Thông khí nhân tạo không xâm nhập phương thức CPAP [theo giờ thực tế]," 625,000   "
Thông khí nhân tạo trong khi vận chuyển [theo giờ thực tế]," 625,000   "
Thông khí nhân tạo xâm nhập [theo giờ thực tế]," 625,000   "
Thông khí nhân tạo xâm nhập phương thức A/C (VCV) [theo giờ thực tế]," 625,000   "
Thông khí nhân tạo xâm nhập phương thức CPAP [theo giờ thực tế]," 625,000   "
Thông khí nhân tạo xâm nhập phương thức PCV [theo giờ thực tế]," 625,000   "
Thông khí nhân tạo xâm nhập phương thức PSV [theo giờ thực tế]," 625,000   "
Thông khí nhân tạo xâm nhập phương thức SIMV [theo giờ thực tế]," 625,000   "
Thông khí nhân tạo xâm nhập phương thức VCV [theo giờ thực tế]," 625,000   "
Thông tiểu," 101,800   "
Thông vòi nhĩ," 98,300   "
Thở máy bằng xâm nhập [theo giờ thực tế]," 625,000   "
"Thở máy không xâm nhập (thở CPAP, thở BiPAP) [theo giờ thực tế]"," 625,000   "
Thời gian máu chảy phương pháp Duke," 13,600   "
Thời gian máu chảy phương pháp Ivy," 52,100   "
"Thời gian prothrombin (PT: Prothrombin Time), (Các tên khác: TQ; Tỷ lệ Prothrombin) bằng máy bán tự động"," 68,400   "
"Thời gian prothrombin (PT: Prothrombin Time), (Các tên khác: TQ; Tỷ lệ Prothrombin) bằng máy tự động"," 68,400   "
"Thời gian prothrombin (PT: Prothrombin Time), (Các tên khác: TQ; Tỷ lệ Prothrombin) phương pháp thủ công"," 59,500   "
Thời gian phục hồi canxi," 33,500   "
Thời gian thrombin (TT: Thrombin Time) bằng máy bán tự động," 43,500   "
Thời gian thrombin (TT: Thrombin Time) bằng máy tự động," 43,500   "
Thời gian thromboplastin một phần hoạt hóa (APTT: Activated Partial Thromboplastin Time) (tên khác: TCK) bằng máy bán tự động," 43,500   "
"Thời gian thromboplastin một phần hoạt hóa (APTT: Activated Partial Thromboplastin Time), (tên khác: TCK) bằng máy tự động"," 43,500   "
"Thủ thuật xoắn polyp cổ tử cung, âm đạo"," 436,200   "
Thụt giữ," 92,400   "
Thụt tháo," 92,400   "
Thụt tháo chuẩn bị sạch đại tràng," 92,400   "
Thụt tháo phân," 92,400   "
Thủy châm," 77,100   "
Thuỷ châm điều trị bại liệt trẻ em," 77,100   "
Thuỷ châm điều trị bệnh tự kỷ ở trẻ em," 77,100   "
Thuỷ châm điều trị bệnh viêm mũi dị ứng," 77,100   "
Thuỷ châm điều trị bí đái cơ năng," 77,100   "
"Thuỷ châm điều trị cảm mạo, cúm"," 77,100   "
Thuỷ châm điều trị cơn động kinh cục bộ," 77,100   "
Thuỷ châm điều trị chậm phát triển trí tuệ ở trẻ bại não," 77,100   "
Thuỷ châm điều trị di tinh," 77,100   "
Thuỷ châm điều trị đái dầm," 77,100   "
Thuỷ châm điều trị đau dây thần kinh liên sườn," 77,100   "
Thuỷ châm điều trị đau dây V," 77,100   "
Thuỷ châm điều trị đau do thoái hóa khớp," 77,100   "
"Thuỷ châm điều trị đau đầu, đau nửa đầu"," 77,100   "
Thuỷ châm điều trị đau hố mắt," 77,100   "
Thuỷ châm điều trị đau liệt tứ chi do chấn thương cột sống," 77,100   "
Thuỷ châm điều trị đau lưng," 77,100   "
Thuỷ châm điều trị đau răng," 77,100   "
Thuỷ châm điều trị đau vai gáy," 77,100   "
Thuỷ châm điều trị giảm thị lực," 77,100   "
Thuỷ châm điều trị giảm thính lực," 77,100   "
Thuỷ châm điều trị hen phế quản," 77,100   "
Thuỷ châm điều trị hội chứng dạ dày tá tràng," 77,100   "
Thuỷ châm điều trị hội chứng ngoại tháp," 77,100   "
Thuỷ châm điều trị hội chứng stress," 77,100   "
Thuỷ châm điều trị hội chứng tiền đình," 77,100   "
Thuỷ châm điều trị hội chứng tiền mãn kinh," 77,100   "
Thuỷ châm điều trị hội chứng thắt lưng- hông," 77,100   "
Thuỷ châm điều trị huyết áp thấp," 77,100   "
Thuỷ châm điều trị khàn tiếng," 77,100   "
Thuỷ châm điều trị lác cơ năng," 77,100   "
Thuỷ châm điều trị liệt chi trên," 77,100   "
Thuỷ châm điều trị liệt dây thần kinh VII ngoại biên," 77,100   "
Thuỷ châm điều trị liệt do tổn thương đám rối cánh tay ở trẻ em," 77,100   "
Thuỷ châm điều trị liệt dương," 77,100   "
Thuỷ châm điều trị liệt hai chi dưới," 77,100   "
Thuỷ châm điều trị liệt nửa người do tai biến mạch máu não," 77,100   "
Thuỷ châm điều trị liệt trẻ em," 77,100   "
Thuỷ châm điều trị loạn chức năng do chấn thương sọ não," 77,100   "
Thuỷ châm điều trị mày đay," 77,100   "
Thuỷ châm điều trị mất ngủ," 77,100   "
Thuỷ châm điều trị nấc," 77,100   "
Thuỷ châm điều trị phục hồi chức năng vận động ở trẻ bại não," 77,100   "
Thuỷ châm điều trị rối loạn cảm giác đầu chi," 77,100   "
Thuỷ châm điều trị rối loạn kinh nguyệt," 77,100   "
Thuỷ châm điều trị rối loạn tiêu hóa," 77,100   "
Thuỷ châm điều trị rối loạn tiểu tiện," 77,100   "
Thuỷ châm điều trị sa dạ dày," 77,100   "
Thuỷ châm điều trị sa tử cung," 77,100   "
Thuỷ châm điều trị sụp mi," 77,100   "
Thuỷ châm điều trị táo bón kéo dài," 77,100   "
Thuỷ châm điều trị tâm căn suy nhược," 77,100   "
Thuỷ châm điều trị thất vận ngôn," 77,100   "
Thuỷ châm điều trị thống kinh," 77,100   "
Thuỷ châm điều trị trĩ," 77,100   "
Thuỷ châm điều trị viêm amydan," 77,100   "
Thuỷ châm điều trị viêm bàng quang," 77,100   "
Thuỷ châm điều trị viêm mũi xoang," 77,100   "
Thuỷ châm điều trị viêm quanh khớp vai," 77,100   "
Thuỷ châm điều trị viêm thần kinh thị giác sau giai đoạn cấp," 77,100   "
Thuỷ châm hỗ trợ điều trị bệnh vẩy nến," 77,100   "
Thuỷ châm hỗ trợ điều trị viêm khớp dạng thấp," 77,100   "
Treponema pallidum RPR định tính và định lượng [định lượng]," 95,100   "
Treponema pallidum test nhanh," 261,000   "
Trích áp xe nhỏ vùng đầu cổ," 218,500   "
Trích áp xe phần mềm lớn," 218,500   "
Trích áp xe quanh Amidan," 295,500   "
Trích áp xe sàn miệng," 295,500   "
Trích áp xe tầng sinh môn," 873,000   "
Trích áp xe tuyến Bartholin," 951,600   "
Trích áp xe thành sau họng," 295,500   "
Trích áp xe vú," 251,500   "
"Trích chắp, lẹo, nang lông mi; trích áp xe mi, kết mạc"," 85,500   "
"Trích chắp, lẹo, trích áp xe mi, kết mạc"," 85,500   "
Trích dẫn lưu túi lệ," 85,500   "
Trích nhọt ống tai ngoài," 218,500   "
Trích rạch áp xe nhỏ," 218,500   "
Trích rạch màng nhĩ," 69,300   "
Trích rạch màng trinh do ứ máu kinh," 885,400   "
"Trích rạch, dẫn lưu ổ áp xe trên người bệnh đái tháo đường"," 218,500   "
Trichinella spiralis (Giun xoắn) Ab miễn dịch bán tự động," 321,000   "
Trichomonas vaginalis nhuộm soi," 45,500   "
Trichomonas vaginalis soi tươi," 45,500   "
Truyền tĩnh mạch," 25,100   "
Trứng giun soi tập trung," 45,500   "
"Trứng giun, sán soi tươi"," 45,500   "
Vá da tạo hình mi," 1,194,100   "
Vá nhĩ đơn thuần," 4,058,900   "
Vận động trị liệu hô hấp," 32,900   "
Vi hệ đường ruột," 32,500   "
Vi khuẩn nuôi cấy và định danh phương pháp thông thường," 261,000   "
Vi khuẩn nhuộm soi," 74,200   "
Vi khuẩn test nhanh," 261,000   "
Vi nấm Ab miễn dịch bán tự động," 321,000   "
Vi nấm Ag miễn dịch bán tự động," 321,000   "
Vi nấm nhuộm soi," 45,500   "
Vi nấm soi tươi," 45,500   "
Vi nấm test nhanh," 261,000   "
Vibrio cholerae nhuộm soi," 74,200   "
Vibrio cholerae soi tươi," 74,200   "
Virus test nhanh," 261,000   "
Xét nghiệm đường máu mao mạch tại giường," 16,000   "
Xét nghiệm đường máu mao mạch tại giường (một lần)," 16,000   "
Xét nghiệm hồng cầu lưới (bằng phương pháp thủ công)," 28,400   "
Xét nghiệm Khí máu [Máu]," 224,400   "
Xét nghiệm số lượng và độ tập trung tiểu cầu (bằng phương pháp thủ công)," 37,300   "
Xét nghiệm tế bào cặn nước tiểu (bằng phương pháp thủ công)," 44,800   "
"Xét nghiệm tế bào trong nước dịch chẩn đoán tế bào học (não tủy, màng tim, màng phổi, màng bụng, dịch khớp, rửa phế quản…) bằng máy phân tích huyết học tự động"," 95,300   "
"Xét nghiệm tế bào trong nước dịch chẩn đoán tế bào học (não tủy, màng tim, màng phổi, màng bụng, dịch khớp, rửa phế quản…) bằng phương pháp thủ công"," 58,300   "
Xét nghiệm tế bào trong nước tiểu (bằng máy tự động)," 44,800   "
Xoa bóp áp lực hơi," 32,900   "
Xoa bóp bằng máy," 39,000   "
Xoa bóp bấm huyệt điều trị béo phì," 76,000   "
Xoa bóp bấm huyệt điều trị bệnh tự kỷ ở trẻ em," 76,000   "
Xoa bóp bấm huyệt điều trị bí đái," 76,000   "
Xoa bóp bấm huyệt điều trị bí đái cơ năng," 76,000   "
Xoa bóp bấm huyệt điều trị cứng khớp chi dưới," 76,000   "
Xoa bóp bấm huyệt điều trị cứng khớp chi trên," 76,000   "
Xoa bóp bấm huyệt điều trị chậm phát triển trí tuệ ở trẻ bại não," 76,000   "
Xoa bóp bấm huyệt điều trị choáng ngất," 76,000   "
"Xoa bóp bấm huyệt điều trị choáng, ngất"," 76,000   "
Xoa bóp bấm huyệt điều trị chứng tic," 76,000   "
Xoa bóp bấm huyệt điều trị chứng tic cơ mặt," 76,000   "
Xoa bóp bấm huyệt điều trị chứng ù tai," 76,000   "
Xoa bóp bấm huyệt điều trị đái dầm," 76,000   "
Xoa bóp bấm huyệt điều trị đau bụng kinh," 76,000   "
Xoa bóp bấm huyệt điều trị đau dạ dày," 76,000   "
Xoa bóp bấm huyệt điều trị đau do thoái hóa khớp," 76,000   "
"Xoa bóp bấm huyệt điều trị đau đầu, đau nửa đầu"," 76,000   "
Xoa bóp bấm huyệt điều trị đau lưng," 76,000   "
Xoa bóp bấm huyệt điều trị đau mỏi cơ," 76,000   "
"Xoa bóp bấm huyệt điều trị đau ngực, sườn"," 76,000   "
Xoa bóp bấm huyệt điều trị đau răng," 76,000   "
Xoa bóp bấm huyệt điều trị đau thần kinh liên sườn," 76,000   "
Xoa bóp bấm huyệt điều trị đau thần kinh toạ," 76,000   "
Xoa bóp bấm huyệt điều trị đau vùng ngực," 76,000   "
Xoa bóp bấm huyệt điều trị động kinh," 76,000   "
Xoa bóp bấm huyệt điều trị giảm đau do ung thư," 76,000   "
Xoa bóp bấm huyệt điều trị giảm đau sau phẫu thuật," 76,000   "
Xoa bóp bấm huyệt điều trị giảm khứu giác," 76,000   "
Xoa bóp bấm huyệt điều trị giảm thị lực," 76,000   "
Xoa bóp bấm huyệt điều trị giảm thị lực do teo gai thị," 76,000   "
Xoa bóp bấm huyệt điều trị giảm thính lực," 76,000   "
Xoa bóp bấm huyệt điều trị hen phế quản," 76,000   "
Xoa bóp bấm huyệt điều trị hội chứng dạ dày- tá tràng," 76,000   "
Xoa bóp bấm huyệt điều trị hội chứng ngoại tháp," 76,000   "
Xoa bóp bấm huyệt điều trị hội chứng phân ly," 76,000   "
Xoa bóp bấm huyệt điều trị hội chứng stress," 76,000   "
Xoa bóp bấm huyệt điều trị hội chứng tiền đình," 76,000   "
Xoa bóp bấm huyệt điều trị hội chứng tiền mãn kinh," 76,000   "
Xoa bóp bấm huyệt điều trị hội chứng thắt lưng- hông," 76,000   "
Xoa bóp bấm huyệt điều trị hội chứng vai gáy," 76,000   "
Xoa bóp bấm huyệt điều trị huyết áp thấp," 76,000   "
Xoa bóp bấm huyệt điều trị hysteria," 76,000   "
Xoa bóp bấm huyệt điều trị lác cơ năng," 76,000   "
Xoa bóp bấm huyệt điều trị liệt," 76,000   "
Xoa bóp bấm huyệt điều trị liệt các dây thần kinh," 76,000   "
Xoa bóp bấm huyệt điều trị liệt chi dưới," 76,000   "
Xoa bóp bấm huyệt điều trị liệt chi trên," 76,000   "
Xoa bóp bấm huyệt điều trị liệt dây thần kinh số VII ngoại biên," 76,000   "
Xoa bóp bấm huyệt điều trị liệt do bệnh của cơ," 76,000   "
Xoa bóp bấm huyệt điều trị liệt do viêm não," 76,000   "
Xoa bóp bấm huyệt điều trị liệt nửa người," 76,000   "
Xoa bóp bấm huyệt điều trị liệt nửa người do tai biến mạch máu não," 76,000   "
Xoa bóp bấm huyệt điều trị liệt tứ chi do chấn thương cột sống," 76,000   "
Xoa bóp bấm huyệt điều trị mất ngủ," 76,000   "
Xoa bóp bấm huyệt điều trị nấc," 76,000   "
"Xoa bóp bấm huyệt điều trị nôn, nấc"," 76,000   "
Xoa bóp bấm huyệt điều trị rối loạn cảm giác," 76,000   "
Xoa bóp bấm huyệt điều trị rối loạn cảm giác đầu chi," 76,000   "
Xoa bóp bấm huyệt điều trị rối loạn cảm giác nông," 76,000   "
Xoa bóp bấm huyệt điều trị rối loạn chức năng do chấn thương sọ não," 76,000   "
Xoa bóp bấm huyệt điều trị rối loạn chức năng vận động do chấn thương sọ não," 76,000   "
"Xoa bóp bấm huyệt điều trị rối loạn đại, tiểu tiện"," 76,000   "
Xoa bóp bấm huyệt điều trị rối loạn kinh nguyệt," 76,000   "
Xoa bóp bấm huyệt điều trị rối loạn tiêu hóa," 76,000   "
Xoa bóp bấm huyệt điều trị rối loạn thần kinh thực vật," 76,000   "
Xoa bóp bấm huyệt điều trị sa trực tràng," 76,000   "
Xoa bóp bấm huyệt điều trị stress," 76,000   "
Xoa bóp bấm huyệt điều trị sụp mi," 76,000   "
Xoa bóp bấm huyệt điều trị táo bón," 76,000   "
Xoa bóp bấm huyệt điều trị tắc tia sữa," 76,000   "
Xoa bóp bấm huyệt điều trị tăng huyết áp," 76,000   "
Xoa bóp bấm huyệt điều trị tâm căn suy nhược," 76,000   "
Xoa bóp bấm huyệt điều trị teo cơ," 76,000   "
Xoa bóp bấm huyệt điều trị tổn thương dây thần kinh V," 76,000   "
"Xoa bóp bấm huyệt điều trị tổn thương rễ, đám rối và dây thần kinh"," 76,000   "
Xoa bóp bấm huyệt điều trị thiếu máu não mạn tính," 76,000   "
Xoa bóp bấm huyệt điều trị thiểu năng tuần hoàn não mạn tính," 76,000   "
Xoa bóp bấm huyệt điều trị thoái hóa khớp," 76,000   "
Xoa bóp bấm huyệt điều trị viêm co cứng cơ delta," 76,000   "
Xoa bóp bấm huyệt điều trị viêm khớp dạng thấp," 76,000   "
Xoa bóp bấm huyệt điều trị viêm mũi xoang," 76,000   "
Xoa bóp bấm huyệt điều trị viêm quanh khớp vai," 76,000   "
Xoa bóp bấm huyệt điều trị viêm thần kinh thị giác sau giai đoạn cấp," 76,000   "
Xoa bóp bấm huyệt hỗ trợ điều trị tăng huyết áp," 76,000   "
Xoa bóp bấm huyệt phục hồi chức năng vận động ở trẻ bại não," 76,000   "
Xoa bóp cục bộ bằng tay ," 51,300   "
Xoa bóp phòng chống loét trong các bệnh thần kinh (một ngày)," 64,900   "
Xoa bóp toàn thân bằng tay ," 64,900   "
Xông hơi thuốc," 50,300   "
Xông thuốc bằng máy," 50,300   "
Xử lý vết thương phần mềm nông vùng mi mắt," 1,043,500   "
"Xử lý vết thương phần mềm, tổn thương nông vùng mắt"," 1,043,500   "
,
,
,
,
,
,
,
,
,
,
,
,
,
,
,
,
,
,
,
,
,
,
,
,
,
,
,
,
,
,
,
,
,
,
,
,
,
,
,
,
,
,
,
,
,
,
,
,
,
,
,
,
,
,
,
,
,
,
,
,
,
,
,
,
,
,
,
,
,
,
,
,
,
,
,
,
,
,
,
,
,
,
,
,
,
,
,
,
,
,
,
,
,
,
,
,
,
,
,
,
,
,
,
,
,
,
,
,
,
,
,
,
,
,
,
,
,
,
,
,
,
,
,
,
,
,
,
,
,
,
,
,
,
,
,
,
,
,
,
,
,
,
,
,
,
,
,
,
,
,
,
,
,
,
,
,
,
,
,
,
,
,
,
,
,
,
,
,
,
,
,
,
,
,
,
,
,
,
,
,
,
,
,
,
,
,
,
,
,
,
,
,
,
,
,
,
,
,
,
,
,
,
,
,
,
,
,
,
,
,
,
,
,
,
,
,
,
,
,
,
,
,
,
,
,
,
,
,
,
,
,
,
,
,
,
,
,
,
,
,
,
,
,
,
,
,
,
,
