Ten dich vu,Gia (VND)
"Khám lâm sàng chung, khám chuyên khoa","100,000"
"Khám lâm sàng chung, khám chuyên khoa [ngoài giờ]","150,000"
Khám cấp cứu,"150,000"
Khám tiêm chủng,"60,000"
Khám Phụ sản,"120,000"
Khám Phụ sản [ngoài giờ],"150,000"
"Khám sức khỏe toàn diện lao động, lái xe, xin việc (không kể xét nghiệm, X-quang...)","150,000"
"Khám sức khỏe toàn diện lao động, lái xe, xin việc (không kể xét nghiệm, X-quang…) [ngoài giờ]","200,000"
Phụ thu giấy khám sức khỏe bổ sung (1 giấy),"10,000"
"Khám sức khỏe toàn diện cho người Việt đi học tập, xuất khẩu lao động nước ngoài (không kể xét nghiệm, X-quang…)","250,000"
Khám sức khỏe cấp giấy phép lao động cho người nước ngoài,"250,000"
"Khám sức khỏe tổng quát (gồm Nội, Ngoại, TMH, Mắt)","150,000"
"Hội chẩn để xác định ca bệnh khó (Chuyên gia/ca) [Chỉ áp dụng đối với trường hợp mời chuyên gia đơn vị khác đến hội chẩn tại cơ sở khám, chữa bệnh]","200,000"
Khám ngoại viện/tại nhà (chưa kể chi phí di chuyển),"300,000"
Phí cấp Giấy chứng nhận thương tích,"100,000"
Phí tóm tắt hồ sơ bệnh án,"200,000"
Phí sao y hồ sơ bệnh án giấy [công an],"200,000"
NGÀY GIƯỜNG BỆNH,
"Ngày giường điều trị Hồi sức tích cực (ICU)
[chưa bao gồm chi phí sử dụng máy thở nếu có]","500,000"
"Ngày giường bệnh Hồi sức cấp cứu 
[chưa bao gồm chi phí sử dụng máy thở]","480,000"
Ngày giường [Phòng Tiêu Chuẩn A],"1,700,000"
Ngày giường [Phòng Tiêu Chuẩn],"1,500,000"
Ngày giường [phòng 1 giường có điều hòa],"1,000,000"
Ngày giường [phòng 2 giường có điều hòa],"550,000"
Ngày giường [phòng 2 giường có điều hòa] [Khoa Sản],"550,000"
Ngày giường [phòng 3 giường có điều hòa],"450,000"
Ngày giường [phòng 3 giường có điều hòa] [Khoa Sản],"450,000"
Ngày giường [phòng 4 - 5 giường có điều hòa],"400,000"
Ngày giường [phòng 4 giường có điều hòa] [Khoa Sản],"400,000"
Ngày giường [phòng 6-7 giường có điều hòa] [Khoa Sản],"360,000"
Ngày giường [phòng 9 - 12 giường có điều hòa],"320,000"
Ngày giường [phòng 10 giường có điều hòa] [Khoa Sản],"320,000"
"Ngày giường [phòng không điều hòa] 
(tùy loại phẫu thuật)","250,000"
Ngày giường [phòng nhi sơ sinh],"300,000"
Ngày giường sưởi ấm sơ sinh,"275,000"
VẬN CHUYỂN,
Cấp cứu ngoại viện bằng xe cấp cứu chuyên dụng,"20,000"
"Cước phí vận chuyển đón người bệnh, đưa người bệnh về [bằng xe cấp cứu]","30,000"
Chuyển bệnh đi trung tâm TP.HCM,"1,000,000"
"Cấp cứu ngoại viện,chuyển bệnh đi trung tâm, đưa, đón người bệnh [Điều dưỡng đi cùng]","350,000"
"Cấp cứu ngoại viện, chuyển bệnh đi trung tâm, đưa, đón người bệnh [Bác sĩ đi cùng]","600,000"
XÉT NGHIỆM,
Xét nghiệm đông máu nhanh tại giường (TC),"25,000"
Xét nghiệm đường máu mao mạch tại giường,"33,000"
Dung nạp đường cho BN thai nghén (75g glucose 3 mẫu),"210,000"
Nghiệm pháp dung nạp glucose đường uống 2 mẫu không định lượng Insulin [Nghiệm pháp dung nạp glucose cho bệnh nhân thường],"210,000"
"Thời gian prothrombin (PT: Prothrombin Time), (Các tên khác: TQ; Tỷ lệ Prothrombin) bằng máy tự động","104,000"
"Thời gian thromboplastin một phần hoạt hoá (APTT: Activated Partial Thromboplastin Time), (Tên khác: TCK) bằng máy tự động","93,000"
"Định lượng Fibrinogen (Tên khác: Định lượng yếu tố I), phương pháp Clauss-phương pháp trực tiếp, bằng máy tự động","192,000"
Thời gian máu chảy phương pháp Duke (TS),"25,000"
Định lượng D-Dimer,"517,000"
Định lượng AT/AT III (Anti thrombin/ Anti thrombinIII),"605,000"
Định lượng yếu tố đông máu nội sinh IX,"1,067,000"
Định lượng yếu tố đông máu nội sinh XI,"6,050,000"
Định lượng yếu tố đông máu ngoại sinh VII,"4,290,000"
Định lượng Protein C,"440,000"
Định lượng Protein S,"440,000"
Định lượng Anti Xa,"385,000"
Định lượng Acid Folic (Folate),"176,000"
Định lượng Transferin,"126,000"
Định lượng EPO (Erythropoietin),"286,000"
Định lượng Peptid - C,"231,000"
Định lượng Haptoglobin,"137,000"
Định lượng men G6PD,"165,000"
Định lượng IgA (Immunoglobuline A),"132,000"
Định lượng IgM (Immunoglobuline M),"132,000"
Tổng phân tích tế bào máu ngoại vi (bằng máy đếm laser),"120,000"
Xét nghiệm tế bào học tủy xương,"605,000"
Xét nghiệm hồng cầu lưới (bằng máy đếm laser),"65,000"
Tìm ký sinh trùng sốt rét trong máu (bằng phương pháp thủ công),"165,000"
Tìm ấu trùng giun chỉ trong máu,"88,000"
Máu lắng (bằng máy tự động),"55,000"
Tìm tế bào Hargraves(Le cell),"110,000"
Xét nghiệm tế bào cặn nước tiểu (cặn addis),"110,000"
"Xét nghiệm tế bào trong nước dịch chẩn đoán tế bào học (não tủy, màng tim, màng phổi, màng bụng, dịch khớp, rửa phế quản…) bằng phương pháp thủ công","165,000"
Phản ứng hòa hợp Crossmatch bằng pp gelcard,"165,000"
Định nhóm máu hệ ABO trên thẻ định nhóm máu (đã có sẵn huyết thanh mẫu) để truyền chế phẩm tiểu cầu hoặc huyết tương,"99,000"
Nghiệm pháp Coombs trực tiếp (Kỹ thuật Scangel/Gelcard trên máy bán tự động),"165,000"
Nghiệm pháp Coombs gián tiếp (Kỹ thuật Scangel/Gelcard trên máy bán tự động),"165,000"
Kháng thể kháng dsDNA (anti-dsDNA) bằng kỹ thuật ELISA,"407,000"
Kháng thể kháng nhân (anti-ANA) bằng kỹ thuật ELISA,"462,000"
Điện di huyết sắc tố,"594,000"
Điện di protein huyết thanh,"605,000"
Định lượng ACTH (Adrenocorticotropic hormone) [Máu],"198,000"
Định lượng Acid Uric [Máu],"65,000"
Định lượng ADH (Anti Diuretic Hormone)[ADH],"528,000"
Định lượng Aldosteron [Máu],"737,000"
Định lượng Albumin [Máu],"65,000"
Định lượng Albumin dịch,"65,000"
Đo hoạt độ ALP (Alkalin Phosphatase) [Máu],"65,000"
Đo hoạt độ Amylase [Máu],"65,000"
Định lượng Amoniac (NH3) [Máu],"132,000"
Định lượng Anti - TPO (Anti- thyroid Peroxidase antibodies) [Máu],"330,000"
Định lượng AFP (Alpha Fetoproteine) [Máu],"187,000"
Đo hoạt độ ALT (GPT) [Máu],"65,000"
Đo hoạt độ AST (GOT) [Máu],"65,000"
Định lượng Beta2 microglobulin [Máu],"170,000"
Định lượng bhCG (Beta human Chorionic Gonadotropins) [Máu],"275,000"
Định lượng Bilirubin trực tiếp [Máu],"65,000"
Bilirubin gián tiếp,"65,000"
Định lượng Bilirubin toàn phần [Máu],"65,000"
Định lượng BNP (B- Type Natriuretic Peptide) [Máu],"875,000"
Định lượng Calci toàn phần [Máu],"40,000"
Định lượng CA125 (cancer antigen 125) [Máu],"308,000"
Định lượng CA 19 - 9 (Carbohydrate Antigen 19-9) [Máu],"308,000"
Định lượng CA 15 - 3 (Cancer Antigen 15-3) [Máu],"330,000"
Định lượng CA 72 - 4 (Cancer Antigen 72-4) [Máu],"286,000"
Định lượng Ceruloplasmin [Máu],"137,000"
Định lượng CEA (Carcino Embryonic Antigen) [Máu],"220,000"
Đo hoạt độ Cholinesterase (ChE) [Máu],"65,000"
Định lượng Cholesterol toàn phần (máu),"65,000"
Đo hoạt độ CK (Creatine kinase) [Máu],"110,000"
Đo hoạt độ CK-MB (Isozym MB of Creatine kinase) [Sinh hóa],"168,000"
Định lượng Cortisol (máu),"148,000"
Định lượng Cortisol (niệu),"148,000"
Complement 3 (C3 ),"132,000"
Complement 4 ( C4),"132,000"
Phản ứng CRP,"75,000"
Định lượng Creatinin (máu),"65,000"
Định lượng Cyfra 21- 1 [Máu],"286,000"
Định lượng Vitamin D total [Máu],"467,000"
Định lượng Digoxin [Máu],"247,000"
"Điện giải đồ (Na, K, Cl) [Máu]","120,000"
Định lượng Ethanol (cồn) [Nồng độ rượu trong Máu],"110,000"
Định lượng Estradiol [Máu],"165,000"
Định lượng Ferritin [Máu],"165,000"
Định lượng FSH (Follicular Stimulating Hormone) [Máu],"165,000"
Định lượng FT3 (Free Triiodothyronine) [Máu],"143,000"
Định lượng FT4 (Free Thyroxine) [Máu],"143,000"
Định lượng Growth Hormon (hGH),"269,000"
Định lượng Glucose [Máu],"65,000"
Định lượng Globulin [Máu],"65,000"
Đo hoạt độ GGT (Gama Glutamyl Transferase) [Máu],"65,000"
Định lượng HbA1c [Máu] [Bảo hiểm chi trả 3 tháng/1 lần],"230,000"
Định lượng HDL-C (High density lipoprotein Cholesterol) [Máu],"65,000"
Định lượng Homocystein [Máu],"264,000"
Định lượng IgE (Immunoglobuline E) [Máu],"165,000"
Định lượng IgG (Immunoglobuline G),"126,000"
Định lượng Insulin [Máu],"176,000"
Xét nghiệm Khí máu [Máu],"324,000"
Định lượng Lactat (Acid Lactic) [Máu],"192,000"
Đo hoạt độ Lipase [Máu],"135,000"
Định lượng LH (Luteinizing Hormone) [Máu],"165,000"
Đo hoạt độ LDH (Lactat dehydrogenase) [Máu],"65,000"
Định lượng LDL - C (Low density lipoprotein Cholesterol) [Máu],"65,000"
Định lượng Myoglobin [Máu],"220,000"
Định lượng Mg [Máu],"88,000"
Định lượng proBNP (NT-proBNP) [Máu],"748,000"
Định lượng Phospho (máu),"65,000"
Định lượng Pro-calcitonin [Máu],"759,000"
Định lượng Prolactin [Máu],"165,000"
Định lượng Protein toàn phần [Máu],"65,000"
Định lượng Progesteron [Máu],"165,000"
Định lượng PSA tự do (Free prostate-Specific Antigen) [Máu],"198,000"
Định lượng PSA toàn phần (Total prostate-Specific Antigen) [Máu],"253,000"
Định lượng PTH (Parathyroid Hormon) [Máu],"385,000"
Định lượng Renin activity [Máu],"737,000"
Định lượng RF (Reumatoid Factor) [Máu],"110,000"
Định lượng Sắt [Máu],"82,000"
Định lượng SCC (Squamous cell carcinoma antigen),"297,000"
Định lượng Testosterol [Máu],"148,000"
Thyroglobulin(TG),"209,000"
Định lượng TRAb (TSH Receptor Antibodies) [Máu],"561,000"
Định lượng Triglycerid [Máu],"65,000"
Định lượng Troponin I [Máu],"275,000"
Định lượng TSH (Thyroid Stimulating hormone) [Máu],"148,000"
Định lượng Urê máu [Máu],"65,000"
Định lượng nồng độ Vancomycin,"726,000"
Định lượng Vitamin B12 [Máu],"187,000"
"Điện giải đồ(Na, K, Cl) (niệu)","99,000"
Định lượng Amylase (niệu),"77,000"
Định lượng Axit Uric (niệu),"65,000"
Định lượng Canxi (niệu),"65,000"
Định lượng Catecholamin (niệu),"847,000"
Định lượng Creatinin (niệu),"55,000"
Định lượng Glucose (niệu),"65,000"
Định lượng MAU (Micro Albumin Urine) [niệu],"99,000"
Định tính Morphin (test nhanh)-Heroin[niệu],"100,000"
Định lượng Phospho (niệu),"65,000"
Định lượng Protein (niệu),"65,000"
Định lượng Urê (niệu),"65,000"
Tổng phân tích nước tiểu (Bằng máy tự động),"100,000"
Tổng phân tích nước tiểu toàn phần tự động hoàn toàn (NT 16 thông số và Cặn lắng nước tiểu),"135,000"
Định lượng Clo (dịch não tuỷ),"82,000"
Định lượng Glucose (dịch não tuỷ),"55,000"
Phản ứng Pandy [dịch],"33,000"
Định lượng Protein (dịch não tuỷ),"55,000"
Định lượng Amylase (dịch),"65,000"
Định lượng Glucose (dịch chọc dò),"65,000"
Đo hoạt độ LDH (dịch chọc dò),"55,000"
Định lượng Protein (dịch chọc dò),"65,000"
Phản ứng Rivalta [dịch],"50,000"
CRP định lượng,"120,000"
Soi Đàm [Nhuộm Gram Đàm],"80,000"
Soi trực tiếp [nhuộm Gram-trừ mẫu Đàm],"120,000"
Soi trực tiếp nhuộm soi (nhuộm xanh Methylen),"120,000"
Soi+ nhuộm huyết trắng,"120,000"
Vi khuẩn nuôi cấy và định danh hệ thống tự động,"440,000"
Vi khuẩn kháng thuốc [Kháng sinh đồ],"440,000"
AFB (Đàm kiểm soát)trực tiếp nhuộm Ziehl-Neelsen,"120,000"
AFB trực tiếp nhuộm Ziehl-Neelsen(BK ĐÀM),"120,000"
AFB trực tiếp nhuộm Ziehl-Neelsen(XN TÌM BK),"120,000"
Mycobacterium tuberculosis Real-time PCR (PCR LAO)[bán tự động],"437,000"
PCR Clostridium difficile trong phân,"1,593,000"
"Helicobacter pylori nuôi cấy, định danh và kháng thuốc","1,870,000"
Salmonella Widal,"253,000"
Streptococcus pyogenes ASLO,"110,000"
HBsAg miễn dịch tự động,"220,000"
HBsAb định lượng (Anti-HBs),"308,000"
HBc IgM miễn dịch tự động,"253,000"
HBeAg miễn dịch tự động,"165,000"
HBeAb miễn dịch tự động( Anti HBe),"176,000"
HBV DNA Cobas Taqman(Roche Đ.tính +Đ.Lượng),"1,200,000"
HCV Ab miễn dịch tự động (Anti-HCV),"275,000"
HAV IgM miễn dịch tự động,"275,000"
HAV IgM (nhanh),"88,000"
HEV IgM (nhanh),"165,000"
HIV Ab test nhanh (Anti- HIV nhanh)[sàng lọc nhanh],"110,000"
HIV Ag/Ab miễn dịch tự động (Anti-HIV Elisa),"198,000"
HIV khẳng định (*)[khi xét nghiệm sàng lọc có phản ứng],"385,000"
Dengue virus NS 1Ag test nhanh,"242,000"
Dengue virus IgM/IgG test nhanh,"242,000"
CMV IgM miễn dịch tự động,"242,000"
CMV IgG miễn dịch tự động,"225,000"
CMV Real-time PCR,"1,045,000"
"HSV 1,2 IgM miễn dịch bán tự động","352,000"
"HSV 1,2 IgG miễn dịch bán tự động","352,000"
EBV-VCA IgM miễn dịch bán tự động,"231,000"
EBV-VCA IgG miễn dịch bán tự động,"231,000"
HPV Real-time PCR (định tính và định type HPV-HR)[bán tự động],"860,000"
JEV IgM miễn dịch bán tự động,"880,000"
Rubella virus IgM miễn dịch tự động,"192,000"
Rubella virus IgG miễn dịch tự động,"192,000"
"Hồng cầu, bạch cầu trong phân soi tươi","88,000"
Hồng cầu trong phân test nhanh,"264,000"
"Trứng giun, sán soi tươi","110,000"
Cysticercus cellulosae (Sán lợn) Ab miễn dịch bán tự động,"165,000"
Echinococcus granulosus (Sán dây chó) Ab miễn dịch bán tự động,"165,000"
Entamoeba histolytica (Amip) Ab miễn dịch bán tự động,"165,000"
Fasciola (Sán lá gan lớn) Ab miễn dịch bán tự động,"165,000"
Paragonimus (Sán lá phổi) Ab miễn dịch bán tự động,"165,000"
Plasmodium (Ký sinh trùng sốt rét) Ag test nhanh,"324,000"
Schistosoma (Sán máng) Ab miễn dịch bán tự động,"165,000"
Strongyloides stercoralis (Giun lươn) Ab miễn dịch bán tự động,"165,000"
"Toxocara (Giun đũa chó, mèo) Ab miễn dịch bán tự động","165,000"
Ascaris lumbricoides IgG ( Giun Đũa ),"143,000"
Toxoplasma IgM miễn dịch tự động,"198,000"
Toxoplasma IgG miễn dịch tự động,"198,000"
Trichinella spiralis (Giun xoắn) Ab miễn dịch bán tự động,"209,000"
Vi nấm soi tươi,"120,000"
Cấy Phân,"60,000"
Cấy máu bằng máy,"250,000"
Chọc hút kim nhỏ tuyến giáp(FNA),"385,000"
"Chọc hút kim nhỏ các khối sưng, khối u dưới da (FNA)","385,000"
Chọc hút kim nhỏ các hạch (FNA),"385,000"
Chọc hút kim nhỏ mô mềm (FNA),"330,000"
Nhuộm hai màu Hematoxyline- Eosin (Mẫu lớn) [BHYT không thanh toán cho người bệnh ngoại trú],"561,000"
Nhuộm hai màu Hematoxyline- Eosin (Mẫu nhỏ) [BHYT không thanh toán cho người bệnh ngoại trú],"445,000"
Lấy bệnh phẩm làm phiên đồ tế bào cổ tử cung - âm đạo (pap'smear),"110,000"
Cell block (khối tế bào),"385,000"
HCG (test nhanh),"65,000"
"Định nhóm máu hệ ABO, Rh(D) (Kỹ thuật Scangel/Gelcard trên máy bán tự động)","151,800"
Định lượng AMH (Anti- Mullerian Hormone)[AMH],"726,000"
Định lượng SHBG (Sex Hormon Binding Globulin),"132,000"
HIV Ab test nhanh (Anti- HIV nhanh)[Phụ nữ mang thai],"110,000"
"Điện giải đồ 4TS có Ca2+ [Na+, K+, CL-, Calci ion hóa]","120,000"
HBc total miễn dịch tự động,"198,000"
Xét nghiệm HIT (Heparin Induced Thrombocytopenia)-Ab,"2,220,000"
Phát hiện kháng đông ngoại sinh (TQ hỗn hợp),"272,000"
Độ bảo hòa Transferrin (Transferrin Saturation),"145,000"
HCV đo tải lượng Real-time PCR [Đ.tính +Đ.Lượng],"1,600,000"
Gnathostoma (Giun đầu gai) Ab miễn dịch bán tự động,"133,000"
Định lượng Pro-GRP [Máu],"396,000"
Đo hoạt độ MPO,"581,000"
Tinh dịch đồ (Who 2010),"385,000"
Xét nghiệm sàng lọc sơ sinh 2 yếu tố,"297,000"
Xét nghiệm sàng lọc sơ sinh 3 yếu tố,"330,000"
Sàng lọc tiền sản giật 3 tháng đầu thai kỳ [Placental growth factor (PLGF)],"880,000"
Sàng lọc Tiền Sản Giật 3 tháng giữa hoặc 3 tháng cuối thay kỳ [Tính tỉ sô SFlt-1/PLGF],"1,650,000"
CHẨN ĐOÁN HÌNH ẢNH,
CHỤP X QUANG,
Chụp Xquang sọ thẳng/nghiêng,"160,000"
Chụp Xquang mặt thẳng nghiêng,"220,000"
Chụp Xquang mặt thấp hoặc mặt cao [Số hóa],"160,000"
Chụp Xquang sọ tiếp tuyến [Số hóa],"160,000"
Chụp Xquang hốc mắt thẳng nghiêng [Số hóa 2 phim],"220,000"
Chụp Xquang Blondeau [Số hóa 1 phim],"220,000"
Chụp Xquang Hirtz,"220,000"
Chụp Xquang Hirtz [Số hóa],"220,000"
Chụp Xquang hàm chếch một bên [Số hóa],"160,000"
Chụp Xquang xương chính mũi nghiêng hoặc tiếp tuyến [Số hóa],"220,000"
Chụp Xquang hố yên thẳng hoặc nghiêng [Số hóa],"220,000"
Chụp Xquang Chausse III [Số hóa],"220,000"
Chụp Xquang Schuller [Số hóa],"220,000"
Chụp Xquang Stenvers [Số hóa],"220,000"
Chụp Xquang khớp thái dương hàm [Số hóa],"160,000"
Chụp Xquang răng cận chóp (Periapical) [Chụp X-quang ổ răng hoặc cận chóp],"80,000"
Chụp Xquang răng cánh cắn (Bite wing) [Số hóa],"105,000"
Chụp Xquang mỏm trâm [Số hóa],"160,000"
Chụp Xquang cột sống cổ thẳng nghiêng [Số hóa 1 phim],"220,000"
"Chụp Xquang cột sống cổ thằng nghiêng, chếch hai bên [Số hóa 2 phim]","260,000"
X-Quang - Các đốt sống cổ,"160,000"
Chụp Xquang cột sống cổ chếch hai bên [Số hóa 1 phim],"160,000"
"Chụp Xquang cột sống cổ động, nghiêng 3 tư thế [Số hóa 2 phim]","260,000"
Chụp Xquang cột sống cổ C1-C2 [Số hóa 1 phim],"160,000"
"Chụp Xquang cột sống ngực thẳng nghiêng hoặc chếch [Chếch, số hóa 1 phim]","220,000"
"Chụp Xquang cột sống ngực thẳng nghiêng hoặc chếch [Thẳng nghiêng, số hóa 1 phim]","220,000"
"Chụp Xquang cột sống thắt lưng thẳng nghiêng [Cột sống thắt lưng cùng, Số hóa 1 phim]","220,000"
Chụp Xquang cột sống thắt lưng thẳng nghiêng [Số hóa 1 phim],"220,000"
"Chụp Xquang cột sống thắt lưng thẳng nghiêng, chếch hai bên [Số hóa 2 phim]","260,000"
Chụp Xquang cột sống thắt lưng chếch hai bên [Số hóa 1 phim],"220,000"
Chụp Xquang cột sống thắt lưng L5-S1 thẳng nghiêng [Số hóa 1 phim],"220,000"
"Chụp Xquang cột sống thắt lưng động, gập ưỡn [Số hóa 2 phim]","260,000"
Chụp Xquang cột sống thắt lưng De Sèze [Số hóa],"220,000"
Chụp Xquang cột sống cùng cụt thẳng nghiêng [Số hóa 1 phim],"220,000"
Chụp Xquang khớp cùng chậu thẳng chếch hai bên [Số hóa 3 phim],"300,000"
Chụp Xquang khung chậu thẳng [Số hóa],"220,000"
Chụp Xquang xương đòn thẳng hoặc chếch [Số hóa],"160,000"
Chụp Xquang khớp vai thẳng [Số hóa],"160,000"
Chụp Xquang khớp vai nghiêng hoặc chếch [Số hóa],"160,000"
Chụp Xquang xương bả vai thẳng nghiêng [Số hóa 1 phim],"220,000"
Chụp Xquang xương cánh tay thẳng nghiêng [Số hóa 1 phim],"220,000"
X-Quang - Bàn tay hoặc cổ tay hoặc cẳng tay hoặc khuỷu tay hoặc cánh tay hoặc khớp vai hoặc xương đòn hoặc xương bả vai (hai tư thế),"220,000"
X-Quang - Bàn tay hoặc cổ tay hoặc cẳng tay hoặc khuỷu tay hoặc cánh tay hoặc khớp vai hoặc xương đòn hoặc xương bả vai (một tư thế),"160,000"
"Chụp Xquang khớp khuỷu thẳng, nghiêng hoặc chếch [Số hóa 1 phim]","220,000"
Chụp Xquang khớp khuỷu gập (Jones hoặc Coyle) [Số hóa],"160,000"
Chụp Xquang xương cẳng tay thẳng nghiêng [Số hóa 2 phim],"220,000"
"Chụp Xquang xương cổ tay thẳng, nghiêng hoặc chếch [Số hóa 1 phim]","220,000"
"Chụp Xquang xương bàn ngón tay thẳng, nghiêng hoặc chếch [Số hóa 1 phim]","220,000"
Chụp Xquang khớp háng thẳng hai bên [Số hóa],"160,000"
Chụp Xquang khớp háng nghiêng [Số hóa],"160,000"
Chụp Xquang xương đùi thẳng nghiêng,"220,000"
X-Quang - Cẳng chân hoặc khớp gối hoặc xương đùi hoặc khớp háng (hai tư thế),"220,000"
X-Quang - Cẳng chân hoặc khớp gối hoặc xương đùi hoặc khớp háng (một tư thế),"220,000"
"Chụp Xquang khớp gối thẳng, nghiêng hoặc chếch [Số hóa 1 phim]","220,000"
Chụp Xquang xương bánh chè và khớp đùi bánh chè [Số hóa 2 phim],"260,000"
Chụp Xquang xương cẳng chân thẳng nghiêng [Số hóa 1 phim],"220,000"
"Chụp Xquang xương cổ chân thẳng, nghiêng hoặc chếch","220,000"
"Chụp Xquang xương cổ chân thẳng, nghiêng hoặc chếch [Số hóa 1 phim]","220,000"
X-Quang - Bàn chân hoặc cổ chân hoặc xương gót (hai tư thế),"220,000"
"Chụp Xquang xương bàn, ngón chân thẳng, nghiêng hoặc chếch [Số hóa 1 phim]","220,000"
Chụp Xquang xương gót thẳng nghiêng [Số hóa 2 phim],"260,000"
Chụp Xquang ngực thẳng [Số hóa],"160,000"
"Chụp Xquang ngực thẳng [Tim phổi nghiêng, số hóa, tư thế 2]","160,000"
"Chụp Xquang ngực thẳng [Tim phổi nghiêng, số hóa]","160,000"
"Chụp Xquang ngực thẳng [Tim phổi thẳng, số hóa]","160,000"
Chụp Xquang ngực nghiêng hoặc chếch mỗi bên [Số hóa],"160,000"
"Chụp Xquang xương ức thẳng, nghiêng [Số hóa 1 phim]","220,000"
"Chụp Xquang đỉnh phổi ưỡn [Khớp ức đòn thẳng chếch, số hóa]","220,000"
Chụp Xquang đỉnh phổi ưỡn [Số hóa],"160,000"
"Chụp Xquang đỉnh phổi ưỡn [Xương ức thẳng, nghiêng, số hóa]","160,000"
"Chụp Xquang thực quản cổ nghiêng [Có uống thuốc cản quang, số hóa]","900,000"
"Chụp Xquang bụng không chuẩn bị thẳng hoặc nghiêng [Bụng đứng, số hóa 1 phim]","160,000"
"Chụp Xquang bụng không chuẩn bị thẳng hoặc nghiêng [Chụp hệ tiết niệu,số hóa 1 phim]","160,000"
"Chụp Xquang bụng không chuẩn bị thẳng hoặc nghiêng [Nghiêng, số hóa 1 phim]","160,000"
Chụp Xquang bụng không chuẩn bị thẳng hoặc nghiêng [Số hóa 1 phim],"160,000"
"Chụp Xquang bụng không chuẩn bị thẳng hoặc nghiêng [Thẳng, số hóa 1 phim]","160,000"
Chụp Xquang tuyến vú [Mammography (1 bên)],"220,000"
Chụp Xquang tuyến vú [Mammography (2 bên)],"500,000"
Chụp Xquang tại giường [Số hóa],"500,000"
"Chụp Xquang thực quản dạ dày [Có uống thuốc cản quang, 4 phim]","900,000"
"Chụp Xquang thực quản dạ dày [Có uống thuốc cản quang, số hóa]","900,000"
"Chụp Xquang thực quản dạ dày [Dạ dày, có uống thuốc cản quang, số hóa]","900,000"
"Chụp Xquang thực quản dạ dày [Thực quản ,có uống thuốc cản quang, số hóa]","900,000"
"Chụp Xquang đại tràng [Bơm thuốc cản quang qua đường hậu môn, Số hóa]","900,000"
Chụp Xquang đường mật qua Kehr,"750,000"
Chụp Xquang mật tụy ngược dòng qua nội soi,"1,200,000"
Chụp Xquang đường dò,"630,000"
Chụp Xquang tử cung vòi trứng [Số hóa],"1,370,000"
"Chụp Xquang niệu đồ tĩnh mạch (UIV) [Chụp hệ tiết niệu có tiêm thuốc cản quang, số hóa]","1,200,000"
"Chụp Xquang niệu quản-bể thận ngược dòng [Niệu đạo bàng quang, UPR, số hóa]","1,200,000"
"Chụp Xquang niệu quản-bể thận ngược dòng [UPR, số hóa]","1,200,000"
"Chụp Xquang niệu quản-bể thận ngược dòng [URP, có tiêm thuốc cản quang]","1,200,000"
Chụp Xquang niệu đạo-bàng quang ngược dòng [UCR],"1,200,000"
SIÊU ÂM,
Siêu âm cấp cứu tại giường bệnh,"550,000"
Siêu âm Doppler mạch máu [động mạch cảnh],"360,000"
Siêu âm Doppler mạch máu [Chi trên],"360,000"
Siêu âm Doppler mạch máu,"360,000"
"Siêu âm Doppler mạch máu [Chi trên, nội tim mạch]","360,000"
Siêu âm Doppler tim,"360,000"
"Siêu âm tim, màng tim qua thành ngục [Nội tim mạch]","360,000"
"Siêu âm tim gắng sức (thảm chạy, thuốc)","950,000"
Siêu âm tim qua thực quản,"1,250,000"
Siêu âm tuyến giáp,"216,000"
Siêu âm qua thóp,"180,000"
Siêu âm nhãn cầu,"180,000"
Siêu âm các khối u phổi ngoại vi,"180,000"
"Siêu âm ổ bung (gan mật, tụy, lách, thận, bàng quang) [Siêu âm màu tổng quát]","180,000"
"Siêu âm hệ tiết niệu (thận, tuyến thuợng thận, bàng quang, tiền liệt tuyến) [Đo thể tích nước tiểu tồn lưu]","360,000"
"Siêu âm hệ tiết niệu (thận, tuyến thuợng thận, bàng quang, tiền liệt tuyến) [Nội tim mạch]","360,000"
Siêu âm tiền liệt tuyến qua trực tràng,"312,000"
"Siêu âm thai (thai, nhau thai, nuớc ối)","180,000"
"Siêu âm Doppler mạch máu ổ bụng (động mạch chủ, mạc treo tràng trên, thân tạng...)","360,000"
Siêu âm Doppler động mạch thận,"360,000"
"Siêu âm Doppler thai nhi (thai, nhau thai, dây rốn, động mạch tử cung)","360,000"
"Siêu âm Doppler tĩnh mạch chậu, chủ duới","360,000"
Siêu âm tử cung buồng trứng qua đuờng bụng,"180,000"
Siêu âm tử cung buồng trứng qua đuờng âm đạo,"216,000"
Siêu âm thai nhi trong 3 tháng đầu [Siêu âm đo độ mờ da gáy],"300,000"
Siêu âm thai nhi trong 3 tháng giữa [Siêu âm Doppler màu sản 4D],"468,000"
"Siêu âm khớp (gối, háng, khuỷu, cổ tay....)","180,000"
"Siêu âm phần mềm (da, tổ chức dưới da, cơ..)","216,000"
"Siêu âm Doppler động mạch, tĩnh mạch chi dưới","360,000"
"Doppler động mạch cảnh, Doppler xuyên sọ","360,000"
"Siêu âm tim, màng tim qua thành ngục [Siêu âm màu Doppler tim]","360,000"
Siêu âm tuyến vú hai bên,"216,000"
Siêu âm dương vật,"180,000"
Siêu âm tinh hoàn hai bên,"216,000"
CT SCANNER,
Chụp CLVT sọ não không tiêm thuốc cản quang (từ 1-32 dãy) [CT 4 lát],"1,200,000"
Chụp CLVT sọ não có tiêm thuốc cản quang (từ 1-32 dãy) [CT 4 lát],"1,800,000"
Chụp CLVT hàm-mặt không tiêm thuốc cản quang (từ 1-32 dãy) [CT 4 lát],"1,200,000"
Chụp CLVT hàm-mặt có tiêm thuốc cản quang (từ 1-32 dãy) [CT 4 lát],"1,800,000"
Chụp CLVT tai-xương đá không tiêm thuốc (từ 1-32 dãy) [CT 4 lát],"1,200,000"
"Chụp CLVT hốc mắt (từ 1-32 dãy) [CT 4 lát, không tiêm thuốc cản quang]","1,200,000"
"Chụp CLVT sọ não không tiêm thuốc cản quang (từ 64-128 dãy) [MSCT 160 lát, dựng 3D]","2,780,000"
"Chụp CLVT sọ não có tiêm thuốc cản quang (từ 64-128 dãy) [MSCT 160 lát, dựng 3D]","3,410,000"
"Chụp CLVT hệ động mạch cảnh có tiêm thuốc cản quang (từ 64-128 dãy) [MSCT 160 lát, có tiêm thuốc cản quang, dựng 3D]","3,410,000"
"Chụp CLVT tưới máu não (CT períusion) (từ 64-128 dãy) [MSCT 160 lát, có tiêm thuốc cản quang, dựng 3D]","3,410,000"
"Chụp CLVT mạch máu não (từ 64-128 dãy) [MSCT 160 lát, có tiêm thuốc cản quang, dựng 3D]","3,410,000"
"Chụp CLVT hàm-mặt không tiêm thuốc cản quang (từ 64-128 dãy) [MSCT 160 lát, dựng 3D]","2,780,000"
"Chụp CLVT hàm-mặt có tiêm thuốc cản quang (từ 64-128 dãy) [MSCT 160 lát, dựng 3D]","3,410,000"
"Chụp CLVT tai-xương đá không tiêm thuốc (từ 64-128 dãy) [MSCT 160 lát, dựng 3D]","2,780,000"
"Chụp CLVT tai-xương đá có tiêm thuốc cản quang (từ 64-128 dãy) [MSCT 160 lát, dựng 3D]","3,410,000"
"Chụp CLVT hốc mắt (từ 64-128 dãy) [MSCT 160 lát, có tiêm thuốc cản quang, dựng 3D]","2,990,000"
Chụp cắt lớp vi tính lồng ngực không tiêm thuốc cản quang (từ 1- 32 dãy) [CT 4 lát],"1,200,000"
Chụp cắt lớp vi tính lồng ngực có tiêm thuốc cản quang (từ 1- 32 dãy) [CT 4 lát],"1,800,000"
"Chụp cắt lớp vi tính lồng ngực không tiêm thuốc cản quang (từ 64- 128 dãy) [MSCT 160 lát, dựng 3D]","2,780,000"
"Chụp cắt lớp vi tính lồng ngực có tiêm thuốc cản quang (từ 64- 128 dãy) [MSCT 160 lát, Dựng 3D]","3,410,000"
"Chụp cắt lớp vi tính động mạch phổi (từ 64- 128 dãy) [MSCT 160 lát, có tiêm thuốc cản quang, dựng 3D]","3,410,000"
"Chụp cắt lớp vi tính động mạch chủ ngực (từ 64- 128 dãy) [MSCT 160 lát, có tiêm thuốc cản quang]","3,410,000"
"Chụp cắt lớp vi tính động mạch vành, tim (từ 64- 128 dãy) [MSCT 160 lát, Có tiêm thuốc cản quang]","3,410,000"
"Chụp cắt lớp vi tính tầng trên ổ bụng thường quy (gồm: chụp Cắt lớp vi tính gan-mật, tụy, lách, dạ dày-tá tràng.v.v.) (từ 1-32 dãy) [CT 4 lát]","1,200,000"
"Chụp cắt lớp vi tính tầng trên ổ bụng thường quy (gồm: chụp Cắt lớp vi tính gan-mật, tụy, lách, dạ dày-tá tràng.v.v.) (từ 1-32 dãy) [CT 4 lát, có tiêm thuốc cản quang]","1,800,000"
"Chụp cắt lớp vi tính bụng-tiểu khung thường quy (từ 1-32 dãy) [CT 4 lát, dựng 3D]","1,200,000"
"Chụp cắt lớp vi tính tiểu khung thường quy (gồm: chụp cắt lớp vi tính tử cung-buồng trứng, tiền liệt tuyến, các khối u vùng tiểu khung.v.v.) (từ 1-32 dãy) [CT 4 lát, có tiêm thuốc cản quang]","1,800,000"
Chụp cắt lớp vi tính hệ tiết niệu thường quy (từ 1-32 dãy) [CT 4 lát],"1,200,000"
"Chụp cắt lớp vi tính tầng trên ổ bụng thường quy (gồm: chụp Cắt lớp vi tính gan-mật, tụy, lách, dạ dày-tá tràng.v.v.) (từ 64-128 dãy) [MSCT 160 lát, có tiêm thuốc cản quang, dựng 3D]","3,410,000"
"Chụp cắt lớp vi tính tầng trên ổ bụng thường quy (gồm: chụp Cắt lớp vi tính gan-mật, tụy, lách, dạ dày-tá tràng.v.v.) (từ 64-128 dãy) [MSCT 160 lát, dựng 3D]","2,780,000"
"Chụp cắt lớp vi tính tiểu khung thường quy (gồm: chụp cắt lớp vi tính tử cung-buồng trứng, tiền liệt tuyến, các khối u vùng tiểu khung.v.v.) (từ 64-128 dãy) [MSCT 160 lát, có tiêm thuốc cản quang, dựng 3D]","3,410,000"
"Chụp cắt lớp vi tính hệ tiết niệu thường quy (từ 64-128 dãy) [MSCT 160 lát, có tiêm thuốc cản quang, dựng 3D]","3,410,000"
"Chụp cắt lớp vi tính hệ tiết niệu thường quy (từ 64-128 dãy) [MSCT 160 lát, dựng 3D]","2,780,000"
"Chụp cắt lớp vi tính hệ tiết niệu có khảo sát mạch thận và/hoặc dựng hình đường bài xuất (từ 64-128 dãy) [MSCT 160 lát, có tiêm thuốc cản quang, dựng 3D]","3,410,000"
"Chụp cắt lớp vi tính gan có dựng hình đường mật (từ 64-128 dãy) [MSCT 160 lát, có tiêm thuốc cản quang, dựng 3D]","3,410,000"
"Chụp cắt lớp vi tính động mạch chủ-chậu (từ 64-128 dãy) [MSCT 160 lát, có tiêm thuốc cản quang, dựng 3D]","3,410,000"
Chụp cắt lớp vi tính cột sống cổ không tiêm thuốc cản quang (từ 1- 32 dãy) [CT 4 lát],"1,200,000"
Chụp cắt lớp vi tính cột sống cổ có tiêm thuốc cản quang (từ 1- 32 dãy) [CT 4 lát],"1,800,000"
Chụp cắt lớp vi tính cột sống ngực không tiêm thuốc cản quang (từ 1- 32 dãy) [CT 4 lát],"1,200,000"
Chụp cắt lớp vi tính cột sống ngực có tiêm thuốc cản quang (từ 1- 32 dãy) [CT 4 lát],"1,800,000"
Chụp cắt lớp vi tính cột sống thắt lưng không tiêm thuốc cản quang (từ 1- 32 dãy) [CT 4 lát],"1,200,000"
Chụp cắt lớp vi tính cột sống thắt lưng có tiêm thuốc cản quang (từ 1- 32 dãy) [CT 4 lát],"1,800,000"
"Chụp cắt lớp vi tính cột sống cổ không tiêm thuốc cản quang (từ 64- 128 dãy) [MSCT 160 lát, dựng 3D]","2,780,000"
"Chụp cắt lớp vi tính cột sống cổ có tiêm thuốc cản quang (từ 64- 128 dãy) [MSCT 160 lát, dựng 3D]","3,410,000"
"Chụp cắt lớp vi tính cột sống ngực không tiêm thuốc cản quang (từ 64- 128 dãy) [MSCT 160 lát, dựng 3D]","2,780,000"
"Chụp cắt lớp vi tính cột sống ngực có tiêm thuốc cản quang (từ 64- 128 dãy) [MSCT 160 lát, dựng 3D]","3,410,000"
"Chụp cắt lớp vi tính cột sống thắt lưng không tiêm thuốc cản quang (từ 64- 128 dãy) [MSCT 160 lát, dựng 3D]","2,780,000"
"Chụp cắt lớp vi tính cột sống thắt lưng có tiêm thuốc cản quang (từ 64- 128 dãy) [MSCT 160 lát, dựng 3D]","3,410,000"
"Chụp cắt lớp vi tính khớp thường quy không tiêm thuốc cản quang (từ 64- 128 dãy) [MSCT 160 lát, dựng 3D]","2,780,000"
"Chụp cắt lớp vi tính khớp thường quy có tiêm thuốc cản quang (từ 64- 128 dãy) [MSCT 160 lát, dựng 3D]","3,410,000"
"Chụp cắt lớp vi tính xương chi không tiêm thuốc cản quang (từ 64- 128 dãy) [MSCT 160 lát, dựng 3D]","2,780,000"
"Chụp cắt lớp vi tính xương chi có tiêm thuốc cản quang (từ 64- 128 dãy) [MSCT 160 lát, dựng 3D]","3,410,000"
"Chụp CT Scanner 160 dãy tầm soát toàn thân [MSCT 160 lát, dựng 3D]","3,410,000"
"Chụp cắt lớp vi tính mạch máu chi trên (từ 64- 128 dãy) [MSCT 160 lát, có tiêm thuốc cản quang, dựng 3D]","3,410,000"
"Chụp cắt lớp vi tính mạch máu chi dưới (từ 64- 128 dãy) [MSCT 160 lát, có tiêm thuốc cản quang, dựng 3D]","3,410,000"
"Chụp cắt lớp vi tính mạch máu chi dưới (từ 64- 128 dãy) [MSCT 160 lát, có tiêm thuốc cản quang, dựng 3D,BN suy thận mãn TT loại 2]","3,970,000"
"Chụp CLVT sọ não có tiêm thuốc cản quang (từ 64-128 dãy) [MSCT 160 lát, dựng 3D,BN suy thận mãn TT loại 2]","3,970,000"
"Chụp cắt lớp vi tính mạch máu chi trên (từ 64- 128 dãy) [MSCT 160 lát, có tiêm thuốc cản quang, dựng 3D,BN suy thận mãn TT loại 2]","3,970,000"
"Chụp cắt lớp vi tính lồng ngực có tiêm thuốc cản quang (từ 64- 128 dãy) [MSCT 160 lát, Dựng 3D,BN suy thận mãn TT loại 2]","3,970,000"
"Chụp cắt lớp vi tính tầng trên ổ bụng thường quy (gồm: chụp Cắt lớp vi tính gan-mật, tụy, lách, dạ dày-tá tràng.v.v.) (từ 64-128 dãy) [MSCT 160 lát, có tiêm thuốc cản quang, dựng 3D, BN suy thận mãn TT loại 2]","3,970,000"
"Chụp cắt lớp vi tính động mạch vành, tim (từ 64- 128 dãy) [MSCT 160 lát, Có tiêm thuốc cản quang,BN suy thận mạn, TT loại 2]","3,970,000"
"Chụp cắt lớp vi tính tầng trên ổ ngực thường quy [có tiêm thuốc cản quang] (gồm: chụp Cắt lớp vi tính gan-mật, tụy, lách, dạ dày-tá tràng.v.v.) (từ 64-128 dãy)","3,970,000"
CHỤP MRI,
Chụp cộng hưởng từ sọ não (0.2-1.5T),"2,540,000"
Chụp cộng hưởng từ sọ não có tiêm chất tương phản (0.2-1.5T),"3,170,000"
Chụp cộng hưởng từ não- mạch não không tiêm chất tương phản (0.2-1.5T),"2,540,000"
Chụp cộng hưởng từ não- mạch não có tiêm chất tương phản (0.2-1.5T),"3,170,000"
Chụp cộng hưởng từ tuyến yên có tiêm chất tương phản (khảo sát động học) (0.2-1.5T),"3,170,000"
Chụp cộng hưởng từ hốc mắt và thần kinh thị giác (0.2-1.5T),"2,540,000"
Chụp cộng hưởng từ hốc mắt và thần kinh thị giác có tiêm chất tương phản (0.2-1.5T),"3,170,000"
Chụp cộng hưởng từ tưới máu não (perfusion) (0.2-1.5T),"3,970,000"
Chụp cộng hưởng từ phổ não (spect tính rography) (0.2-1.5T),"3,970,000"
Chụp cộng hưởng từ các bó sợi thần kinh (tractography) hay Chụp Cộng hưởng từ khuếch tán sức căng (DTI - Diffusion Tensor Imaging) (0.2-1.5T),"3,970,000"
Chụp cộng hưởng từ khuếch tán (DWI - Diffusion-weighted Imaging) (0.2-1.5T),"2,540,000"
Chụp cộng hưởng từ đáy sọ và xương đá (0.2-1.5T) [Có thuốc cản quang],"2,540,000"
Chụp cộng hưởng từ vùng mặt - cổ (0.2-1.5T),"2,540,000"
Chụp cộng hưởng từ vùng mặt - cổ có tiêm tương phản (0.2-1.5T),"3,170,000"
Chụp cộng hưởng từ sọ não chức năng (0.2-1.5T),"3,970,000"
Chụp cộng hưởng từ lồng ngực (0.2-1.5T),"2,540,000"
Chụp cộng hưởng từ lồng ngực có tiêm thuốc cản quang (0.2-1.5T),"3,170,000"
Chụp cộng hưởng từ tuyến vú (0.2-1.5T),"2,540,000"
Chụp cộng hưởng từ tuyến vú động học có tiêm tương phản (0.2-1.5T),"3,170,000"
"Chụp cộng hưởng từ tầng bụng không tiêm chất tương phản (gồm: chụp cộng hưởng từ gan-mật, tụy, lách, thận, dạ dày-tá tràng...) (0.2-1.5T)","2,540,000"
"Chụp cộng hưởng từ tầng bụng có tiêm chất tương phản (gồm: chụp cộng hưởng từ gan-mật, tụy, lách, thận, dạ dày-tá tràng...) (0.2-1.5T)","3,170,000"
"Chụp cộng hưởng từ vùng chậu (gồm: chụp cộng hưởng từ tử cung-phần phụ, tiền liệt tuyến, đại tràng chậu hông, trực tràng, các khối u vùng chậu…)","2,540,000"
Chụp cộng hưởng từ vùng chậu dò hậu môn (0.2-1.5T) [Có thuốc cản quang],"3,170,000"
"Chụp cộng hưởng từ vùng chậu (gồm: chụp cộng hưởng từ tử cung-phần phụ, tiền liệt tuyến, đại tràng chậu hông, trực tràng, các khối u vùng chậu...) (0.2-1.5T) [Có thuốc cản quang]","3,170,000"
"Chụp cộng hưởng từ bìu, dương vật (0.2-1.5T)","2,540,000"
"Chụp cộng hưởng từ bìu, dương vật có tiêm chất tương phản (0.2-1.5T)","3,170,000"
"Chụp cộng hưởng từ động học sàn chậu, tống phân (defecography-MR) (0.2-1.5T)","3,170,000"
Chụp cộng hưởng từ ruột non (enteroclysis) (0.2-1.5T) [Có thuốc cản quang],"3,170,000"
Chụp cộng hưởng từ nội soi ảo khung đại tràng (virtual colonoscopy) (0.2-1.5T) [Có thuốc cản quang],"3,170,000"
Chụp cộng hưởng từ tuyến tiền liệt có tiêm tương phản (0.2-1.5T),"3,170,000"
Chụp cộng hưởng từ đánh giá bánh nhau (rau) (0.2-1.5T) [Có thuốc cản quang],"3,170,000"
Chụp cộng hưởng từ thai nhi (0.2-1.5T),"2,540,000"
Chụp cộng hưởng từ gan với chất tương phản đặc hiệu mô (0.2-1.5T),"10,400,000"
Chụp cộng hưởng từ cột sống cổ (0.2-1.5T),"2,540,000"
Chụp cộng hưởng từ cột sống cổ có tiêm tương phản (0.2-1.5T),"3,170,000"
Chụp cộng hưởng từ cột sống ngực (0.2-1.5T),"2,540,000"
Chụp cộng hưởng từ cột sống ngực có tiêm tương phản (0.2-1.5T),"3,170,000"
Chụp cộng hưởng từ cột sống thắt lưng -cùng (0.2-1.5T),"2,540,000"
Chụp cộng hưởng từ cột sống thắt lưng -cùng có tiêm tương phản (0.2-1.5T),"3,170,000"
Chụp cộng hưởng từ khớp (0.2-1.5T),"2,540,000"
Chụp cộng hưởng từ khớp có tiêm tương phản tĩnh mạch (0.2-1.5T),"3,170,000"
Chụp cộng hưởng từ khớp có tiêm tương phản nội khớp (0.2-1.5T),"3,170,000"
Chụp cộng hưởng từ xương và tủy xương (0.2-1.5T),"2,540,000"
Chụp cộng hưởng từ xương và tủy xương có tiêm tương phản (0.2-1.5T),"3,170,000"
Chụp cộng hưởng từ phần mềm chi (0.2-1.5T),"2,540,000"
Chụp cộng hưởng từ phần mềm chi có tiêm tương phản (0.2-1.5T),"3,170,000"
Chụp cộng hưởng từ động mạch chủ-chậu (1.5T) [Có thuốc cản quang],"3,170,000"
Chụp cộng hưởng từ động mạch chủ-ngực (1.5T) [Có thuốc cản quang],"3,170,000"
Chụp cộng hưởng từ động mạch vành (1.5T) [Có thuốc cản quang],"3,170,000"
Chụp cộng hưởng từ tim [Có thuốc cản quang],"4,440,000"
"Chụp cộng hưởng từ tầng trên ổ bụng có khảo sát mạch các tạng (bao gồm mạch: gan, tụy, lách và mạch khối u) (1.5T)","3,170,000"
Chụp cộng hưởng từ động mạch chi trên có tiêm tương phản (1.5T),"3,170,000"
Chụp cộng hưởng từ dây thần kinh ngoại biên (neurography MR) (1.5T),"2,540,000"
Chụp cộng hưởng từ động mạch chi dưới có tiêm tương phản (1.5T),"3,170,000"
NỘI SOI TIÊU HÓA,
"Nội soi thực quản-dạ dày- tá tràng lấy dị vật, điều trị giãn tỉnh mạch thực quản","2,170,000"
Nội soi phế quản ống mềm [có tiền mê],"2,415,000"
Nội soi phế quản ống mềm [gây tê],"1,850,000"
"Nội soi phế quản ống mềm [có tiền mê, có sinh thiết]","2,535,000"
"Nội soi phế quản ống mềm [có gây tê, có sinh thiết]","1,930,000"
"Nội soi phế quản ống mềm [có tiền mê, lấy dị vật]","4,226,000"
Nội soi phế quản ống mềm [gây tê lấy dị vật],"3,620,000"
Nội soi phế quản ống mềm ở người bệnh có thở máy [TT loại 1],"3,620,000"
Nội soi dạ dày cấp cứu (có tiền mê),"2,415,000"
Nội soi dạ dày cấp cứu,"1,950,000"
Nội soi đại trực tràng ống mềm (không sinh thiết),"1,200,000"
"Nội soi đại trực tràng ống mềm (không sinh thiết, có bơm khí CO2)","1,800,000"
"Nội soi đại trực tràng ống mềm (không sinh thiết, có gây mê)","3,050,000"
"Nội soi đại trực tràng ống mềm (không sinh thiết, có tiền mê)","1,850,000"
"Nội soi đại trực tràng ống mềm (không sinh thiết, có tiền mê, có bơm khí CO2)","2,290,000"
"Nội soi đại trực tràng ống mềm (có sinh thiết, có tiền mê)","1,930,000"
"Nội soi đại trực tràng ống mềm (có sinh thiết, có tiền mê, có bơm khí CO2)","2,415,000"
"Nội soi đại trực tràng ống mềm (có sinh thiết, có bơm khí CO2)","1,950,000"
Nội soi đại trực tràng ống mềm (có sinh thiết),"1,400,000"
"Nội soi mật tụy ngược dòng can thiệp - Đặt stent đường mật - tụy [Chưa bao gồm dụng cụ can thiệp: stent, bộ tán sỏi cơ học, rọ lấy dị vật, dao cắt, bóng kéo, bóng nong.] [TT loại DB]","10,600,000"
"Nội soi can thiệp - tiêm cầm máu [TT loại 1, có tiền mê]","3,620,000"
Nội soi can thiệp - tiêm cầm máu [TT loại 1],"3,000,000"
Nội soi can thiệp - cắt 1 polyp ống tiêu hóa < 1cm [TT loại 1],"2,415,000"
"Nội soi thực quản-dạ dày- tá tràng ống mềm (có Clotest, không sinh thiết)","750,000"
"Nội soi thực quản-dạ dày- tá tràng ống mềm (không Clotest, không sinh thiết)","620,000"
"Nội soi thực quản-dạ dày- tá tràng ống mềm (có tiền mê, không Clotest, không sinh thiết)","1,270,000"
"Nội soi thực quản-dạ dày- tá tràng ống mềm (có tiền mê, có Clotest, không sinh thiết)","1,400,000"
Nội soi trực tràng ống mềm không sinh thiết,"600,000"
"Nội soi thực quản-dạ dày, lấy dị vật [có tiền mê]","3,018,000"
"Nội soi thực quản-dạ dày, lấy dị vật","2,415,000"
"Nội soi cắt polip ông tiêu hoá (thực quản, dạ dày, tá tràng, đại trực tràng) [kích thước > 1cm hoặc nhiều polyp, có gây mê, có tiền mê]","3,620,000"
"Nội soi cắt polip ông tiêu hoá (thực quản, dạ dày, tá tràng, đại trực tràng) [kích thước < 1cm, có gây mê, có tiền mê]","3,018,000"
Nội soi dạ dày thực quản cấp cứu chảy máu tiêu hoá cao để chẩn đoán và điều trị [có tiền mê],"3,620,000"
Nội soi dạ dày thực quản cấp cứu chảy máu tiêu hoá cao để chẩn đoán và điều trị,"3,018,000"
Nội soi chích (tiêm) keo điều trị dãn tĩnh mạch phình vị [TT DB],"3,620,000"
Nội soi thắt tĩnh mạch thực quản có tiền mê (chưa dụng cụ),"2,415,000"
Nội soi thắt tĩnh mạch thực quản (chưa dụng cụ),"1,816,000"
Nội soi bàng quang có sinh thiết,"750,000"
Nội soi bàng quang không sinh thiết,"620,000"
NỘI SOI TAI MŨI HỌNG,
TMH - Nội soi thanh quản ống mềm không sinh thiết,"1,078,000"
TMH - Nội soi tai,"150,000"
TMH - Nội soi mũi xoang,"200,000"
TMH - Nội soi cắt polype mũi gây mê,"1,530,000"
TMH - Nội soi cắt polype mũi gây tê,"1,080,000"
TMH - Nội soi chọc thông xoang trán/ xương bướm (gây tê),"600,000"
TMH - Nội soi đốt điện cuốn mũi/ cắt cuốn mũi gây mê,"1,740,000"
TMH - Nội soi chọc rửa xoang hàm (gây tê),"600,000"
TMH - Nội soi nạo VA gây mê sử dụng Hummer,"2,990,000"
TMH - Nội soi lấy dị vật thực quản gây mê ống cứng,"1,800,000"
TMH - Nội soi lấy dị vật thực quản gây tê ống cứng,"1,000,000"
TMH - Nội soi lấy dị vật thực quản gây mê ống mềm,"3,200,000"
TMH - Nội soi lấy dị vật thực quản gây tê ống mềm,"1,334,000"
TMH - Nội soi tai mũi họng [nội soi tai],"150,000"
TMH - Nội soi tai mũi họng [nội soi mũi],"150,000"
TMH - Nội soi tai mũi họng [nội soi họng],"150,000"
TMH - Nội soi họng thanh quản,"200,000"
TMH - Nội soi tai mũi họng,"400,000"
THĂM DÒ CHỨC NĂNG,
Thử nghiệm ngấm Bromsulphtalein trong thăm dò chức năng gan,"52,000"
Đo chức năng hô hấp,"241,000"
Holter điện tâm đồ,"550,000"
Holter điện tâm đồ/ huyết áp,"550,000"
Holter huyết áp,"550,000"
Đo lưu huyết não,"55,000"
Soi cổ tử cung,"180,000"
Điện tim thường [Khu C],"100,000"
Điện tim thường [Khu A],"100,000"
Điện cơ (EMG),"550,000"
Điện não đồ,"300,000"
Đo mật độ xương bằng phương pháp DEXA [2 vị trí],"423,000"
Test dung nạp Glucagon,"80,000"
DANH MỤC CHUYÊN KHOA,
NGOẠI THẦN KINH,
"Bơm ciment qua đường ngoài cuống vào thân đốt sống [Chưa bao gồm kim chọc, xi măng sinh học hoặc hóa học, hệ thống bơm xi măng.] [PT loại DB]","14,500,000"
"Bơm ciment qua đường ngoài cuống vào thân đốt sống [Chưa bao gồm kim chọc, xi măng sinh học hoặc hóa học, hệ thống bơm xi măng.] [PT loại DB] [gây tê]","14,500,000"
Cắt một phần bản sống trong hẹp ống sống cổ,"14,500,000"
Cắt toàn bộ tuyến mang tai bảo tồn dây thần kinh VII,"10,900,000"
Cắt u dây thần kinh số VIII,"14,500,000"
"Cắt u máu tủy sống, dị dạng động tĩnh mạch trong tuỷ [Chưa bao gồm mạch nhân tạo, kẹp mạch máu, ghim, ốc, vít, kính vi phẫu.] [PT loại DB]","18,100,000"
"Cắt u não có sử dụng vi phẫu [Chưa bao gồm miếng vá nhân tạo, ghim, ốc, vít]","19,800,000"
Chọc dịch não tủy thắt lưng (thủ thuật),"133,000"
"Cố định cột sống ngực bằng hệ thống móc [Chưa bao gồm đinh, nẹp, vít, ốc, khóa, xương bảo quản, sản phẩm sinh học thay thế xương, đốt sống nhân tạo, miếng ghép cột sống, đĩa đệm nhân tạo.] [PT loại DB]","10,900,000"
"Cố định cột sống và cánh chậu [Chưa bao gồm đinh, nẹp, vít, ốc, khóa, xương bảo quản, sản phẩm sinh học thay thế xương, đốt sống nhân tạo, miếng ghép cột sống, đĩa đệm nhân tạo.] [PT loại DB]","13,200,000"
"Cố định cột sống và hàn khớp liên thân đốt cột sống thắt lưng – cùng đường sau qua lỗ liên hợp (TLIF) [1 Tầng] [Chưa bao gồm đinh, nẹp, vít, ốc, khóa, xương bảo quản, sản phẩm sinh học thay thế xương, đốt sống nhân tạo, miếng ghép cột sống, đĩa đệm nhân tạo.] [PT loại DB]","13,200,000"
"Cố định cột sống và hàn khớp liên thân đốt cột sống thắt lưng – cùng đường sau qua lỗ liên hợp (TLIF) [2 Tầng] [Chưa bao gồm đinh, nẹp, vít, ốc, khóa, xương bảo quản, sản phẩm sinh học thay thế xương, đốt sống nhân tạo, miếng ghép cột sống, đĩa đệm nhân tạo.] [PT loại DB]","15,400,000"
"Cố định cột sống và hàn khớp liên thân đốt cột sống thắt lưng – cùng đường sau qua lỗ liên hợp (TLIF) [3 Tầng] [Chưa bao gồm đinh, nẹp, vít, ốc, khóa, xương bảo quản, sản phẩm sinh học thay thế xương, đốt sống nhân tạo, miếng ghép cột sống, đĩa đệm nhân tạo.] [PT loại DB]","17,600,000"
"Cố định CS và hàn khớp qua liên thân đốt cột sống thắt lưng – cùng đường sau (PLIF) [1 Tầng] [Chưa bao gồm đinh, nẹp, vít, ốc, khóa, xương bảo quản, sản phẩm sinh học thay thế xương, đốt sống nhân tạo, miếng ghép cột sống, đĩa đệm nhân tạo.] [PT loại DB]","13,200,000"
"Cố định CS và hàn khớp qua liên thân đốt cột sống thắt lưng – cùng đường sau (PLIF) [2 Tầng] [Chưa bao gồm đinh, nẹp, vít, ốc, khóa, xương bảo quản, sản phẩm sinh học thay thế xương, đốt sống nhân tạo, miếng ghép cột sống, đĩa đệm nhân tạo.] [PT loại DB]","15,400,000"
"Cố định CS và hàn khớp qua liên thân đốt cột sống thắt lưng – cùng đường sau (PLIF) [3 Tầng] [Chưa bao gồm đinh, nẹp, vít, ốc, khóa, xương bảo quản, sản phẩm sinh học thay thế xương, đốt sống nhân tạo, miếng ghép cột sống, đĩa đệm nhân tạo.] [PT loại DB]","17,600,000"
Dẫn lưu não thất [Chưa bao gồm van dẫn lưu nhân tạo],"10,900,000"
Điều trị đau rễ thần kinh bằng phong bế đám rối,"8,400,000"
Giải phóng chèn ép chấn thương cột sống thắt lưng,"13,200,000"
"Kết hợp xương nẹp vít cột sống cổ lối sau [Chưa bao gồm đinh, nẹp, vít, xương bảo quản, đốt sống nhân tạo, sản phẩm sinh học thay thế xương, miếng ghép cột sống, đĩa đệm nhân tạo, ốc, khóa.] [PT loại DB]","18,100,000"
Mở cung sau và cắt bỏ mỏm khớp dưới,"8,480,000"
Mở rộng lỗ liên hợp để giải phóng chèn ép rễ,"8,480,000"
"Nội soi mở thông não thất [Chưa bao gồm miếng vá khuyết sọ, dao siêu âm (trong phẫu thuật u não)] [PT loại 2]","7,270,000"
Phẫu thật dẫn lưu dịch não tủy thắt lưng-ổ bụng,"14,500,000"
Phẫu thuật áp xe não bằng đường qua mê nhĩ [Chưa bao gồm miếng vá khuyết sọ.] [PT loại DB],"9,700,000"
Phẫu thuật áp xe não bằng đường qua xương đá [Chưa bao gồm miếng vá khuyết sọ.] [PT loại DB],"9,700,000"
"Phẫu thuật bắt vít qua cuống cột sống thắt lưng qua da [Chưa bao gồm đinh, nẹp, vít, ốc, khóa, xương bảo quản, sản phẩm sinh học thay thế xương, đốt sống nhân tạo, miếng ghép cột sống, đĩa đệm nhân tạo.] [PT loại 1]","18,100,000"
Phẫu thuật cắt hoặc tạo hình cung sau trong điều trị hẹp ống sống,"10,900,000"
"Phẫu thuật cắt thân đốt sống, ghép xương và cố định CS cổ (ACCF) [Chưa bao gồm đinh, nẹp, vít, ốc, khóa, xương bảo quản, sản phẩm sinh học thay thế xương, đốt sống nhân tạo, đĩa đệm nhân tạo.] [PT loại DB]","14,500,000"
Phẫu thuật cắt u dây thần kinh VII [PT loại DB],"18,100,000"
Phẫu thuật cắt u dây thần kinh VIII [PT loại DB],"19,800,000"
Phẫu thuật cắt u máu lớn (đường kính ≥ 10 cm),"5,330,000"
Phẫu thuật cắt u máu nhỏ (đường kính < 10 cm),"5,820,000"
Phẫu thuật chỉnh gù cột sống qua đường sau,"14,500,000"
Phẫu thuật chỉnh vẹo cột sống qua đường sau,"18,100,000"
"Phẫu thuật chọc hút áp xe não, bán cầu đại não [Chưa bao gồm miếng vá khuyết sọ.] [PT loại 1]","9,700,000"
"Phẫu thuật chọc hút áp xe não, tiểu não [Chưa bao gồm miếng vá khuyết sọ.] [PT loại DB]","9,700,000"
Phẫu thuật chuyển giường thần kinh trụ,"4,240,000"
"Phẫu thuật cố định cột sống bằng vít qua cuống [1 Tầng] [Chưa bao gồm đinh, nẹp, vít, ốc, khóa, xương bảo quản, sản phẩm sinh học thay thế xương, đốt sống nhân tạo, miếng ghép cột sống, đĩa đệm nhân tạo.] [PT loại DB]","13,200,000"
"Phẫu thuật cố định cột sống bằng vít qua cuống [2 Tầng] [Chưa bao gồm đinh, nẹp, vít, ốc, khóa, xương bảo quản, sản phẩm sinh học thay thế xương, đốt sống nhân tạo, miếng ghép cột sống, đĩa đệm nhân tạo.] [PT loại DB]","15,400,000"
"Phẫu thuật cố định cột sống bằng vít qua cuống [3 Tầng] [Chưa bao gồm đinh, nẹp, vít, ốc, khóa, xương bảo quản, sản phẩm sinh học thay thế xương, đốt sống nhân tạo, miếng ghép cột sống, đĩa đệm nhân tạo.] [PT loại DB]","17,600,000"
"Phẫu thuật cố định cột sống sử dụng hệ thống định vị (Navigation) [Chưa bao gồm đinh, nẹp, vít, ốc, khóa, xương bảo quản, sản phẩm sinh học thay thế xương, đốt sống nhân tạo, miếng ghép cột sống, đĩa đệm nhân tạo.] [PT loại DB]","16,500,000"
"Phẫu thuật cố định cột sống sử dụng vít loãng xương [Chưa bao gồm đinh, nẹp, vít, ốc, khóa, xương bảo quản, sản phẩm sinh học thay thế xương, đốt sống nhân tạo, miếng ghép cột sống, đĩa đệm nhân tạo.] [PT loại DB]","13,200,000"
"Phẫu thuật cố định cột sống thắt lưng sử dụng hệ thống nẹp bán động [Chưa bao gồm đinh, nẹp, vít, ốc, khóa, xương bảo quản, sản phẩm sinh học thay thế xương, đốt sống nhân tạo, miếng ghép cột sống, đĩa đệm nhân tạo.] [PT loại DB]","13,200,000"
"Phẫu thuật dẫn lưu máu tụ trong não thất [Chưa bao gồm nẹp, ghim, vít, ốc, miếng vá khuyết sọ.] [PT loại 1]","9,920,000"
Phẫu thuật dẫn lưu nang dưới nhện nội sọ-ổ bụng,"14,500,000"
Phẫu thuật dẫn lưu nang dưới nhện nội sọ-tâm nhĩ,"14,500,000"
Phẫu thuật dẫn lưu não thất ổ bụng trong dãn não thất,"14,500,000"
Phẫu thuật dẫn lưu não thất ra ngoài trong chấn thương sọ não (CTSN),"10,900,000"
Phẫu thuật dẫn lưu não thất-tâm nhĩ trong dãn não thất,"14,500,000"
"Phẫu thuật dị dạng động-tĩnh mạch màng cứng (fistula durale) [Chưa bao gồm kẹp mạch máu, miếng vá khuyết sọ, van dẫn lưu, ghim, ốc, vít.] [PT loại DB]","24,200,000"
"Phẫu thuật dị dạng động-tĩnh mạch não [Chưa bao gồm kẹp mạch máu, miếng vá khuyết sọ, van dẫn lưu, ghim, ốc, vít.] [PT loại DB]","24,200,000"
Phẫu thuật điều trị thông động – tĩnh mạch chi,"5,330,000"
Phẫu thuật điều trị viêm xương đốt sống,"5,840,000"
Phẫu thuật điều trị viêm xương đốt sống [gây tê],"5,840,000"
"Phẫu thuật đóng đường dò dịch não tủy hoặc một thoát vị màng tủy sau mổ tủy sống [Chưa bao gồm màng não nhân tạo, miếng vá khuyết sọ, bộ van dẫn lưu.] [PT loại DB]","8,480,000"
"Phẫu thuật đóng đường dò dịch não tủy hoặc thoát vị màng não ở tầng trước nền sọ qua đường mở nắp sọ [Chưa bao gồm màng não nhân tạo, miếng vá khuyết sọ, bộ van dẫn lưu.] [PT loại DB]","8,480,000"
"Phẫu thuật đóng đường dò dịch não tủy hoặc thoát vị màng não tầng trước nền sọ bằng đường qua xoang sàng [Chưa bao gồm màng não nhân tạo, miếng vá khuyết sọ, bộ van dẫn lưu.] [PT loại DB]","8,480,000"
"Phẫu thuật đóng đường dò dịch não tủy qua xoang trán [Chưa bao gồm màng não nhân tạo, miếng vá khuyết sọ, bộ van dẫn lưu.] [PT loại DB]","11,000,000"
"Phẫu thuật đóng đường dò dịch não tủy sau mổ các thương tổn nền sọ [Chưa bao gồm màng não nhân tạo, miếng vá khuyết sọ, bộ van dẫn lưu.] [PT loại DB]","8,480,000"
"Phẫu thuật đóng đường dò dịch não tủy tầng giữa nền sọ bằng đường vào trên xương đá [Chưa bao gồm màng não nhân tạo, miếng vá khuyết sọ, bộ van dẫn lưu.] [PT loại DB]","8,480,000"
"Phẫu thuật đóng đường dò dịch não tủy tầng giữa nền sọ qua mở nắp sọ [Chưa bao gồm màng não nhân tạo, miếng vá khuyết sọ, bộ van dẫn lưu.] [PT loại DB]","8,480,000"
Phẫu thuật giải ép cắt bỏ dây chằng vàng,"10,900,000"
Phẫu thuật giải ép lỗ liên hợp cột sống cổ đường trước,"15,400,000"
"Phẫu thuật giải phóng chèn ép thần kinh mặt (dây VII) trong co giật nửa mặt (facial tics), bằng đường mở nắp sọ [PT loại DB]","19,800,000"
"Phẫu thuật giải phóng chèn ép thần kinh tam thoa (dây V) trong đau nửa mặt, bằng đường mở nắp sọ (Phẫu thuật đặc biệt)","19,800,000"
Phẫu thuật giải phóng chèn ép TK ngoại biên (Phẫu thuật loại 1),"2,890,000"
"Phẫu thuật kẹp cổ túi phình mạch não phần sau đa giác Willis [ Chưa bao gồm kẹp mạch máu, miếng vá khuyết sọ, van dẫn lưu, ghim, ốc, vít, nẹp.] (Phẫu thuật đặc biệt)","22,000,000"
"Phẫu thuật kẹp cổ túi phình mạch não phần trước đa giác Willis [ Chưa bao gồm kẹp mạch máu, miếng vá khuyết sọ, van dẫn lưu, ghim, ốc, vít, nẹp.](Phẫu thuật đặc biệt)","22,000,000"
"Phẫu thuật lấy bao áp xe não, đại não, bằng đường mở nắp sọ [Chưa bao gồm miếng vá khuyết sọ.] [PT loại DB]","18,100,000"
"Phẫu thuật lấy bao áp xe não, tiểu não, bằng đường mở nắp sọ [Chưa bao gồm miếng vá khuyết sọ.] [PT loại DB]","18,100,000"
"Phẫu thuật lấy bỏ dẫn lưu não thất (ổ bụng, tâm nhĩ) hoặc dẫn lưu nang dịch não tủy (ổ bụng, não thất)","6,060,000"
"Phẫu thuật lấy bỏ u xương [Chưa bao gồm phương tiện cố định, phương tiên kết hợp, xương nhân tạo, xương bảo quản, sản phẩm sinh học thay thế, xi măng sinh học hoặc hóa học.] [PT loại 2]","6,370,000"
Phẫu thuật lấy đĩa đệm cột sống thắt lưng qua da [Chưa bao gồm đĩa đệm nhân tạo.] [PT loại 1],"13,200,000"
"Phẫu thuật lấy đĩa đệm, ghép xương và cố định CS cổ (ACDF) [1 Tầng] [Chưa bao gồm đinh, nẹp, vít, xương bảo quản, đốt sống nhân tạo, sản phẩm sinh học thay thế xương, miếng ghép cột sống, đĩa đệm nhân tạo, ốc, khóa.] [PT loại DB]","15,400,000"
"Phẫu thuật lấy đĩa đệm, ghép xương và cố định CS cổ (ACDF) [2 Tầng] [Chưa bao gồm đinh, nẹp, vít, xương bảo quản, đốt sống nhân tạo, sản phẩm sinh học thay thế xương, miếng ghép cột sống, đĩa đệm nhân tạo, ốc, khóa.] [PT loại DB]","17,600,000"
"Phẫu thuật lấy đĩa đệm, ghép xương và cố định CS cổ (ACDF) [3 Tầng] [Chưa bao gồm đinh, nẹp, vít, xương bảo quản, đốt sống nhân tạo, sản phẩm sinh học thay thế xương, miếng ghép cột sống, đĩa đệm nhân tạo, ốc, khóa.] [PT loại DB]","19,800,000"
"Phẫu thuật lấy máu tụ dưới màng cứng cấp tính [Chưa bao gồm nẹp, ghim, vít, ốc, miếng vá khuyết sọ.] [PT loại DB]","13,200,000"
"Phẫu thuật lấy máu tụ dưới màng cứng mạn tính hai bên [Chưa bao gồm nẹp, ghim, vít, ốc, miếng vá khuyết sọ.] [PT loại 1]","9,700,000"
"Phẫu thuật lấy màu tụ dưới màng cứng mạn tính một bên [Chưa bao gồm nẹp, ghim, vít, ốc, miếng vá khuyết sọ.] [PT loại 2]","9,700,000"
"Phẫu thuật lấy máu tụ ngoài mầng cứng dưới lều tiểu não (hố sau) [Chưa bao gồm nẹp, ghim, vít, ốc, miếng vá khuyết sọ.] [PT loại 1]","13,200,000"
"Phẫu thuật lấy máu tụ ngoài màng cứng nhiều vị trí trên lều và/hoặc dưới lều tiểu não [Chưa bao gồm nẹp, ghim, vít, ốc, miếng vá khuyết sọ.] [PT loại DB]","11,000,000"
"Phẫu thuật lấy máu tụ ngoài màng cứng trên lều tiểu não [Chưa bao gồm nẹp, ghim, vít, ốc, miếng vá khuyết sọ.] [PT loại 1]","13,200,000"
"Phẫu thuật lấy máu tụ quanh ổ mắt sau CTSN [Chưa bao gồm nẹp, ghim, vít, ốc, miếng vá khuyết sọ.] [PT loại 1]","9,700,000"
"Phẫu thuật lấy máu tụ trong não thất [Chưa bao gồm nẹp, ghim, vít, ốc, miếng vá khuyết sọ.] [PT loại DB]","9,700,000"
Phẫu thuật lấy thoát vị đĩa đệm cột sống thắt lưng đa tầng [Chưa bao gồm đĩa đệm nhân tạo.] [PT loại DB],"13,200,000"
"Phẫu thuật lấy thoát vị đĩa đệm cột sống thắt lưng sử dụng nẹp cố định liên gai sau (DIAM, Silicon, Coflex, Gelfix ...)","9,330,000"
Phẫu thuật lấy thoát vị đĩa đệm cột sống thắt lưng vi phẫu [Chưa bao gồm đĩa đệm nhân tạo.] [PT loại DB],"9,920,000"
"Phẫu thuật máu tụ dưới màng cứng tủy sống [Chưa bao gồm nẹp, ghim, vít, ốc, miếng vá khuyết sọ.] [PT loại DB]","11,000,000"
Phẫu thuật mở cung sau cột sống ngực,"14,500,000"
Phẫu thuật mở cung sau đốt sống đơn thuần kết hợp với tạo hình màng cứng tủy,"7,270,000"
"Phẫu thuật mở nắp sọ giải áp, lấy máu tụ và chùng màng cứng [Chưa bao gồm nẹp, ghim, vít, ốc, miếng vá khuyết sọ.] (Phẫu thuật loại 1)","13,200,000"
Phẫu thuật nội soi cắt u tuyến yên qua đường mũi,"18,100,000"
Phẫu thuật nội soi lấy nhân đệm cột sống thắt lưng qua đường liên bản sống,"18,900,000"
Phẫu thuật nội soi tuyến yên qua đường xương bướm,"18,100,000"
Phẫu thuật tạo hình nhân nhầy đĩa đệm cột sống cổ bằng sóng cao tần,"6,060,000"
Phẫu thuật tạo hình nhân nhầy đĩa đệm cột sống thắt lưng bằng sóng cao tần,"6,060,000"
"Phẫu thuật thay đoạn động mạch chủ bụng dưới thận, động mạch chậu ( Chưa bao gồm mạch máu nhân tạo, động mạch chủ nhân tạo, keo sinh học dùng trong phẫu thuật phình tách động mạch)","21,300,000"
"Phẫu thuật thoát vị não màng não nền sọ [Chưa bao gồm màng não nhân tạo, miếng vá khuyết sọ, bộ van dẫn lưu.] [PT loại DB]","8,480,000"
"Phẫu thuật thoát vị não màng não vòm sọ [Chưa bao gồm màng não nhân tạo, miếng vá khuyết sọ, bộ van dẫn lưu.] [PT loại 1]","8,480,000"
"Phẫu thuật thoát vị tủy-màng tủy [Chưa bao gồm màng não nhân tạo, miếng vá khuyết sọ, bộ van dẫn lưu.] [PT loại DB]","11,000,000"
"Phẫu thuật trượt bản lề cổ chẩm
[Chưa bao gồm đinh, nẹp, vít, xương bảo quản, đốt sống nhân tạo, sản phẩm sinh học thay thế xương, miếng ghép cột sống, đĩa đệm nhân tạo, ốc, khóa.] [PT loại DB]","16,500,000"
Phẫu thuật tụ mủ dưới màng cứng [Chưa bao gồm miếng vá khuyết sọ.] [PT loại 1],"9,700,000"
Phẫu thuật tụ mủ ngoài màng cứng [Chưa bao gồm miếng vá khuyết sọ.] [PT loại 2],"9,700,000"
"Phẫu thuật u 1/3 trong cánh nhỏ xương bướm bằng đường mở nắp sọ [Chưa bao gồm đinh, nẹp, vít, vật liệu cầm máu sinh học, màng não nhân tạo, dao siêu âm.] [PT loại DB]","19,800,000"
"Phẫu thuật u da đầu thâm nhiễm xương-màng cứng sọ [Chưa bao gồm đinh, ghim, nẹp, vít, ốc, vật liệu tạo hình hộp sọ, màng não nhân tạo.] [PT loại 1]","8,480,000"
"Phẫu thuật u đại não bằng đường mở nắp sọ [Chưa bao gồm dụng cụ dẫn đường, ghim, ốc, vít, dao siêu âm, bộ dẫn lưu não thất, miếng vá khuyết sọ.] [PT loại 1]","18,100,000"
"Phẫu thuật u đỉnh xương đá bằng đường qua xương đá [Chưa bao gồm đinh, nẹp, vít, vật liệu cầm máu sinh học, màng não nhân tạo, dao siêu âm.] [PT loại DB]","18,100,000"
"Phẫu thuật u hố sau không xâm lấn xoang tĩnh mạch, bằng đường mở nắp sọ [Chưa bao gồm dụng cụ dẫn đường, ghim, ốc, vít, dao siêu âm, bộ dẫn lưu não thất, miếng vá khuyết sọ.] [PT loại DB]","18,100,000"
"Phẫu thuật u hố sau xâm lấn xoang tĩnh mạch, bằng đường mở nắp sọ [Chưa bao gồm miếng vá nhân tạo, ghim, ốc, vít.] [PT loại DB]","18,700,000"
"Phẫu thuật u lều tiểu não, bằng đường vào dưới lều tiểu não [Chưa bao gồm mạch nhân tạo, miếng vá khuyết sọ, kẹp mạch máu, ghim, ốc, vít, dao siêu âm.] [PT loại DB]","18,100,000"
"Phẫu thuật u liềm não, bằng đường mở nắp sọ [Chưa bao gồm dụng cụ dẫn đường, ghim, ốc, vít, dao siêu âm, bộ dẫn lưu não thất, miếng vá khuyết sọ.] [PT loại DB]","19,800,000"
"Phẫu thuật u máu thể hang (cavernoma) đại não [Chưa bao gồm dụng cụ dẫn đường, ghim, ốc, vít, dao siêu âm, bộ dẫn lưu não thất, miếng vá khuyết sọ.] [PT loại 1]","18,100,000"
"Phẫu thuật u máu thể hang tiểu não [Chưa bao gồm dụng cụ dẫn đường, ghim, ốc, vít, dao siêu âm, bộ dẫn lưu não thất, miếng vá khuyết sọ.] [PT loại DB]","18,100,000"
"Phẫu thuật u não thất ba bằng đường mở nắp sọ [Chưa bao gồm dụng cụ dẫn đường, ghim, ốc, vít, dao siêu âm, bộ dẫn lưu não thất, miếng vá khuyết sọ.] [PT loại DB]","19,800,000"
"Phẫu thuật u não thất bên bằng đường mở nắp sọ [Chưa bao gồm dụng cụ dẫn đường, ghim, ốc, vít, dao siêu âm, bộ dẫn lưu não thất, miếng vá khuyết sọ.] [PT loại DB]","19,800,000"
"Phẫu thuật u não thất tư bằng đường mở nắp sọ [Chưa bao gồm dụng cụ dẫn đường, ghim, ốc, vít, dao siêu âm, bộ dẫn lưu não thất, miếng vá khuyết sọ.] [PT loại DB]","19,800,000"
"Phẫu thuật u nội sọ, vòm đại não không xâm lấn xoang tĩnh mạch, bằng đường mở nắp sọ [Chưa bao gồm dụng cụ dẫn đường, ghim, ốc, vít, dao siêu âm, bộ dẫn lưu não thất, miếng vá khuyết sọ.] [PT loại 1]","22,000,000"
"Phẫu thuật u nội sọ, vòm đại não, xâm lấn xoang tĩnh mạch, bằng đường mở nắp sọ [Chưa bao gồm miếng vá nhân tạo, ghim, ốc, vít.] [PT loại DB]","18,100,000"
"Phẫu thuật u sọ hầu bằng đường mở nắp sọ [Chưa bao gồm mạch nhân tạo, miếng vá khuyết sọ, kẹp mạch máu, ghim, ốc, vít, dao siêu âm.] [PT loại DB]","19,800,000"
"Phẫu thuật u tầng trước nền sọ bằng đường mở nắp sọ trán và đường qua xoang sàng [Chưa bao gồm đinh, nẹp, vít, vật liệu cầm máu sinh học, màng não nhân tạo, dao siêu âm.] [PT loại DB]","18,100,000"
"Phẫu thuật u tầng trước nền sọ bằng mở nắp sọ trán 2 bên [Chưa bao gồm đinh, nẹp, vít, vật liệu cầm máu sinh học, màng não nhân tạo, dao siêu âm.] [PT loại DB]","18,700,000"
"Phẫu thuật u tầng trước nền sọ bằng mở nắp sọ trán một bên [Chưa bao gồm đinh, nẹp, vít, vật liệu cầm máu sinh học, màng não nhân tạo, dao siêu âm.] [PT loại DB]","18,700,000"
Phẫu thuật u thần kinh ngoại biên (Phẫu thuật loại 1),"13,300,000"
"Phẫu thuật u trong nhu mô tiểu não, bằng đường mở nắp sọ [Chưa bao gồm dụng cụ dẫn đường, ghim, ốc, vít, dao siêu âm, bộ dẫn lưu não thất, miếng vá khuyết sọ.] [PT loại DB]","18,700,000"
"Phẫu thuật u tuyến yên bằng đường mở nắp sọ [Chưa bao gồm mạch nhân tạo, miếng vá khuyết sọ, kẹp mạch máu, ghim, ốc, vít, dao siêu âm.] [PT loại DB]","19,800,000"
"Phẫu thuật u tuyến yên bằng đường qua xoang bướm [Chưa bao gồm miếng vá khuyết sọ, dao siêu âm, nẹp, vít, miếng vá nhân tạo, vật liệu tạo hình hộp sọ] (Phẫu thuật đặc biệt)","18,100,000"
"Phẫu thuật u vùng tầng giữa nền sọ bằng mở năp sọ [Chưa bao gồm đinh, nẹp, vít, vật liệu cầm máu sinh học, màng não nhân tạo, dao siêu âm.] [PT loại DB]","19,800,000"
"Phẫu thuật u xương sọ vòm sọ [Chưa bao gồm đinh, ghim, nẹp, vít, ốc, vật liệu tạo hình hộp sọ, màng não nhân tạo.] [PT loại 1]","8,480,000"
"Phẫu thuật vá đường dò dịch não tủy nền sọ sau CTSN [Chưa bao gồm màng não nhân tạo, miếng vá khuyết sọ, bộ van dẫn lưu.] [PT loại 1]","8,480,000"
"Phẫu thuật vá đường dò dịch não tủy ở vòm sọ sau CTSN [Chưa bao gồm màng não nhân tạo, miếng vá khuyết sọ, bộ van dẫn lưu.] [PT loại 1]","8,480,000"
"Phẫu thuật vá khuyết sọ sau chấn thương sọ não [Chưa bao gồm xương nhân tạo, vật liệu tạo hình hộp sọ, đinh, nẹp, vít, lưới titan, ghim, ốc, màng não nhân tạo, vật liệu cầm máu sinh học.] [PT loại 2]","14,500,000"
"Phẫu thuật vá màng cứng hoặc tạo hình màng cứng [Chưa bao gồm màng não nhân tạo, miếng vá khuyết sọ, bộ van dẫn lưu.] [PT loại 1]","10,900,000"
"Phẫu thuật vết thương sọ não [Chưa bao gồm đinh, ghim, nẹp, vít, ốc, màng não nhân tạo, vật liệu tạo hình hộp sọ.] [PT loại 2]","15,400,000"
"Phẫu thuật viêm xương sọ [Chưa bao gồm nẹp, ghim, ốc, vít.] [PT loại 2]","9,920,000"
"Phẫu thuật vỡ lún xương sọ hở [Chưa bao gồm đinh, ghim, nẹp, vít, ốc, màng não nhân tạo, vật liệu tạo hình hộp sọ.] [PT loại 2]","14,500,000"
"Phẫu thuật xử lý lún sọ không có vết thương [Chưa bao gồm đinh, ghim, nẹp, vít, ốc, màng não nhân tạo, vật liệu tạo hình hộp sọ.] [PT loại 2]","14,500,000"
"Phẫu thuật xử lý vết thương xoang hơi trán [Chưa bao gồm đinh, ghim, nẹp, vít, ốc, màng não nhân tạo, vật liệu tạo hình hộp sọ.] [PT loại 2]","14,500,000"
"Phẫu thuật xử lý vết thương xoang tĩnh mạch sọ [Chưa bao gồm đinh, ghim, nẹp, vít, ốc, màng não nhân tạo, vật liệu tạo hình hộp sọ.] [PT loại DB]","16,500,000"
"Tạo hình thân đốt sống bằng bơm cement sinh học có bóng [Chưa bao gồm kim chọc, xi măng sinh học hoặc hóa học, hệ thống bơm xi măng.] [PT loại DB]","14,500,000"
"Tạo hình thân đốt sống bằng bơm cement sinh học có bóng [Chưa bao gồm kim chọc, xi măng sinh học hoặc hóa học, hệ thống bơm xi măng.] [PT loại DB] [gây tê]","14,500,000"
"Tạo hình thân đốt sống bằng bơm cement sinh học có lồng titan [Chưa bao gồm kim chọc, xi măng sinh học hoặc hóa học, hệ thống bơm xi măng.] [PT loại DB]","14,500,000"
"Tạo hình thân đốt sống bằng bơm cement sinh học có lồng titan [Chưa bao gồm kim chọc, xi măng sinh học hoặc hóa học, hệ thống bơm xi măng.] [PT loại DB] [gây tê]","14,500,000"
"Tạo hình thân đốt sống bằng bơm cement sinh học qua cuống [Chưa bao gồm kim chọc, xi măng sinh học hoặc hóa học, hệ thống bơm xi măng.] [PT loại DB]","14,500,000"
"Tạo hình thân đốt sống bằng bơm cement sinh học qua cuống [Chưa bao gồm kim chọc, xi măng sinh học hoặc hóa học, hệ thống bơm xi măng.] [PT loại DB] [gây tê]","14,500,000"
Tạo hình và đổ xi măng cột sống (kyphoplasty),"11,000,000"
TIM MẠCH - LỒNG NGỰC - MẠCH MÁU,
"Đặt máy khử rung tự động [Chưa bao gồm máy tạo nhịp, máy phá rung, TT loại 1]","10,600,000"
"Bít lỗ thông liên nhĩ/liên thất/ống động mạch [Chưa bao gồm vật tư chuyên dụng dùng để can thiệp: bóng nong, stent, các vật liệu nút mạch, các loại ống thông hoặc vi ống thông, các loại dây dẫn hoặc vi dây dẫn, các vòng xoắn kim loại, dụng cụ lấy dị vật, bộ dụng cụ lấy huyết khối, bộ dụng cụ bít (bộ thả dù, dù các loại).] [TT loại DB]","26,600,000"
"Cấy máy tạo nhịp vĩnh viễn điều trị các rối loạn nhịp chậm [Chưa bao gồm máy tạo nhịp, máy phá rung, TT loại DB]","10,600,000"
"Cấy máy tạo nhịp vĩnh viễn điều trị tái đồng bộ tim (CRT) [ Chưa bao gồm máy tạo nhịp, máy phá rung,TT loại DB]","10,600,000"
"Cấy máy phá rung tự động (ICD) [Chưa bao gồm máy tạo nhịp, máy phá rung, TT loại DB]","10,600,000"
Điều trị suy tĩnh mạch bằng Laser nội mạch (Chưa bao gồm bộ dụng cụ mở mạch máu và ống thông điều trị laser) (Thủ thuật đặc biệt),"6,670,000"
Điều trị suy tĩnh mạch bằng năng lượng sóng tần số radio [Chưa bao gồm bộ dụng cụ mở mạch máu và ống thông điều trị RF.] [TT loại DB],"6,670,000"
"Nội soi chích (tiêm) keo điều trị giãn tĩnh mạch phình vị [Chưa bao gồm thuốc cầm máu, dụng cụ cầm máu (clip, bộ thắt tĩnh mạch thực quản...)] [TT loại DB]","3,630,000"
"Cấy máy tạo nhịp vĩnh viễn [Chưa bao gồm máy tạo nhịp, máy phá rung, TT loại DB]","10,600,000"
"Đặt máy tạo nhịp tạm thời trong tim [Chưa bao gồm máy tạo nhịp, máy phá rung, TT loại 1]","4,000,000"
"Phẫu thuật bệnh tim bẩm sinh thông liên nhĩ [Chưa bao gồm bộ tim phổi nhân tạo và dây chạy máy, vòng van và van tim nhân tạo, mạch máu nhân tạo, động mạch chủ nhân tạo, keo sinh học dùng trong phẫu thuật phình tách động mạch, quả lọc tách huyết tương và bộ dây dẫn, miếng vá siêu mỏng, dung dịch bảo vệ tạng, dây truyền dung dịch bảo vệ tạng.] [PT loại DB]","26,600,000"
"Phẫu thuật bệnh tim bẩm sinh thông liên thất [Chưa bao gồm bộ tim phổi nhân tạo và dây chạy máy, vòng van và van tim nhân tạo, mạch máu nhân tạo, động mạch chủ nhân tạo, keo sinh học dùng trong phẫu thuật phình tách động mạch, quả lọc tách huyết tương và bộ dây dẫn, miếng vá siêu mỏng, dung dịch bảo vệ tạng, dây truyền dung dịch bảo vệ tạng.] [PT loại DB]","26,600,000"
"Phẫu thuật đặt máy tạo nhịp tim [Chưa bao gồm máy tạo nhịp, máy phá rung, Chưa bao gồm máy tạo nhịp, máy phá rung. PT loại 1]","10,600,000"
"Phẫu thuật thay van tim do bệnh lý van tim bẩm sinh [Chưa bao gồm bộ tim phổi nhân tạo và dây chạy máy, vòng van và van tim nhân tạo, mạch máu nhân tạo, động mạch chủ nhân tạo, keo sinh học dùng trong phẫu thuật phình tách động mạch, quả lọc tách huyết tương và bộ dây dẫn, miếng vá siêu mỏng, dung dịch bảo vệ tạng, dây truyền dung dịch bảo vệ tạng.] [PT loại DB]","26,600,000"
Phẫu thuật cắt màng tim rộng [PT loại 1],"24,000,000"
"Phẫu thuật vỡ tim do chấn thương ngực kín [Chưa bao gồm động mạch chủ nhân tạo, van động mạch chủ nhân tạo, mạch máu nhân tạo, keo sinh học dùng trong phẫu thuật phình tách động mạch.] [PT loại DB]","24,000,000"
"Phẫu thuật dị dạng xương ức lồi, lõm [Chưa bao gồm các loại đinh nẹp vít, các loại khung, thanh nâng ngực và đai nẹp ngoài.] [PT loại 1]","9,330,000"
"Khâu cơ hoành bị rách hay thủng do chấn thương qua đường ngực [Chưa bao gồm các loại đinh, nẹp, vít, các loại khung, thanh nâng ngực và đai nẹp ngoài.] [PT loại 1]","12,000,000"
"Phẫu thuật cố định mảng sườn di động bằng nẹp [Chưa bao gồm các loại đinh nẹp vít, các loại khung, thanh nâng ngực và đai nẹp ngoài.] [PT loại 1]","12,000,000"
Phẫu thuật dẫn lưu tối thiểu khoang màng phổi (Phẫu thuật loại 2),"3,630,000"
Phẫu thuật dẫn lưu tối thiểu khoang màng phổi (Phẫu thuật loại 2) [gây tê],"3,630,000"
"Phẫu thuật điều trị vết thương ngực hở đơn thuần [Chưa bao gồm các loại đinh, nẹp, vít, các loại khung, thanh nâng ngực và đai nẹp ngoài.] [PT loại 1]","12,000,000"
"Phẫu thuật điều trị vết thương ngực hở nặng có chỉ định mở ngực cấp cứu [Chưa bao gồm các loại đinh, nẹp, vít, các loại khung, thanh nâng ngực và đai nẹp ngoài.] [PT loại 1]","12,000,000"
"Phẫu thuật điều trị vết thương tim ( Chưa bao gồm động mạch chủ nhân tạo, van động mạch chủ nhân tạo, mạch máu nhân tạo, keo sinh học dùng trong phẫu thuật phình tách động mạch) [PT loại ĐB]","24,000,000"
"Phẫu thuật điều trị vỡ tim do chấn thương ( Chưa bao gồm động mạch chủ nhân tạo, van động mạch chủ nhân tạo, mạch máu nhân tạo, keo sinh học dùng trong phẫu thuật phình tách động mạch. ) [PT loại ĐB]","24,000,000"
"Phẫu thuật khâu vết thương nhu mô phổi [Chưa bao gồm các loại đinh nẹp vít, các loại khung, thanh nâng ngực và đai nẹp ngoài.] [PT loại 1]","12,000,000"
"Phẫu thuật lấy dị vật trong phổi – màng phổi [Chưa bao gồm các loại đinh nẹp vít, các loại khung, thanh nâng ngực và đai nẹp ngoài.] [PT loại 1]","12,000,000"
"Phẫu thuật điều trị mảng sườn di động [Chưa bao gồm các loại đinh nẹp vít, các loại khung, thanh nâng ngực và đai nẹp ngoài.] [PT loại 1]","8,540,000"
"Phẫu thuật điều trị vỡ eo động mạch chủ [Chưa bao gồm bộ tim phổi nhân tạo và dây chạy máy, động mạch chủ nhân tạo, mạch máu nhân tạo, keo sinh học dùng trong phẫu thuật phình tách động mạch, quả lọc tách huyết tương và bộ dây dẫn, dung dịch bảo vệ tạng, dây truyền dung dịch bảo vệ tạng.] [PT loại DB]","18,700,000"
Phẫu thuật cấp cứu lồng ngực có dùng máy tim phổi nhân tạo [PT loại ĐB],"25,400,000"
Phẫu thuật điều trị vết thương - chấn thương mạch máu chi [Chưa bao gồm đoạn mạch nhân tạo.] [PT loại 1],"9,330,000"
"Phẫu thuật điều trị vết thương - chấn thương mạch cảnh [Chưa bao gồm bộ tim phổi nhân tạo và dây chạy máy, động mạch chủ nhân tạo, mạch máu nhân tạo, keo sinh học dùng trong phẫu thuật phình tách động mạch, quả lọc tách huyết tương và bộ dây dẫn, dung dịch bảo vệ tạng, dây truyền dung dịch bảo vệ tạng.] [PT loại DB]","24,000,000"
"Phẫu thuật điều trị vết thương - chấn thương mạch cảnh [Chưa bao gồm bộ tim phổi nhân tạo và dây chạy máy, động mạch chủ nhân tạo, mạch máu nhân tạo, keo sinh học dùng trong phẫu thuật phình tách động mạch, quả lọc tách huyết tương và bộ dây dẫn, dung dịch bảo vệ tạng, dây truyền dung dịch bảo vệ tạng.] [PT loại DB]","24,000,000"
"Phẫu thuật điều trị vết thương - chấn thương mạch chậu [Chưa bao gồm mạch máu nhân tạo, động mạch chủ nhân tạo, keo sinh học dùng trong phẫu thuật phình tách động mạch.] [PT loại DB]","20,000,000"
"Phẫu thuật điều trị vết thương - chấn thương mạch dưới đòn [Chưa bao gồm mạch máu nhân tạo, động mạch chủ nhân tạo, keo sinh học dùng trong phẫu thuật phình tách động mạch.] [PT loại DB]","20,000,000"
Phẫu thuật điều trị vết thương mạch đốt sống [PT loại 2],"12,000,000"
"Phẫu thuật điều trị vết thương – chấn thương động – tĩnh mạch chủ, mạch tạng, mạch thận [Chưa bao gồm bộ tim phổi nhân tạo và dây chạy máy, động mạch chủ nhân tạo, mạch máu nhân tạo, keo sinh học dùng trong phẫu thuật phình tách động mạch, quả lọc tách huyết tương và bộ dây dẫn, dung dịch bảo vệ tạng, dây truyền dung dịch bảo vệ tạng.] [PT loại DB]","18,700,000"
Phẫu thuật ghép van tim đồng loài [PT DB],"27,800,000"
Phẫu thuật bắc cầu động mạch chủ - động mạch phổi phổi trong bệnh tim bẩm sinh có hẹp đường ra thất phải ( Chưa bao gồm mạch máu nhân tạo/ động mạch chủ nhân tạo.) [PT loại DB],"24,000,000"
Phẫu thuật đóng thông liên nhĩ [PT loại ĐB],"27,800,000"
"Phẫu thuật vá thông liên thất [Chưa bao gồm bộ tim phổi nhân tạo và dây chạy máy, vòng van và van tim nhân tạo, mạch máu nhân tạo, động mạch chủ nhân tạo, keo sinh học dùng trong phẫu thuật phình tách động mạch, quả lọc tách huyết tương và bộ dây dẫn, miếng vá siêu mỏng, dung dịch bảo vệ tạng, PT loại ĐB]","27,800,000"
Phẫu thuật sửa toàn bộ tứ chứng Fallot [PT loại ĐB],"27,800,000"
Phẫu thuật sửa toàn bộ kênh sàn nhĩ – thất toàn bộ [PT loại ĐB],"27,800,000"
Phẫu thuật sửa toàn bộ vỡ phình xoang Valsalva [PT loại ĐB],"27,800,000"
"Phẫu thuật điều trị hẹp đường ra thất phải đơn thuần (hẹp phễu thất phải, van động mạch phổi …) (Chưa bao gồm bộ tim phổi nhân tạo và dây chạy máy, vòng van và van tim nhân tạo, mạch máu nhân tạo, động mạch chủ nhân tạo, keo sinh học dùng trong phẫu thuật phình tách động mạch, quả lọc tách huyết tương và bộ dây dẫn, miếng vá siêu mỏng, dung dịch bảo vệ tạng.) [PT loại DB]","27,800,000"
Phẫu thuật sửa toàn bộ bệnh tĩnh mạch phổi đổ lạc chỗ hoàn toàn [PT loại ĐB],"27,800,000"
"Phẫu thuật sửa van ba lá điều trị bệnh Ebstein (Chưa bao gồm bộ tim phổi nhân tạo và dây chạy máy, vòng van và van tim nhân tạo, mạch máu nhân tạo, động mạch chủ nhân tạo, keo sinh học dùng trong phẫu thuật phình tách động mạch, quả lọc tách huyết tương và bộ dây dẫn, miếng vá siêu mỏng, dung dịch bảo vệ tạng.) [PT loại DB]","27,800,000"
"Phẫu thuật thay van ba lá điều trị bệnh Ebstein (Chưa bao gồm bộ tim phổi nhân tạo và dây chạy máy, vòng van và van tim nhân tạo, mạch máu nhân tạo, động mạch chủ nhân tạo, keo sinh học dùng trong phẫu thuật phình tách động mạch, quả lọc tách huyết tương và bộ dây dẫn, miếng vá siêu mỏng, dung dịch bảo vệ tạng.) [PT loại DB]","27,800,000"
Phẫu thuật đóng dò động mạch vành vào các buồng tim [PT loại ĐB],"25,400,000"
Phẫu thuật điều trị dò động – tĩnh mạch phổi [PT loại ĐB],"18,100,000"
"Phẫu thuật điều trị teo, dị dạng quai động mạch chủ [PT loại ĐB]","25,400,000"
"Phẫu thuật điều trị hẹp eo động mạch chủ ở trẻ nhỏ ( Chưa bao gồm mạch máu nhân tạo, động mạch chủ nhân tạo, keo sinh học dùng trong phẫu thuật phình tách động mạch.) [PT loại DB]","25,400,000"
"Phẫu thuật bệnh tim bẩm sinh có dùng máy tim phổi nhân tạo ( Chưa bao gồm bộ tim phổi nhân tạo và dây chạy máy, mạch máu nhân tạo, động mạch chủ nhân tạo, keo sinh học dùng trong phẫu thuật phình tách động mạch, quả lọc tách huyết tương và bộ dây dẫn.) [PT loại DB]","27,800,000"
Kỹ thuật chạy máy hỗ trợ tim phổi (ECMO) ở trẻ em [Phẫu thuật đặt hệ thống tim phổi nhân tạo (ECMO)] [PT loại ĐB],"15,700,000"
"Kỹ thuật chạy máy hỗ trợ tim phổi (ECMO) ở trẻ em [Thay dây, thay tim phổi (ECMO)] [PT loại ĐB]","9,700,000"
"Kỹ thuật chạy máy hỗ trợ tim phổi (ECMO) ở trẻ em [Theo dõi, chạy tim phổi nhân tạo (ECMO) mỗi 8 giờ] [PT loại ĐB]","9,700,000"
Kỹ thuật chạy máy hỗ trợ tim phổi (ECMO) ở trẻ em [Kết thúc và rút hệ thống ECMO] [PT loại ĐB],"10,900,000"
"Phẫu thuật bắc cầu động mạch chủ - động mạch vành có dùng máy tim phổi nhân tạo ( Chưa bao gồm bộ tim phổi nhân tạo và dây chạy máy, mạch máu nhân tạo, động mạch chủ nhân tạo, keo sinh học dùng trong phẫu thuật phình tách động mạch, quả lọc tách huyết tương và bộ dây dẫn, dung dịch bảo vệ tạng.) [PT loại DB]","29,100,000"
Phẫu thuật bắc cầu động mạch chủ - động mạch vành không dùng máy tim phổi nhân tạo [PT DB],"26,600,000"
"Phẫu thuật bắc cầu động mạch chủ - động mạch vành kết hợp can thiệp khác trên tim (thay van, cắt khối phồng thất trái …) [PT loại ĐB]","29,100,000"
"Phẫu thuật thay van hai lá (Chưa bao gồm bộ tim phổi nhân tạo và dây chạy máy, vòng van và van tim nhân tạo, mạch máu nhân tạo, động mạch chủ nhân tạo, keo sinh học dùng trong phẫu thuật phình tách động mạch, quả lọc tách huyết tương và bộ dây dẫn, miếng vá siêu mỏng, dung dịch bảo vệ tạng) (Phẫu thuật đặc biệt)","27,800,000"
"Phẫu thuật thay hoặc tạo hình van hai lá (Chưa bao gồm bộ tim phổi nhân tạo và dây chạy máy, vòng van và van tim nhân tạo, mạch máu nhân tạo, động mạch chủ nhân tạo, keo sinh học dùng trong phẫu thuật phình tách động mạch, quả lọc tách huyết tương và bộ dây dẫn, miếng vá siêu mỏng, dung dịch bảo vệ tạng.) [PT loại DB]","27,800,000"
"Phẫu thuật thay van động mạch chủ (Chưa bao gồm bộ tim phổi nhân tạo và dây chạy máy, vòng van và van tim nhân tạo, mạch máu nhân tạo, động mạch chủ nhân tạo, keo sinh học dùng trong phẫu thuật phình tách động mạch, quả lọc tách huyết tương và bộ dây dẫn, miếng vá siêu mỏng, dung dịch bảo vệ tạng.) [PT loại DB]","27,800,000"
"Phẫu thuật thay van động mạch chủ và động mạch chủ lên (Chưa bao gồm bộ tim phổi nhân tạo và dây chạy máy, vòng van và van tim nhân tạo, mạch máu nhân tạo, động mạch chủ nhân tạo, keo sinh học dùng trong phẫu thuật phình tách động mạch, quả lọc tách huyết tương và bộ dây dẫn, miếng vá siêu mỏng, dung dịch bảo vệ tạng.) [PT loại DB]","27,800,000"
"Phẫu thuật tạo hình van động mạch chủ (Chưa bao gồm bộ tim phổi nhân tạo và dây chạy máy, vòng van và van tim nhân tạo, mạch máu nhân tạo, động mạch chủ nhân tạo, keo sinh học dùng trong phẫu thuật phình tách động mạch, quả lọc tách huyết tương và bộ dây dẫn, miếng vá siêu mỏng, dung dịch bảo vệ tạng.) [PT loại DB]","27,800,000"
"Phẫu thuật thay hoặc tạo hình van hai lá kết hợp thay hoặc tạo hình van động mạch chủ (Chưa bao gồm bộ tim phổi nhân tạo và dây chạy máy, vòng van và van tim nhân tạo, mạch máu nhân tạo, động mạch chủ nhân tạo, keo sinh học dùng trong phẫu thuật phình tách động mạch, quả lọc tách huyết tương và bộ dây dẫn, miếng vá siêu mỏng, dung dịch bảo vệ tạng.) [PT loại DB]","27,800,000"
"Phẫu thuật tạo hình hoặc thay van ba lá đơn thuần (Chưa bao gồm bộ tim phổi nhân tạo và dây chạy máy, vòng van và van tim nhân tạo, mạch máu nhân tạo, động mạch chủ nhân tạo, keo sinh học dùng trong phẫu thuật phình tách động mạch, quả lọc tách huyết tương và bộ dây dẫn, miếng vá siêu mỏng, dung dịch bảo vệ tạng.) [PT loại DB]","27,800,000"
"Phẫu thuật thay đoạn động mạch chủ lên ( Chưa bao gồm bộ tim phổi nhân tạo và dây chạy máy, động mạch chủ nhân tạo,van động mạch chủ nhân tạo, mạch máu nhân tạo, keo sinh học dùng trong phẫu thuật phình tách động mạch, quả lọc tách huyết tương và bộ dây dẫn, dung dịch bảo vệ tạng.) [PT loại DB]","30,300,000"
"Phẫu thuật thay động mạch chủ lên và quai động mạch chủ ( Chưa bao gồm bộ tim phổi nhân tạo và dây chạy máy, động mạch chủ nhân tạo,van động mạch chủ nhân tạo, mạch máu nhân tạo, keo sinh học dùng trong phẫu thuật phình tách động mạch, quả lọc tách huyết tương và bộ dây dẫn, dung dịch bảo vệ tạng.) [PT loại DB]","30,300,000"
"Phẫu thuật thay động mạch chủ lên, quai động mạch chủ và động mạch chủ xuống ( Chưa bao gồm bộ tim phổi nhân tạo và dây chạy máy, động mạch chủ nhân tạo,van động mạch chủ nhân tạo, mạch máu nhân tạo, keo sinh học dùng trong phẫu thuật phình tách động mạch, quả lọc tách huyết tương và bộ dây dẫn, dung dịch bảo vệ tạng.) [PT loại DB]","30,300,000"
Phẫu thuật cắt u nhày nhĩ trái [PT loại ĐB],"27,800,000"
Phẫu thuật cắt u cơ tim [PT loại ĐB],"27,800,000"
"Phẫu thuật cắt túi phồng thất trái (Chưa bao gồm bộ tim phổi nhân tạo và dây chạy máy, vòng van và van tim nhân tạo, mạch máu nhân tạo, động mạch chủ nhân tạo, keo sinh học dùng trong phẫu thuật phình tách động mạch, quả lọc tách huyết tương và bộ dây dẫn, miếng vá siêu mỏng, dung dịch bảo vệ tạng.) [PT loại DB]","27,800,000"
Phẫu thuật dẫn lưu dịch khoang màng tim [PT loại 2],"10,100,000"
Kỹ thuật chạy máy hỗ trợ tim phổi (ECMO) ở người lớn [Phẫu thuật đặt hệ thống tim phổi nhân tạo (ECMO)] [PT loại ĐB],"15,700,000"
"Kỹ thuật chạy máy hỗ trợ tim phổi (ECMO) ở người lớn [Thay dây, thay tim phổi (ECMO)] [PT loại ĐB]","9,700,000"
"Kỹ thuật chạy máy hỗ trợ tim phổi (ECMO) ở người lớn [Theo dõi, chạy tim phổi nhân tạo (ECMO) mỗi 8 giờ] [PT loại ĐB]","9,700,000"
Kỹ thuật chạy máy hỗ trợ tim phổi (ECMO) ở người lớn [Kết thúc và rút hệ thống ECMO] [PT loại ĐB],"10,900,000"
"Phẫu thuật thay đoạn động mạch chủ ngực ( Chưa bao gồm bộ tim phổi nhân tạo và dây chạy máy, động mạch chủ nhân tạo,van động mạch chủ nhân tạo, mạch máu nhân tạo, keo sinh học dùng trong phẫu thuật phình tách động mạch, quả lọc tách huyết tương và bộ dây dẫn, dung dịch bảo vệ tạng.) [PT loại DB]","30,300,000"
"Phẫu thuật bắc cầu động mạch chủ lên - động mạch lớn xuất phát từ quai động mạch chủ [Chưa bao gồm bộ tim phổi nhân tạo và dây chạy máy, động mạch chủ nhân tạo, mạch máu nhân tạo, keo sinh học dùng trong phẫu thuật phình tách động mạch, quả lọc tách huyết tương và bộ dây dẫn, dung dịch bảo vệ tạng, dây truyền dung dịch bảo vệ tạng.] [PT loại DB]","26,600,000"
Phẫu thuật bắc cầu điều trị thiếu máu mạn tính chi [Chưa bao gồm đoạn mạch nhân tạo.] [PT loại 1],"9,330,000"
"Phẫu thuật điều trị tắc động mạch chi cấp tính do huyết khối, mảnh sùi, dị vật [Chưa bao gồm đoạn mạch nhân tạo.] [PT loại 1]","9,330,000"
"Phẫu thuật bắc cầu động mạch chủ bụng – động mạch tạng ( Chưa bao gồm mạch máu nhân tạo, động mạch chủ nhân tạo) [PT loại 1]","16,000,000"
"Phẫu thuật bắc cầu các động mạch vùng cổ - nền cổ (cảnh – dưới đòn, cảnh – cảnh) [Chưa bao gồm bộ tim phổi nhân tạo và dây chạy máy, động mạch chủ nhân tạo, mạch máu nhân tạo, keo sinh học dùng trong phẫu thuật phình tách động mạch, quả lọc tách huyết tương và bộ dây dẫn, dung dịch bảo vệ tạng, dây truyền dung dịch bảo vệ tạng.] [PT loại DB]","26,600,000"
Phẫu thuật bắc cầu động mạch nách – động mạch đùi [Chưa bao gồm đoạn mạch nhân tạo.] [PT loại 1],"9,330,000"
Phẫu thuật điều trị bệnh suy – giãn tĩnh mạch chi dưới (Phẫu thuật loại 1),"9,330,000"
"Phẫu thuật điều trị phồng, giả phồng động mạch chi [PT loại 1]","9,330,000"
Phẫu thuật bắc cầu tĩnh mạch cửa – tĩnh mạch chủ dưới điều trị tăng áp lực tĩnh mạch cửa [PT ĐB],"12,000,000"
Phẫu thuật bệnh mạch máu có dùng máy tim phổi nhân tạo [PT loại ĐB],"27,800,000"
"Phẫu thuật cắt một thùy phổi bệnh lý [Chưa bao gồm máy cắt nối tự động, ghim khâu máy hoặc stapler] [PT loại DB]","13,300,000"
Phẫu thuật cắt phổi do ung thư kèm nạo vét hạch (Phẫu thuật đặc biệt),"13,300,000"
Phẫu thuật cắt u trung thất [PT loại ĐB],"16,000,000"
"Phẫu thuật cắt u nang phế quản [Chưa bao gồm máy cắt nối tự động, ghim khâu máy hoặc stapler] [PT loại 1]","16,000,000"
Phẫu thuật cắt u thành ngực [PT loại 2],"5,820,000"
"Phẫu thuật bóc màng phổi điều trị ổ cặn, dầy dính màng phổi [Chưa bao gồm các loại đinh nẹp vít, các loại khung, thanh nâng ngực và đai nẹp ngoài.] [PT loại DB]","8,540,000"
"Phẫu thuật điều trị lỗ dò phế quản [Chưa bao gồm các loại đinh nẹp vít, các loại khung, thanh nâng ngực và đai nẹp ngoài.] [PT loại DB]","8,540,000"
"Phẫu thuật cắt xương sườn do u xương sườn [Chưa bao gồm các loại đinh nẹp vít, các loại khung, thanh nâng ngực và đai nẹp ngoài.] [PT loại 1]","8,540,000"
"Phẫu thuật cắt xương sườn do viêm xương [Chưa bao gồm các loại đinh nẹp vít, các loại khung, thanh nâng ngực và đai nẹp ngoài.] [PT loại 1]","8,540,000"
"Phẫu thuật đánh xẹp ngực điều trị ổ cặn màng phổi [Chưa bao gồm các loại đinh nẹp vít, các loại khung, thanh nâng ngực và đai nẹp ngoài.] [PT loại 1]","8,540,000"
"Mở ngực thăm dò, sinh thiết (Phẫu thuật loại 1)","4,210,000"
"Phẫu thuật cắt – khâu kén khí phổi [Chưa bao gồm các loại đinh nẹp vít, các loại khung, thanh nâng ngực và đai nẹp ngoài.] [PT loại 1]","8,540,000"
"Phẫu thuật điều trị máu đông màng phổi [Chưa bao gồm các loại đinh nẹp vít, các loại khung, thanh nâng ngực và đai nẹp ngoài.] [PT loại 1]","8,540,000"
"Phẫu thuật lấy dị vật phổi – màng phổi [Chưa bao gồm các loại đinh nẹp vít, các loại khung, thanh nâng ngực và đai nẹp ngoài.] [PT loại 1]","8,540,000"
"Phẫu thuật điều trị bệnh lý mủ màng phổi [Chưa bao gồm các loại đinh nẹp vít, các loại khung, thanh nâng ngực và đai nẹp ngoài.] [PT loại 1]","8,540,000"
Mở ngực thăm dò (Phẫu thuật loại 2),"4,600,000"
"Mở ngực thăm dò, sinh thiết (Phẫu thuật loại 2)","4,600,000"
"Chụp và nút động mạch phế quản số hóa xóa nền [Chưa bao gồm vật tư chuyên dụng dùng để can thiệp: bóng nong, bộ bơm áp lực, stent, các vật liệu nút mạch, các vi ống thông, vi dây dẫn, các vòng xoắn kim loại, TT loại DB]","20,000,000"
"Đặt máy tạo nhịp [Chưa bao gồm máy tạo nhịp, máy phá rung, TT loại DB]","10,600,000"
"Đặt máy tạo nhịp phá rung [Chưa bao gồm máy tạo nhịp, máy phá rung, TT loại DB]","10,600,000"
"Phẫu thuật nội soi cắt u trung thất nhỏ (< 5 cm) [Chưa bao gồm: máy cắt nối tự động, ghim khâu máy; hoặc Stapler.] [PT loại 1]","12,000,000"
"Phẫu thuật nội soi cắt u trung thất lớn (> 5 cm) [Chưa bao gồm: máy cắt nối tự động, ghim khâu máy; hoặc Stapler.] [PT loại DB]","16,000,000"
"Phẫu thuật đóng đường rò trong bệnh lý đường hầm động mạch chủ-thất trái [Chưa bao gồm bộ tim phổi nhân tạo và dây chạy máy, vòng van và van tim nhân tạo, mạch máu nhân tạo, động mạch chủ nhân tạo, keo sinh học dùng trong phẫu thuật phình tách động mạch, quả lọc tách huyết tương và bộ dây dẫn, miếng vá siêu mỏng, dung dịch bảo vệ tạng, dây truyền dung dịch bảo vệ tạng.] [PT loại DB]","26,600,000"
"Phẫu thuật bệnh lý ống động mạch ở trẻ em bằng mổ mở ( Chưa bao gồm mạch máu nhân tạo, động mạch chủ nhân tạo, keo sinh học dùng trong phẫu thuật phình tách động mạch.) [PT loại 1]","26,600,000"
"Phẫu thuật điều trị bệnh còn ống động mạch ở trẻ nhỏ ( Chưa bao gồm mạch máu nhân tạo, động mạch chủ nhân tạo, keo sinh học dùng trong phẫu thuật phình tách động mạch.) [PT loại 1]","24,000,000"
"Phẫu thuật tách hẹp van hai lá tim kín lần đầu ( Chưa bao gồm động mạch chủ nhân tạo, van động mạch chủ nhân tạo, mạch máu nhân tạo, keo sinh học dùng trong phẫu thuật phình tách động mạch.)","26,600,000"
"Phẫu thuật tách hẹp van hai lá tim kín lần hai ( Chưa bao gồm động mạch chủ nhân tạo, van động mạch chủ nhân tạo, mạch máu nhân tạo, keo sinh học dùng trong phẫu thuật phình tách động mạch. )","26,600,000"
Phẫu thuật cắt màng tim điều trị viêm màng ngoài tim co thắt [PT loại ĐB],"26,600,000"
Phẫu thuật điều trị viêm mủ màng tim [PT loại 1],"26,600,000"
"Phẫu thuật thay đoạn động mạch chủ trên thận [Chưa bao gồm bộ tim phổi nhân tạo và dây chạy máy, động mạch chủ nhân tạo,van động mạch chủ nhân tạo, mạch máu nhân tạo, keo sinh học dùng trong phẫu thuật phình tách động mạch, quả lọc tách huyết tương và bộ dây dẫn, dung dịch bảo vệ tạng, bộ dây truyền dung dịch liệt tim.] [PT loại DB]","26,600,000"
"Phẫu thuật thay đoạn động mạch chủ bụng trên và dưới thận [Chưa bao gồm bộ tim phổi nhân tạo và dây chạy máy, động mạch chủ nhân tạo,van động mạch chủ nhân tạo, mạch máu nhân tạo, keo sinh học dùng trong phẫu thuật phình tách động mạch, quả lọc tách huyết tương và bộ dây dẫn, dung dịch bảo vệ tạng, bộ dây truyền dung dịch liệt tim.] [PT loại DB]","26,600,000"
"Phẫu thuật điều trị hẹp khít động mạch cảnh do xơ vữa [Chưa bao gồm bộ tim phổi nhân tạo và dây chạy máy, động mạch chủ nhân tạo, mạch máu nhân tạo, keo sinh học dùng trong phẫu thuật phình tách động mạch, quả lọc tách huyết tương và bộ dây dẫn, dung dịch bảo vệ tạng, dây truyền dung dịch bảo vệ tạng.] [PT loại 1]","26,600,000"
"Phẫu thuật điều trị phồng động mạch cảnh [Chưa bao gồm bộ tim phổi nhân tạo và dây chạy máy, động mạch chủ nhân tạo, mạch máu nhân tạo, keo sinh học dùng trong phẫu thuật phình tách động mạch, quả lọc tách huyết tương và bộ dây dẫn, dung dịch bảo vệ tạng, dây truyền dung dịch bảo vệ tạng.] [PT loại 1]","26,600,000"
"Phẫu thuật điều trị thông động – tĩnh mạch cảnh [Chưa bao gồm bộ tim phổi nhân tạo và dây chạy máy, động mạch chủ nhân tạo, mạch máu nhân tạo, keo sinh học dùng trong phẫu thuật phình tách động mạch, quả lọc tách huyết tương và bộ dây dẫn, dung dịch bảo vệ tạng, dây truyền dung dịch bảo vệ tạng.] [PT loại DB]","26,600,000"
Đặt catheter tĩnh mạch trung tâm bù dịch điều trị sốc bỏng (Thủ thuật loại 1),"727,000"
Đặt catheter tĩnh mạch cảnh ngoài (Thủ thuật loại 2),"793,000"
Đặt catheter tĩnh mạch trung tâm một nòng dưới hướng dẫn của siêu âm,"727,000"
Đặt catheter tĩnh mạch trung tâm nhiều nòng (Thủ thuật loại 1),"727,000"
Đặt catheter tĩnh mạch trung tâm 01 nòng (Thủ thuật loại 1),"727,000"
"Đặt máy tạo nhịp tạm thời với điện cực trong buồng tim [Chưa bao gồm máy tạo nhịp, máy phá rung, TT loại 1]","4,000,000"
CAN THIỆP TIM MẠCH,
"Đặt stent khí phế quản [Chưa bao gồm stent, TT loại DB]","12,000,000"
"Đặt stent hẹp động mạch chủ [Chưa bao gồm vật tư chuyên dụng dùng để can thiệp: bóng nong, bộ bơm áp lực, stent, keo nút mạch, các vật liệu nút mạch, các vi ống thông, vi dây dẫn, các vòng xoắn kim loại.] [TT loại DB]","20,000,000"
Thông tim chẩn đoán (Dưới DSA) [TT loại 1],"9,330,000"
"Đặt stent tĩnh mạch phổi [Nhi khoa, chưa bao gồm vật tư chuyên dụng dùng để can thiệp: bóng nong, stent, các vật liệu nút mạch, các loại ống thông hoặc vi ống thông, các loại dây dẫn hoặc vi dây dẫn, các vòng xoắn kim loại, dụng cụ lấy dị vật, bộ dụng cụ lấy huyết khối, bộ dụng cụ bít (bộ thả dù, dù các loại), TT loại DB]","16,000,000"
"Đặt stent hẹp eo động mạch chủ [Nhi khoa, chưa bao gồm vật tư chuyên dụng dùng để can thiệp: bóng nong, bộ bơm áp lực, stent, keo nút mạch, các vật liệu nút mạch, các vi ống thông, vi dây dẫn, các vòng xoắn kim loại, TT loại DB]","20,000,000"
"Đặt stent động mạch ngoại biên [Nhi khoa, chưa bao gồm vật tư chuyên dụng dùng để can thiệp: bóng nong, bộ bơm áp lực, stent, keo nút mạch, các vật liệu nút mạch, các vi ống thông, vi dây dẫn, các vòng xoắn kim loại, TT loại DB]","20,000,000"
"Đặt stent động mạch thận [Nhi khoa, chưa bao gồm vật tư chuyên dụng dùng để can thiệp: bóng nong, stent, các vật liệu nút mạch, các loại ống thông hoặc vi ống thông, các loại dây dẫn hoặc vi dây dẫn, các vòng xoắn kim loại, dụng cụ lấy dị vật, bộ dụng cụ lấy huyết khối, bộ dụng cụ bít (bộ thả dù, dù các loại), TT loại DB]","16,000,000"
"Đặt stent ống động mạch [Nhi khoa, chưa bao gồm vật tư chuyên dụng dùng để can thiệp: bóng nong, stent, các vật liệu nút mạch, các loại ống thông hoặc vi ống thông, các loại dây dẫn hoặc vi dây dẫn, các vòng xoắn kim loại, dụng cụ lấy dị vật, bộ dụng cụ lấy huyết khối, bộ dụng cụ bít (bộ thả dù, dù các loại), TT loại DB]","16,000,000"
"Đặt stent phình động mạch chủ [Nhi khoa, chưa bao gồm vật tư chuyên dụng dùng để can thiệp: bóng nong, stent, các vật liệu nút mạch, các loại ống thông hoặc vi ống thông, các loại dây dẫn hoặc vi dây dẫn, các vòng xoắn kim loại, dụng cụ lấy dị vật, bộ dụng cụ lấy huyết khối, bộ dụng cụ bít (bộ thả dù, dù các loại), TT loại DB]","16,000,000"
"Nong mạch/đặt stent mạch các loại  [Nhi khoa, chưa bao gồm vật tư chuyên dụng dùng để can thiệp: bóng nong, stent, các vật liệu nút mạch, các loại ống thông hoặc vi ống thông, các loại dây dẫn hoặc vi dây dẫn, các vòng xoắn kim loại, dụng cụ lấy dị vật, bộ dụng cụ lấy huyết khối, bộ dụng cụ bít (bộ thả dù, dù các loại), TT loại DB]","16,000,000"
"Phẫu thuật điều trị các rối loạn nhịp tim [Chưa bao gồm bộ tim phổi nhân tạo và dây chạy máy, mạch máu nhân tạo, động mạch chủ nhân tạo, keo sinh học dùng trong phẫu thuật phình tách động mạch, quả lọc tách huyết tương và bộ dây dẫn, dung dịch bảo vệ tạng, bộ dây truyền dung dịch liệt tim.] [PT loại 1]","26,600,000"
Cắt màng ngoài tim trong viêm màng ngoài tim có mủ,"26,100,000"
"Đặt ống Stent chữa bí đái do phì đại tiền liệt tuyến [Chưa bao gồm sonde JJ, PT loại 1]","6,000,000"
Chụp động mạch não số hóa xóa nền (DSA) [TT loại 1],"9,330,000"
Chụp mạch vùng đầu mặt cổ số hóa xóa nền (DSA) [TT loại 1],"9,330,000"
Chụp động mạch chủ số hóa xóa nền (DSA) [TT loại 1],"9,330,000"
Chụp động mạch chậu số hóa xóa nền (DSA) [TT loại 1],"9,330,000"
"Chụp động mạch chi (trên, dưới) số hóa xóa nền (DSA) [TT loại 1]","9,330,000"
Chụp động mạch phổi số hóa xóa nền (DSA) [TT loại 1],"9,330,000"
Chụp động mạch phế quản số hóa xóa nền (DSA) [TT loại 1],"9,330,000"
Chụp các động mạch tủy [dưới DSA] [TT loại 1],"9,330,000"
"Chụp động mạch tạng (gan, lách, thận, tử cung, sinh dục..) số hóa xóa nền (DSA) [TT loại 1]","9,330,000"
Chụp động mạch mạc treo số hóa xóa nền (DSA) [TT loại 1],"9,330,000"
Chụp tĩnh mạch số hóa xóa nền (DSA) [TT loại 1],"9,330,000"
Chụp tĩnh mạch lách - cửa số hóa xóa nền (DSA) [TT loại 1],"9,330,000"
Chụp tĩnh mạch lách - cửa đo áp lực số hóa xóa nền (DSA) [TT loại 1],"9,330,000"
Chụp tĩnh mạch chi số hóa xóa nền (DSA) [TT loại 1],"9,330,000"
Chụp động mạch các loại chọc kim trực tiếp số hóa xóa nền (DSA) [TT loại 1],"9,330,000"
"Chụp, nong và đặt Stent động mạch chi (trên, dưới) số hóa xóa nền [Chưa bao gồm vật tư chuyên dụng dùng để can thiệp: bóng nong, bộ bơm áp lực, stent, keo nút mạch, các vật liệu nút mạch, các vi ống thông, vi dây dẫn, các vòng xoắn kim loại.] [TT loại DB]","20,000,000"
"Chụp và điều trị lấy huyết khối qua ống thông điều trị tắc mạch chi số hóa xóa nền [Chưa bao gồm vật tư chuyên dụng dùng để can thiệp: bóng nong, bộ bơm áp lực, stent, keo nút mạch, các vật liệu nút mạch, các vi ống thông, vi dây dẫn, các vòng xoắn kim loại.] [TT loại DB]","20,000,000"
"Chụp và đặt lưới lọc tĩnh mạch chủ số hóa xóa nền [Chưa bao gồm vật tư chuyên dụng dùng để can thiệp: bóng nong, bộ bơm áp lực, stent, keo nút mạch, các vật liệu nút mạch, các vi ống thông, vi dây dẫn, các vòng xoắn kim loại.] [TT loại DB]","20,000,000"
"Chụp và nút mạch điều trị u gan số hóa xóa nền ( Chưa bao gồm vật tư chuyên dụng dùng để can thiệp: bóng nong, bộ bơm áp lực, stent, các vật liệu nút mạch, các vi ống thông, vi dây dẫn, các vòng xoắn kim loại. )","20,000,000"
"Chụp và nút động mạch gan số hóa xóa nền ( Chưa bao gồm vật tư chuyên dụng dùng để can thiệp: bóng nong, bộ bơm áp lực, stent, các vật liệu nút mạch, các vi ống thông, vi dây dẫn, các vòng xoắn kim loại.)","20,000,000"
"Chụp nút mạch điều trị ung thư gan (TACE) ( Chưa bao gồm vật tư chuyên dụng dùng để can thiệp: bóng nong, bộ bơm áp lực, stent, các vật liệu nút mạch, các vi ống thông, vi dây dẫn, các vòng xoắn kim loại.)","20,000,000"
"Chụp và nút hệ tĩnh mạch cửa gan số hóa xóa nền ( Chưa bao gồm vật tư chuyên dụng dùng để can thiệp: bóng nong, bộ bơm áp lực, stent, các vật liệu nút mạch, các vi ống thông, vi dây dẫn, các vòng xoắn kim loại.)","20,000,000"
"Chụp và nút động mạch phế quản số hóa xóa nền ( Chưa bao gồm vật tư chuyên dụng dùng để can thiệp: bóng nong, bộ bơm áp lực, stent, các vật liệu nút mạch, các vi ống thông, vi dây dẫn, các vòng xoắn kim loại.)","20,000,000"
"Chụp và can thiệp mạch phổi số hóa xóa nền ( Chưa bao gồm vật tư chuyên dụng dùng để can thiệp: bóng nong, bộ bơm áp lực, stent, các vật liệu nút mạch, các vi ống thông, vi dây dẫn, các vòng xoắn kim loại.)","20,000,000"
"Chụp và nút mạch mạc treo (tràng trên, tràng dưới) số hóa xóa nền ( Chưa bao gồm vật tư chuyên dụng dùng để can thiệp: bóng nong, bộ bơm áp lực, stent, các vật liệu nút mạch, các vi ống thông, vi dây dẫn, các vòng xoắn kim loại.)","20,000,000"
"Chụp và nút mạch điều trị u xơ tử cung số hóa xóa nền ( Chưa bao gồm vật tư chuyên dụng dùng để can thiệp: bóng nong, bộ bơm áp lực, stent, các vật liệu nút mạch, các vi ống thông, vi dây dẫn, các vòng xoắn kim loại.)","20,000,000"
"Chụp và nút mạch điều trị lạc nội mạch trong cơ tử cung số hóa xóa nền ( Chưa bao gồm vật tư chuyên dụng dùng để can thiệp: bóng nong, bộ bơm áp lực, stent, các vật liệu nút mạch, các vi ống thông, vi dây dẫn, các vòng xoắn kim loại.)","20,000,000"
"Chụp và nút động mạch tử cung số hóa xóa nền ( Chưa bao gồm vật tư chuyên dụng dùng để can thiệp: bóng nong, bộ bơm áp lực, stent, các vật liệu nút mạch, các vi ống thông, vi dây dẫn, các vòng xoắn kim loại.)","20,000,000"
"Chụp và can thiệp mạch lách số hóa xóa nền ( Chưa bao gồm vật tư chuyên dụng dùng để can thiệp: bóng nong, bộ bơm áp lực, stent, các vật liệu nút mạch, các vi ống thông, vi dây dẫn, các vòng xoắn kim loại.)","20,000,000"
"Chụp và can thiệp mạch tá tụy số hóa xóa nền [ Chưa bao gồm vật tư chuyên dụng dùng để can thiệp: bóng nong, bộ bơm áp lực, stent, các vật liệu nút mạch, các vi ống thông, vi dây dẫn, các vòng xoắn kim loại, TT loại DB]","20,000,000"
"Chụp, nong và đặt stent động mạch mạc treo (tràng trên, tràng dưới) số hóa xóa nền [Chưa bao gồm vật tư chuyên dụng dùng để can thiệp: bóng nong, bộ bơm áp lực, stent, các vật liệu nút mạch, các vi ống thông, vi dây dẫn, các vòng xoắn kim loại, TT loại DB]","20,000,000"
"Chụp, nong và đặt Stent động mạch thận số hóa xóa nền [Chưa bao gồm vật tư chuyên dụng dùng để can thiệp: bóng nong, bộ bơm áp lực, stent, các vật liệu nút mạch, các vi ống thông, vi dây dẫn, các vòng xoắn kim loại, TT loại DB]","20,000,000"
"Chụp và nút dị dạng động mạch thận số hóa xóa nền ( Chưa bao gồm vật tư chuyên dụng dùng để can thiệp: bóng nong, bộ bơm áp lực, stent, các vật liệu nút mạch, các vi ống thông, vi dây dẫn, các vòng xoắn kim loại.)","20,000,000"
"Chụp và nút mạch bằng hạt DC Bead gắn hóa chất điều trị u gan số hóa xóa nền ( Chưa bao gồm vật tư chuyên dụng dùng để can thiệp: bóng nong, bộ bơm áp lực, stent, các vật liệu nút mạch, các vi ống thông, vi dây dẫn, các vòng xoắn kim loại.)","20,000,000"
"Chụp và nút động mạch điều trị cầm máu các tạng số hóa xóa nền ( Chưa bao gồm vật tư chuyên dụng dùng để can thiệp: bóng nong, bộ bơm áp lực, stent, các vật liệu nút mạch, các vi ống thông, vi dây dẫn, các vòng xoắn kim loại.)","20,000,000"
"Chụp và nút phình động mạch não số hóa xóa nền [Chưa bao gồm vật tư chuyên dụng dùng để can thiệp: bóng nong, bộ bơm áp lực, stent, keo nút mạch, các vật liệu nút mạch, các vi ống thông, vi dây dẫn, các vòng xoắn kim loại, dụng cụ lấy dị vật, hút huyết khối.] [PT loại 1]","24,000,000"
"Chụp và nút dị dạng thông động tĩnh mạch não số hóa xóa nền [Chưa bao gồm vật tư chuyên dụng dùng để can thiệp: bóng nong, bộ bơm áp lực, stent, keo nút mạch, các vật liệu nút mạch, các vi ống thông, vi dây dẫn, các vòng xoắn kim loại, dụng cụ lấy dị vật, hút huyết khối.] [PT loại 1]","24,000,000"
"Chụp và nút thông động mạch cảnh xoang hang số hóa xóa nền [Chưa bao gồm vật tư chuyên dụng dùng để can thiệp: bóng nong, bộ bơm áp lực, stent, keo nút mạch, các vật liệu nút mạch, các vi ống thông, vi dây dẫn, các vòng xoắn kim loại, dụng cụ lấy dị vật, hút huyết khối.] [TT loại DB]","24,000,000"
"Chụp và nút dị dạng thông động tĩnh mạch màng cứng số hóa xóa nền [Chưa bao gồm vật tư chuyên dụng dùng để can thiệp: bóng nong, bộ bơm áp lực, stent, keo nút mạch, các vật liệu nút mạch, các vi ống thông, vi dây dẫn, các vòng xoắn kim loại, dụng cụ lấy dị vật, hút huyết khối.] [PT loại 1]","24,000,000"
"Chụp và nút động mạch đốt sống số hóa xóa nền [Chưa bao gồm vật tư chuyên dụng dùng để can thiệp: bóng nong, bộ bơm áp lực, stent, keo nút mạch, các vật liệu nút mạch, các vi ống thông, vi dây dẫn, các vòng xoắn kim loại, dụng cụ lấy dị vật, hút huyết khối.] [TT loại DB]","24,000,000"
"Chụp, nong và đặt stent điều trị hẹp động mạch ngoài sọ (mạch cảnh, đốt sống) số hóa xóa nền [Chưa bao gồm vật tư chuyên dụng dùng để can thiệp: bóng nong, bộ bơm áp lực, stent, keo nút mạch, các vật liệu nút mạch, các vi ống thông, vi dây dẫn, các vòng xoắn kim loại, dụng cụ lấy dị vật, hút huyết khối.] [PT loại 1]","25,300,000"
"Chụp và nong hẹp động mạch nội sọ số hóa xóa nền [Chưa bao gồm vật tư chuyên dụng dùng để can thiệp: bóng nong, bộ bơm áp lực, stent, keo nút mạch, các vật liệu nút mạch, các vi ống thông, vi dây dẫn, các vòng xoắn kim loại, dụng cụ lấy dị vật, hút huyết khối.] [PT loại 1]","24,000,000"
"Chụp, nong và đặt Stent điều trị hẹp động mạch nội sọ số hóa xóa nền [Chưa bao gồm vật tư chuyên dụng dùng để can thiệp: bóng nong, bộ bơm áp lực, stent, keo nút mạch, các vật liệu nút mạch, các vi ống thông, vi dây dẫn, các vòng xoắn kim loại, dụng cụ lấy dị vật, hút huyết khối.] [PT loại 1]","25,300,000"
"Chụp và bơm thuốc tiêu sợi huyết đường động mạch điều trị tắc động mạch não cấp số hóa xóa nền [Chưa bao gồm vật tư chuyên dụng dùng để can thiệp: bóng nong, bộ bơm áp lực, stent, keo nút mạch, các vật liệu nút mạch, các vi ống thông, vi dây dẫn, các vòng xoắn kim loại, dụng cụ lấy dị vật, hút huyết khối.] [PT loại 1]","24,000,000"
"Chụp và can thiệp lấy huyết khối động mạch não số hóa xóa nền [Chưa bao gồm vật tư chuyên dụng dùng để can thiệp: bóng nong, bộ bơm áp lực, stent, keo nút mạch, các vật liệu nút mạch, các vi ống thông, vi dây dẫn, các vòng xoắn kim loại, dụng cụ lấy dị vật, hút huyết khối.] [PT loại 1]","24,000,000"
"Chụp và can thiệp các bệnh lý hệ tĩnh mạch não số hóa xóa nền [Chưa bao gồm vật tư chuyên dụng dùng để can thiệp: bóng nong, bộ bơm áp lực, stent, keo nút mạch, các vật liệu nút mạch, các vi ống thông, vi dây dẫn, các vòng xoắn kim loại, dụng cụ lấy dị vật, hút huyết khối.] [PT loại 1]","24,000,000"
"Chụp và nong cầu nối mạch chi (trên, dưới) số hóa xóa nền (Chưa bao gồm bóng nong, bộ bơm áp lực, stent, keo nút mạch, các vật liệu nút mạch, các vi ống thông, vi dây dẫn, các vòng xoắn kim loại, Dụng cụ đóng lòng mạch (angioseal; perclose...), Dụng cụ lấy dị vật (multi-snare) trong tim mạch, bộ dụng cụ lấy huyết khối.)","13,248,000"
"Nong đặt Stent đường mật số hóa xóa nền [Chưa bao gồm kim chọc, bóng nong, bộ nong, stent, các sonde dẫn, các dây dẫn, ống thông, rọ lấy dị vật, TT loại DB]","9,330,000"
"Nong và đặt Stent điều trị hẹp tắc vị tràng số hóa xóa nền [Chưa bao gồm kim chọc, stent, các sonde dẫn, các dây dẫn, dây đốt, ống thông, buồng truyền hóa chất, rọ lấy sỏi.] [TT loại DB]","6,000,000"
"Chụp động mạch vành [Dưới DSA, TT loại 1]","9,330,000"
"Chụp, nong và đặt stent động mạch vành [Chưa bao gồm vật tư chuyên dụng dùng để can thiệp: bóng nong, stent, các vật liệu nút mạch, các loại ống thông hoặc vi ống thông, các loại dây dẫn hoặc vi dây dẫn, các vòng xoắn kim loại, dụng cụ lấy dị vật, bộ dụng cụ lấy huyết khối, bộ dụng cụ bít (bộ thả dù, dù các loại).] [TT loại DB]","16,000,000"
Thông tim ống lớn [dưới DSA] [TT loại DB],"16,000,000"
"Nong van hai lá [dưới DSA] [Chưa bao gồm vật tư chuyên dụng dùng để can thiệp: bóng nong, stent, các vật liệu nút mạch, các loại ống thông hoặc vi ống thông, các loại dây dẫn hoặc vi dây dẫn, các vòng xoắn kim loại, dụng cụ lấy dị vật, bộ dụng cụ lấy huyết khối, bộ dụng cụ bít (bộ thả dù, dù các loại).] [TT loại DB]","16,000,000"
"Nong van động mạch chủ [dưới DSA] [Chưa bao gồm vật tư chuyên dụng dùng để can thiệp: bóng nong, stent, các vật liệu nút mạch, các loại ống thông hoặc vi ống thông, các loại dây dẫn hoặc vi dây dẫn, các vòng xoắn kim loại, dụng cụ lấy dị vật, bộ dụng cụ lấy huyết khối, bộ dụng cụ bít (bộ thả dù, dù các loại).] [TT loại DB]","16,000,000"
"Nong van động mạch phổi [dưới DSA] [Chưa bao gồm vật tư chuyên dụng dùng để can thiệp: bóng nong, stent, các vật liệu nút mạch, các loại ống thông hoặc vi ống thông, các loại dây dẫn hoặc vi dây dẫn, các vòng xoắn kim loại, dụng cụ lấy dị vật, bộ dụng cụ lấy huyết khối, bộ dụng cụ bít (bộ thả dù, dù các loại).] [TT loại DB]","16,000,000"
"Bít thông liên nhĩ [dưới DSA] [Chưa bao gồm vật tư chuyên dụng dùng để can thiệp: bóng nong, stent, các vật liệu nút mạch, các loại ống thông hoặc vi ống thông, các loại dây dẫn hoặc vi dây dẫn, các vòng xoắn kim loại, dụng cụ lấy dị vật, bộ dụng cụ lấy huyết khối, bộ dụng cụ bít (bộ thả dù, dù các loại).] [PT loại 1]","16,000,000"
"Bít thông liên thất [dưới DSA] [Chưa bao gồm vật tư chuyên dụng dùng để can thiệp: bóng nong, stent, các vật liệu nút mạch, các loại ống thông hoặc vi ống thông, các loại dây dẫn hoặc vi dây dẫn, các vòng xoắn kim loại, dụng cụ lấy dị vật, bộ dụng cụ lấy huyết khối, bộ dụng cụ bít (bộ thả dù, dù các loại).] [PT loại 1]","16,000,000"
"Bít ống động mạch [dưới DSA] [Chưa bao gồm vật tư chuyên dụng dùng để can thiệp: bóng nong, stent, các vật liệu nút mạch, các loại ống thông hoặc vi ống thông, các loại dây dẫn hoặc vi dây dẫn, các vòng xoắn kim loại, dụng cụ lấy dị vật, bộ dụng cụ lấy huyết khối, bộ dụng cụ bít (bộ thả dù, dù các loại).] [TT loại DB]","16,000,000"
"Chụp nong động mạch ngoại biên bằng bóng [dưới DSA] [Chưa bao gồm vật tư chuyên dụng dùng để can thiệp: bóng nong, bộ bơm áp lực, stent, keo nút mạch, các vật liệu nút mạch, các vi ống thông, vi dây dẫn, các vòng xoắn kim loại.] [TT loại DB]","20,000,000"
"Chụp, nong động mạch và đặt stent [dưới DSA] [Chưa bao gồm vật tư chuyên dụng dùng để can thiệp: bóng nong, bộ bơm áp lực, stent, keo nút mạch, các vật liệu nút mạch, các vi ống thông, vi dây dẫn, các vòng xoắn kim loại.] [TT loại DB]","20,000,000"
"Đặt stent động mạch chủ [dưới DSA] [Chưa bao gồm vật tư chuyên dụng dùng để can thiệp: bóng nong, bộ bơm áp lực, stent, keo nút mạch, các vật liệu nút mạch, các vi ống thông, vi dây dẫn, các vòng xoắn kim loại.] [PT loại 1]","20,000,000"
Đặt bóng đối xung động mạch chủ,"14,800,000"
Nội soi đặt bộ Stent thực quản (Chưa bao gồm stent) (Thủ thuật đặc biệt),"7,200,000"
CHỈNH HÌNH VI PHẪU - CHẤN THƯƠNG CHỈNH HÌNH,
Bó bột ống trong gãy xương bánh chè,"300,000"
Cắt nang giáp móng,"5,820,000"
Cắt u bao gân [PT loại 1],"4,000,000"
"Cắt u da đầu lành, đường kính dưới 5 cm","2,910,000"
"Cắt u da đầu lành, đường kính từ 5 cm trở lên","2,660,000"
"Cắt u mạch máu lớn trên 10 cm vùng sàn miệng, dưới hàm, cạnh cổ","5,330,000"
"Cắt u mỡ, u bã đậu vùng hàm mặt đường kính dưới5 cm [Gây mê nội khí quản, PT loại 2]","3,640,000"
"Cắt u mỡ, u bã đậu vùng hàm mặt đường kính trên 5 cm [Gây mê nội khí quản, PT loại 1]","3,340,000"
"Cắt u nang bao hoạt dịch (cổ tay, khoeo chân, cổ chân) [PT loại 3]","4,360,000"
Cắt u phần mềm vùng cổ,"5,820,000"
"Cắt u xương, sụn [Chưa bao gồm phương tiện cố định, phương tiên kết hợp, xương nhân tạo, xương bảo quản, sản phẩm sinh học thay thế, xi măng sinh học hoặc hóa học.] [PT loại 2]","7,270,000"
"Cắt ung thư biểu mô vùng mặt + tạo hình vạt da, đóng khuyết da bằng phẫu thuật tạo hình thẩm mỹ đường kính từ 5cm trở lên","16,000,000"
"Chỉnh hình bệnh co rút nhị đầu và cơ cánh tay trước [Chưa bao gồm đinh, nẹp, vít, gân nhân tạo, gân sinh học, khung cố định ngoài, xương nhân tạo hoặc sản phẩm sinh học thay thế xương.] [PT loại 2]","5,820,000"
"Chỉnh hình bệnh co rút nhị đầu và cơ cánh tay trước [Chưa bao gồm đinh, nẹp, vít, gân nhân tạo, gân sinh học, khung cố định ngoài, xương nhân tạo hoặc sản phẩm sinh học thay thế xương.] [PT loại 2] [gây tê]","5,820,000"
Chuyễn vạt da cân - cơ cuống mạch liền,"8,000,000"
Cố định gãy xương sườn bằng băng dính to bản,"145,000"
Cố định lồng ngực do chấn thương gãy xương sườn,"145,000"
Cụt chấn thương cổ và bàn chân [PT loại 2],"6,370,000"
Cụt chấn thương cổ và bàn chân [PT loại 2] [gây tê],"6,370,000"
"Gãy thân xương cánh tay phẫu thuật phương pháp METAIZEUM [Chưa bao gồm xương nhân tạo hoặc sản phẩm sinh học thay thế xương, đinh, nẹp, vít.] [PT loại 1]","7,330,000"
Ghép da rời mỗi chiều trên 5cm (Phẫu thuật loại 1),"4,800,000"
Ghép da tự thân mảnh lớn dưới 3% diện tích cơ thể ở trẻ em (Phẫu thuật loại 2),"4,730,000"
Ghép da tự thân mảnh lớn dưới 5% diện tích cơ thể ở người lớn (Phẫu thuật loại 2),"4,730,000"
Ghép da tự thân mảnh lớn trên 5% diện tích cơ thể ở trẻ em (Phẫu thuật loại 1),"6,680,000"
Ghép da tự thân mảnh lớn trên 10% diện tích cơ thể ở người lớn (Phẫu thuật loại 1),"7,160,000"
"Ghép xương trong phẫu thuật chấn thương cột sống thắt lưng [Chưa bao gồm khung cố định ngoài, nẹp, ốc, vít, lồng, xương nhân tạo hoặc sản phẩm sinh học thay thế xương.] [PT loại 1]","13,200,000"
"Ghép xương trong phẫu thuật chấn thương cột sống thắt lưng [Chưa bao gồm khung cố định ngoài, nẹp, ốc, vít, lồng, xương nhân tạo hoặc sản phẩm sinh học thay thế xương.] [PT loại 1] [gây tê]","13,200,000"
Hút dịch khớp cổ chân [TT loại 3],"158,000"
Hút dịch khớp cổ chân dưới hướng dẫn của siêu âm (Thủ thuật loại 2),"172,000"
Hút dịch khớp cổ tay [TT loại 3],"158,000"
Hút dịch khớp cổ tay dưới hướng dẫn của siêu âm (Thủ thuật loại 2),"172,000"
Hút dịch khớp gối [TT loại 3],"158,000"
Hút dịch khớp háng [TT loại 3],"158,000"
Hút dịch khớp khuỷu [TT loại 3],"158,000"
Hút dịch khớp vai [TT loại 3],"158,000"
Hút nang bao hoạt dịch (Thủ thuật loại 3),"158,000"
Hút ổ viêm/ áp xe phần mềm [TT loại 3],"436,000"
Hút ổ viêm/ áp xe phần mềm dưới hướng dẫn của siêu âm [TT loại 3],"581,000"
Khâu phục hồi tổn thương gân duỗi [Chưa bao gồm gân nhân tạo.] [PT loại 1],"5,840,000"
Khâu phục hồi tổn thương gân duỗi [Chưa bao gồm gân nhân tạo.] [PT loại 1] [gây tê],"5,840,000"
Khâu tổn thương gân gấp bàn tay ở vùng II [Chưa bao gồm gân nhân tạo.] [PT loại DB],"5,840,000"
Khâu tổn thương gân gấp bàn tay ở vùng II [Chưa bao gồm gân nhân tạo.] [PT loại DB] [gây tê],"5,840,000"
"Khâu tổn thương gân gấp vùng I, III, IV, V [Chưa bao gồm gân nhân tạo.] [PT loại 1]","5,840,000"
"Khâu tổn thương gân gấp vùng I, III, IV, V [Chưa bao gồm gân nhân tạo.] [PT loại 1] [gây tê]","5,840,000"
"Khâu vết thương phần mềm vùng đầu cổ [Khâu vết thương phần mềm tổn thương nông chiều dài < l0 cm, TT loại 1]","266,000"
"Khâu vết thương phần mềm vùng đầu cổ [Khâu vết thương phần mềm tổn thương nông chiều dài ≥ l0 cm, TT loại 1]","400,000"
"Khâu vết thương phần mềm vùng đầu cổ [Khâu vết thương phần mềm tổn thương sâu chiều dài < l0 cm, TT loại 1]","396,000"
"Khâu vết thương phần mềm vùng đầu cổ [Khâu vết thương phần mềm tổn thương sâu chiều dài ≥ l0 cm, TT loại 1]","533,000"
"Lấy u xương (ghép xi măng) [Chưa bao gồm phương tiện cố định, phương tiên kết hợp, xương nhân tạo, xương bảo quản, sản phẩm sinh học thay thế, xi măng sinh học hoặc hóa học.] [PT loại 2]","9,920,000"
"Lấy u xương (ghép xi măng) [Chưa bao gồm phương tiện cố định, phương tiên kết hợp, xương nhân tạo, xương bảo quản, sản phẩm sinh học thay thế, xi măng sinh học hoặc hóa học.] [PT loại 2] [gây tê]","9,920,000"
"Nắm, cố định trật khớp hàm","1,025,000"
"Nắn, bó bột bong sụn tiếp khớp khuỷu, khớp cổ tay (bột liền)","1,025,000"
"Nắn, bó bột chỉnh hình chân chữ O","641,000"
"Nắn, bó bột chỉnh hình chân chữ X","641,000"
"Nắn, bó bột cột sống (bột liền)","2,390,000"
"Nắn, bó bột gãy 1/3 dưới hai xương cẳng chân (bột liền)","641,000"
"Nắn, bó bột gãy 1/3 dưới hai xương cẳng tay (bột liền)","641,000"
"Nắn, bó bột gãy 1/3 dưới thân xương cánh tay","641,000"
"Nắn, bó bột gãy 1/3 dưới xương đùi","2,190,000"
"Nắn, bó bột gãy 1/3 giữa hai xương cẳng chân","641,000"
"Nắn, bó bột gãy 1/3 giữa hai xương cẳng tay (bột liền)","641,000"
"Nắn, bó bột gãy 1/3 giữa thân xương cánh tay","641,000"
"Nắn, bó bột gãy 1/3 trên hai xương cẳng chân (bột liền)","641,000"
"Nắn, bó bột gãy 1/3 trên hai xương cẳng tay","641,000"
"Nắn, bó bột gãy 1/3 trên thân xương cánh tay","641,000"
"Nắn, bó bột gãy 1/3 trên xương đùi","2,190,000"
"Nắn, bó bột gãy cổ xương cánh tay","641,000"
"Nắn, bó bột gãy Cổ xương đùi [bột liền]","2,390,000"
"Nắn, bó bột gãy cổ xương đùi, vỡ ổ cối và trật khớp háng (bột liền)","2,190,000"
"Nắn, bó bột gãy lồi cầu xương đùi [Bột liền]","2,190,000"
"Nắn, bó bột gãy một xương cẳng tay","641,000"
"Nắn, bó bột gãy một xương cẳng tay (bột liền) [trên màn hình tăng sáng]","909,000"
"Nắn, bó bột gãy trên lồi cầu xương cánh tay trẻ em độ III và độ IV (bột liền)","641,000"
"Nắn, bó bột gãy xương bàn chân [bột liền]","641,000"
"Nắn, bó bột gãy xương bàn, ngón tay","641,000"
"Nắn, bó bột gãy xương chậu (bột liền)","2,390,000"
"Nắn, bó bột gãy xương chày (bột liền)","641,000"
"Nắn, bó bột gãy xương đòn [bột liền]","1,025,000"
"Nắn, bó bột gãy xương gót","300,000"
"Nắn, bó bột gãy xương ngón chân","641,000"
"Nắn, bó bột trật khớp cổ chân","717,000"
"Nắn, bó bột trật khớp cùng đòn [bột liền]","977,000"
"Nắn, bó bột trật khớp gối (bột liền)","751,000"
"Nắn, bó bột trật khớp háng [bột liền]","2,590,000"
"Nắn, bó bột trật khớp háng bẩm sinh","2,590,000"
"Nắn, bó bột trật khớp vai","977,000"
"Nắn, bó bột trật khớp xương đòn","1,025,000"
"Nắn, bó bột trong bong sụn tiếp khớp gối, khớp háng (bột liền)","717,000"
"Nắn, cố định trật khớp háng không chỉ định phẫu thuật (bột liền)","2,800,000"
"Nẹp bột các loại, không nắn","436,000"
Nối gân duỗi,"3,770,000"
Nối gân gấp,"6,370,000"
Nội soi khớp gối điều trị bào khớp,"7,330,000"
Phẫu thuật bệnh lý nhiễm trùng bàn tay [PT loại 1],"5,840,000"
Phẫu thuật bệnh lý nhiễm trùng bàn tay [PT loại 1] [gây tê],"5,840,000"
"Phẫu thuật cắt cụt cẳng tay, cánh tay","6,370,000"
"Phẫu thuật cắt cụt cẳng tay, cánh tay [gây tê]","6,370,000"
Phẫu thuật cắt cụt chi,"6,370,000"
Phẫu thuật cắt cụt chi [gây tê],"6,370,000"
"Phẫu thuật chân chữ O [Chưa bao gồm xương nhân tạo hoặc sản phẩm sinh học thay thế xương, đinh, nẹp, vít.] [PT loại 1]","7,330,000"
"Phẫu thuật chân chữ X [Chưa bao gồm xương nhân tạo hoặc sản phẩm sinh học thay thế xương, đinh, nẹp, vít.] [PT loại 1]","7,330,000"
"Phẫu thuật chỉnh bàn chân khèo [Chưa bao gồm phương tiện cố định: khung cố định, đinh, kim, nẹp, vít, ốc, xương nhân tạo hoặc sản phẩm sinh học thay thế xương.] [PT loại 1]","6,670,000"
"Phẫu thuật chỉnh hình bàn chân khoèo theo phương pháp PONESETI [Chưa bao gồm phương tiện cố định: khung cố định, đinh, kim, nẹp, vít, ốc, xương nhân tạo hoặc sản phẩm sinh học thay thế xương.] [PT loại 2]","7,270,000"
"Phẫu thuật chỉnh sửa sau gãy xương Cal lệch xương [Chưa bao gồm xương nhân tạo hoặc sản phẩm sinh học thay thế xương, đinh, nẹp, vít.] [PT loại 1]","7,330,000"
Phẫu thuật chuyển gân điều trị bàn chân rủ do liệt vận động (Phẫu thuật loại 1),"6,060,000"
"Phẫu thuật chuyển ngón tay [Chưa bao gồm xương nhân tạo hoặc sản phẩm sinh học thay thế xương, đinh, nẹp, vít, mạch máu nhân tạo.] [PT loại DB]","9,330,000"
Phẫu thuật chuyển vạt che phủ phần mềm cuống mạch liền,"8,000,000"
Phẫu thuật dập nát phần mềm các cơ quan vận động,"5,840,000"
Phẫu thuật dập nát phần mềm các cơ quan vận động [gây tê],"5,840,000"
Phẫu thuật đặt lại khớp găm kim cổ xương cánh tay,"6,370,000"
Phẫu thuật đặt lại khớp găm kim cổ xương cánh tay [gây tê],"6,370,000"
"Phẫu thuật đặt lại khớp, găm kim cố định (buộc vòng chỉ thép)","6,370,000"
"Phẫu thuật đặt lại khớp, găm kim cố định (buộc vòng chỉ thép) [gây tê]","6,370,000"
"Phẫu thuật điều trị bệnh DE QUER VAIN và ngón tay cò súng [Chưa bao gồm đinh, nẹp, vít, gân nhân tạo, gân sinh học, khung cố định ngoài, xương nhân tạo hoặc sản phẩm sinh học thay thế xương.] [PT loại 2]","5,820,000"
"Phẫu thuật điề trị bệnh DE QUER VAIN và ngón tay cò súng [Chưa bao gồm đinh, nẹp, vít, gân nhân tạo, gân sinh học, khung cố định ngoài, xương nhân tạo hoặc sản phẩm sinh học thay thế xương.] [PT loại 2] [gây tê]","5,820,000"
Phẫu thuật điều trị đứt gân Achille [Chưa bao gồm gân nhân tạo.] [PT loại 1],"7,330,000"
Phẫu thuật điều trị đứt gân Achille [Chưa bao gồm gân nhân tạo.] [PT loại 1] [gây tê],"7,330,000"
Phẫu thuật điều trị đứt gân cơ nhị đầu đùi [Chưa bao gồm gân nhân tạo.] [PT loại 1],"5,840,000"
Phẫu thuật điều trị đứt gân cơ nhị đầu đùi [Chưa bao gồm gân nhân tạo.] [PT loại 1] [gây tê],"5,840,000"
Phẫu thuật điều trị gân bánh chè [Chưa bao gồm gân nhân tạo.] [PT loại 1],"5,840,000"
Phẫu thuật điều trị gân bánh chè [Chưa bao gồm gân nhân tạo.] [PT loại 1] [gây tê],"5,840,000"
Phẫu thuật điều trị hội chứng ống cổ tay,"4,000,000"
Phẫu thuật điều trị tách bàn chân (càng cua) [PT loại 2],"7,270,000"
Phẫu thuật điều trị tách bàn chân (càng cua) [PT loại 2] [gây tê],"7,270,000"
Phẫu thuật điều trị tổn thương gân cơ chóp xoay [Chưa bao gồm gân nhân tạo.] [PT loại 1],"5,840,000"
Phẫu thuật điều trị tổn thương gân cơ chóp xoay [Chưa bao gồm gân nhân tạo.] [PT loại 1] [gây tê],"5,840,000"
Phẫu thuật điều trị trật khớp khuỷu,"5,840,000"
Phẫu thuật điều trị trật khớp khuỷu [gây tê],"5,840,000"
"Phẫu thuật điều trị vết thương – chấn thương khí quản cổ [Chưa bao gồm Stent, bộ tim phổi nhân tạo trong phẫu thuật tim (ở người bệnh hẹp khí - phế quản bẩm sinh).] [PT loại DB]","21,300,000"
"Phẫu thuật điều trị vỡ phế quản do chấn thương ngực [Chưa bao gồm Stent, bộ tim phổi nhân tạo trong phẫu thuật tim (ở người bệnh hẹp khí - phế quản bẩm sinh).] [PT loại DB]","21,300,000"
"Phẫu thuật đóng cứng khớp cổ chân [Chưa bao gồm phương tiện cố định: khung cố định, đinh, kim, nẹp, vít, ốc, xương nhân tạo hoặc sản phẩm sinh học thay thế xương.] [PT loại 1]","6,670,000"
"Phẫu thuật đóng cứng khớp khác [Chưa bao gồm đinh, nẹp vít, khung cố định ngoài.] [PT loại 1]","5,840,000"
"Phẫu thuật đóng cứng khớp khác [Chưa bao gồm đinh, nẹp vít, khung cố định ngoài.] [PT loại 1] [gây tê]","5,840,000"
Phẫu thuật đứt gân cơ nhị đầu [Chưa bao gồm gân nhân tạo.] [PT loại 1],"5,840,000"
Phẫu thuật đứt gân cơ nhị đầu [Chưa bao gồm gân nhân tạo.] [PT loại 1] [gây tê],"5,840,000"
"Phẫu thuật gãy xương đốt bàn ngón tay [Chưa bao gồm xương nhân tạo hoặc sản phẩm sinh học thay thế xương, đinh, nẹp, vít.] [PT loại 1]","7,330,000"
"Phẫu thuật gãy xương thuyền bằng Vis Herbert [Chưa bao gồm xương nhân tạo hoặc sản phẩm sinh học thay thế xương, đinh, nẹp, vít.] [PT loại 1]","7,330,000"
"Phẫu thuật ghép chi [Chưa bao gồm xương nhân tạo hoặc sản phẩm sinh học thay thế xương, đinh, nẹp, vít, mạch máu nhân tạo.] [PT loại DB]","9,330,000"
"Phẫu thuật ghép xương nhân tạo [Chưa bao gồm khung cố định ngoài, nẹp, ốc, vít, lồng, xương nhân tạo hoặc sản phẩm sinh học thay thế xương.] [PT loại 2]","10,100,000"
"Phẫu thuật ghép xương nhân tạo [Chưa bao gồm khung cố định ngoài, nẹp, ốc, vít, lồng, xương nhân tạo hoặc sản phẩm sinh học thay thế xương.] [PT loại 2] [gây tê]","10,100,000"
"Phẫu thuật ghép xương trong chấn thương cột sống cổ [Chưa bao gồm khung cố định ngoài, nẹp, ốc, vít, lồng, xương nhân tạo hoặc sản phẩm sinh học thay thế xương.] [PT loại 1]","13,200,000"
"Phẫu thuật ghép xương trong chấn thương cột sống cổ [Chưa bao gồm khung cố định ngoài, nẹp, ốc, vít, lồng, xương nhân tạo hoặc sản phẩm sinh học thay thế xương.] [PT loại 1] [gây tê]","13,200,000"
"Phẫu thuật ghép xương tự thân [Chưa bao gồm khung cố định ngoài, nẹp, ốc, vít, lồng, xương nhân tạo hoặc sản phẩm sinh học thay thế xương.] [PT loại 1]","9,330,000"
"Phẫu thuật ghép xương tự thân [Chưa bao gồm khung cố định ngoài, nẹp, ốc, vít, lồng, xương nhân tạo hoặc sản phẩm sinh học thay thế xương.] [PT loại 1] [gây tê]","9,330,000"
Phẫu thuật gỡ dính gân duỗi,"4,600,000"
Phẫu thuật gỡ dính gân duỗi [gây tê],"4,600,000"
Phẫu thuật gỡ dính gân gấp,"4,600,000"
Phẫu thuật gỡ dính gân gấp [gây tê],"4,600,000"
Phẫu thuật gỡ dính khớp gối,"5,840,000"
Phẫu thuật gỡ dính khớp gối [gây tê],"5,840,000"
Phẫu thuật gỡ dính thần kinh,"4,600,000"
Phẫu thuật gỡ dính thần kinh [gây tê],"4,600,000"
"Phẫu thuật kéo dài chi [Chưa bao gồm khung cố định ngoài, đinh, nẹp, vít, ốc, xương nhân tạo hoặc sản phẩm sinh học thấy thế xương, kim.] [PT loại 1]","9,330,000"
"Phẫu thuật kết hợp xương (KHX) gãy xương bả vai [Chưa bao gồm xương nhân tạo hoặc sản phẩm sinh học thay thế xương, đinh, nẹp, vít.] [PT loại 1]","7,330,000"
Phẫu thuật kết hợp xương bằng K.Wire điều trị gãy trên lồi cầu xương cánh tay,"6,370,000"
Phẫu thuật kết hợp xương bằng K.Wire điều trị gãy trên lồi cầu xương cánh tay [gây tê],"6,370,000"
Phẫu thuật kết hợp xương chấn thương Lisfranc và bàn chân giữa,"5,840,000"
Phẫu thuật kết hợp xương chấn thương Lisfranc và bàn chân giữa [gây tê],"5,840,000"
"Phẫu thuật kết hợp xương gãy 2 xương cẳng tay [Chưa bao gồm xương nhân tạo hoặc sản phẩm sinh học thay thế xương, đinh, nẹp, vít.] [PT loại 1]","7,330,000"
Phẫu thuật kết hợp xương gãy bong sụn tiếp đầu dưới xương cánh tay,"5,840,000"
Phẫu thuật kết hợp xương gãy bong sụn tiếp đầu dưới xương cánh tay [gây tê],"5,840,000"
"Phẫu thuật kết hợp xương gãy bong sụn tiếp đầu dưới xương chày [Chưa bao gồm xương nhân tạo hoặc sản phẩm sinh học thay thế xương, đinh, nẹp, vít.] [PT loại 1]","7,330,000"
"Phẫu thuật kết hợp xương gãy bong sụn tiếp vùng khớp gối [Chưa bao gồm xương nhân tạo hoặc sản phẩm sinh học thay thế xương, đinh, nẹp, vít.] [PT loại 1]","7,330,000"
"Phẫu thuật kết hợp xương gãy bong sụn vùng cổ xương đùi [Chưa bao gồm xương nhân tạo hoặc sản phẩm sinh học thay thế xương, đinh, nẹp, vít.] [PT loại 1]","9,330,000"
"Phẫu thuật kết hợp xương gãy cổ chân [Chưa bao gồm xương nhân tạo hoặc sản phẩm sinh học thay thế xương, đinh, nẹp, vít.] [PT loại 1]","7,330,000"
"Phẫu thuật kết hợp xương gãy đài quay (Gãy cổ xương quay) [Chưa bao gồm xương nhân tạo hoặc sản phẩm sinh học thay thế xương, đinh, nẹp, vít.] [PT loại 1]","7,330,000"
"Phẫu thuật kết hợp xương gãy đầu dưới xương đùi [Chưa bao gồm xương nhân tạo hoặc sản phẩm sinh học thay thế xương, đinh, nẹp, vít.] [PT loại 1]","9,330,000"
Phẫu thuật kết hợp xương gãy lồi cầu ngoài xương cánh tay,"6,370,000"
Phẫu thuật kết hợp xương gãy lồi cầu ngoài xương cánh tay [gây tê],"6,370,000"
"Phẫu thuật kết hợp xương gãy Monteggia [Chưa bao gồm xương nhân tạo hoặc sản phẩm sinh học thay thế xương, đinh, nẹp, vít.] [PT loại 1]","7,330,000"
"Phẫu thuật kết hợp xương gãy phức tạp vùng khuỷu [Chưa bao gồm xương nhân tạo hoặc sản phẩm sinh học thay thế xương, đinh, nẹp, vít.] [PT loại 1]","7,330,000"
"Phẫu thuật kết hợp xương gãy Pilon [Chưa bao gồm xương nhân tạo hoặc sản phẩm sinh học thay thế xương, đinh, nẹp, vít.] [PT loại DB]","7,330,000"
Phẫu thuật kết hợp xương gãy ròng rọc xương cánh tay,"5,840,000"
Phẫu thuật kết hợp xương gãy ròng rọc xương cánh tay [gây tê],"5,840,000"
"Phẫu thuật kết hợp xương gãy sụn tăng trưởng ở đầu xương [Chưa bao gồm xương nhân tạo hoặc sản phẩm sinh học thay thế xương, đinh, nẹp, vít.] [PT loại 1]","7,330,000"
"Phẫu thuật kết hợp xương gãy thân xương cẳng chân [Chưa bao gồm xương nhân tạo hoặc sản phẩm sinh học thay thế xương, đinh, nẹp, vít.] [PT loại 1]","7,330,000"
"Phẫu thuật kết hợp xương gãy thân xương đùi [Chưa bao gồm xương nhân tạo hoặc sản phẩm sinh học thay thế xương, đinh, nẹp, vít.] [PT loại 1]","9,330,000"
Phẫu thuật kết hợp xương gãy trật khớp cổ chân ở trẻ em,"5,840,000"
"Phẫu thuật kết hợp xương gãy trên lồi cầu xương cánh tay có tổn thương mạch và thần kinh [Chưa bao gồm xương nhân tạo hoặc sản phẩm sinh học thay thế xương, đinh, nẹp, vít.] [PT loại 1]","7,330,000"
"Phẫu thuật kết hợp xương gãy xương bệnh lý [Chưa bao gồm xương nhân tạo hoặc sản phẩm sinh học thay thế xương, đinh, nẹp, vít.] [PT loại 1]","7,330,000"
"Phẫu thuật kết hợp xương gãy xương đốt bàn và đốt ngón chân [Chưa bao gồm xương nhân tạo hoặc sản phẩm sinh học thay thế xương, đinh, nẹp, vít.] [PT loại 1]","7,330,000"
"Phẫu thuật kết hợp xương gãy xương gót [Chưa bao gồm xương nhân tạo hoặc sản phẩm sinh học thay thế xương, đinh, nẹp, vít.] [PT loại 1]","7,330,000"
"Phẫu thuật kết hợp xương gãy xương sên và trật khớp [Chưa bao gồm xương nhân tạo hoặc sản phẩm sinh học thay thế xương, đinh, nẹp, vít.] [PT loại DB]","7,330,000"
Phẫu thuật kết hợp xương trật khớp cổ chân,"5,840,000"
Phẫu thuật kết hợp xương trật khớp cổ chân [gây tê],"5,840,000"
Phẫu thuật kết hợp xương trật khớp dưới sên,"5,840,000"
Phẫu thuật kết hợp xương trật khớp dưới sên [gây tê],"5,840,000"
"Phẫu thuật kết hợp xương trên màn hình tăng sáng [Chưa bao gồm xương nhân tạo hoặc sản phẩm sinh học thay thế xương, đinh, nẹp, vít.] [PT loại DB]","7,330,000"
"Phẫu thuật KHX gãy 2 mắt cá cổ chân [Chưa bao gồm xương nhân tạo hoặc sản phẩm sinh học thay thế xương, đinh, nẹp, vít.] [PT loại 1]","7,330,000"
"Phẫu thuật KHX gãy bán phần chỏm xương đùi [Chưa bao gồm xương nhân tạo hoặc sản phẩm sinh học thay thế xương, đinh, nẹp, vít.] [PT loại 1]","7,330,000"
Phẫu thuật KHX gãy bánh chè,"6,370,000"
Phẫu thuật KHX gãy bánh chè [gây tê],"6,370,000"
"Phẫu thuật KHX gãy cánh chậu [Chưa bao gồm xương nhân tạo hoặc sản phẩm sinh học thay thế xương, đinh, nẹp, vít.] [PT loại 1]","7,330,000"
"Phẫu thuật KHX gãy chỏm đốt bàn và ngón tay [Chưa bao gồm xương nhân tạo hoặc sản phẩm sinh học thay thế xương, đinh, nẹp, vít.] [PT loại 1]","7,330,000"
"Phẫu thuật KHX gãy cổ giải phẫu và phẫu thuật xương cánh tay [Chưa bao gồm xương nhân tạo hoặc sản phẩm sinh học thay thế xương, đinh, nẹp, vít.] [PT loại 1]","7,330,000"
"Phẫu thuật KHX gãy cổ mấu chuyển xương đùi [Chưa bao gồm xương nhân tạo hoặc sản phẩm sinh học thay thế xương, đinh, nẹp, vít.] [PT loại 1]","7,330,000"
"Phẫu thuật KHX gãy cổ xương bả vai [Chưa bao gồm xương nhân tạo hoặc sản phẩm sinh học thay thế xương, đinh, nẹp, vít.] [PT loại 1]","7,330,000"
"Phẫu thuật KHX gãy cổ xương đùi [Chưa bao gồm xương nhân tạo hoặc sản phẩm sinh học thay thế xương, đinh, nẹp, vít.] [PT loại 1]","7,330,000"
"Phẫu thuật KHX gãy đài quay [Chưa bao gồm xương nhân tạo hoặc sản phẩm sinh học thay thế xương, đinh, nẹp, vít.] [PT loại 2]","8,000,000"
"Phẫu thuật KHX gãy đài quay phức tạp [Chưa bao gồm xương nhân tạo hoặc sản phẩm sinh học thay thế xương, đinh, nẹp, vít.] [PT loại 1]","7,330,000"
"Phẫu thuật KHX gãy đầu dưới qương quay [Chưa bao gồm xương nhân tạo hoặc sản phẩm sinh học thay thế xương, đinh, nẹp, vít.] [PT loại 1]","7,330,000"
"Phẫu thuật KHX gãy đầu dưới xương chày (Pilon) [Chưa bao gồm xương nhân tạo hoặc sản phẩm sinh học thay thế xương, đinh, nẹp, vít.] [PT loại DB]","7,330,000"
"Phẫu thuật KHX gãy đầu dưới xương quay [Chưa bao gồm xương nhân tạo hoặc sản phẩm sinh học thay thế xương, đinh, nẹp, vít.] [PT loại 2]","8,000,000"
"Phẫu thuật KHX gãy hai mâm chày [Chưa bao gồm xương nhân tạo hoặc sản phẩm sinh học thay thế xương, đinh, nẹp, vít.] [PT loại DB]","7,330,000"
"Phẫu thuật KHX gãy hở độ I hai xương cẳng chân [Chưa bao gồm xương nhân tạo hoặc sản phẩm sinh học thay thế xương, đinh, nẹp, vít.] [PT loại 1]","7,330,000"
"Phẫu thuật KHX gãy hở độ I thân xương cánh tay [Chưa bao gồm xương nhân tạo hoặc sản phẩm sinh học thay thế xương, đinh, nẹp, vít.] [PT loại 1]","7,330,000"
"Phẫu thuật KHX gãy hở độ II hai xương cẳng chân [Chưa bao gồm xương nhân tạo hoặc sản phẩm sinh học thay thế xương, đinh, nẹp, vít.] [PT loại 1]","7,330,000"
"Phẫu thuật KHX gãy hở độ II thân xương cánh tay [Chưa bao gồm xương nhân tạo hoặc sản phẩm sinh học thay thế xương, đinh, nẹp, vít.] [PT loại 1]","7,330,000"
Phẫu thuật KHX gãy hở độ II trên và liên lồi cầu xương đùi,"5,840,000"
Phẫu thuật KHX gãy hở độ II trên và liên lồi cầu xương đùi [gây tê],"5,840,000"
"Phẫu thuật KHX gãy hở độ III hai xương cẳng chân [Chưa bao gồm xương nhân tạo hoặc sản phẩm sinh học thay thế xương, đinh, nẹp, vít.] [PT loại 1]","7,330,000"
"Phẫu thuật KHX gãy hở độ III thân xương cánh tay [Chưa bao gồm xương nhân tạo hoặc sản phẩm sinh học thay thế xương, đinh, nẹp, vít.] [PT loại 1]","7,330,000"
Phẫu thuật KHX gãy hở độ III trên và liên lồi cầu xương đùi,"5,840,000"
Phẫu thuật KHX gãy hở độ III trên và liên lồi cầu xương đùi [gây tê],"5,840,000"
"Phẫu thuật KHX gãy hở I thân hai xương cẳng tay [Chưa bao gồm xương nhân tạo hoặc sản phẩm sinh học thay thế xương, đinh, nẹp, vít.] [PT loại 1]","7,330,000"
"Phẫu thuật KHX gãy hở II thân hai xương cẳng tay [Chưa bao gồm xương nhân tạo hoặc sản phẩm sinh học thay thế xương, đinh, nẹp, vít.] [PT loại 1]","7,330,000"
"Phẫu thuật KHX gãy hở III thân hai xương cẳng tay [Chưa bao gồm xương nhân tạo hoặc sản phẩm sinh học thay thế xương, đinh, nẹp, vít.] [PT loại 1]","7,330,000"
Phẫu thuật KHX gãy hở liên lồi cầu xương cánh tay,"5,840,000"
Phẫu thuật KHX gãy hở liên lồi cầu xương cánh tay [gây tê],"5,840,000"
"Phẫu thuật KHX gãy Hoffa đàu dưới xương đùi [Chưa bao gồm xương nhân tạo hoặc sản phẩm sinh học thay thế xương, đinh, nẹp, vít.] [PT loại 1]","7,330,000"
"Phẫu thuật KHX gãy khung chậu – trật khớp mu [Chưa bao gồm xương nhân tạo hoặc sản phẩm sinh học thay thế xương, đinh, nẹp, vít.] [PT loại 1]","7,330,000"
"Phẫu thuật KHX gãy liên lồi cầu xương cánh tay [Chưa bao gồm xương nhân tạo hoặc sản phẩm sinh học thay thế xương, đinh, nẹp, vít.] [PT loại 1]","7,330,000"
"Phẫu thuật KHX gãy liên mấu chuyển xương đùi [Chưa bao gồm xương nhân tạo hoặc sản phẩm sinh học thay thế xương, đinh, nẹp, vít.] [PT loại 1]","9,330,000"
"Phẫu thuật KHX gãy lồi cầu ngoài xương cánh tay [Chưa bao gồm xương nhân tạo hoặc sản phẩm sinh học thay thế xương, đinh, nẹp, vít.] [PT loại 2]","8,000,000"
"Phẫu thuật KHX gãy lồi cầu ngoài xương đùi [Chưa bao gồm xương nhân tạo hoặc sản phẩm sinh học thay thế xương, đinh, nẹp, vít.] [PT loại 1]","7,330,000"
"Phẫu thuật KHX gãy lồi cầu trong xương đùi [Chưa bao gồm xương nhân tạo hoặc sản phẩm sinh học thay thế xương, đinh, nẹp, vít.] [PT loại 1]","7,330,000"
"Phẫu thuật KHX gãy lồi cầu xương bàn và ngón tay [Chưa bao gồm xương nhân tạo hoặc sản phẩm sinh học thay thế xương, đinh, nẹp, vít.] [PT loại 1]","7,330,000"
"Phẫu thuật KHX gãy lồi cầu xương khớp ngón tay [Chưa bao gồm xương nhân tạo hoặc sản phẩm sinh học thay thế xương, đinh, nẹp, vít.] [PT loại 1]","7,330,000"
"Phẫu thuật KHX gãy mâm chày + thân xương chày [Chưa bao gồm xương nhân tạo hoặc sản phẩm sinh học thay thế xương, đinh, nẹp, vít.] [PT loại DB]","7,330,000"
"Phẫu thuật KHX gãy mâm chày ngoài [Chưa bao gồm xương nhân tạo hoặc sản phẩm sinh học thay thế xương, đinh, nẹp, vít.] [PT loại 1]","7,330,000"
"Phẫu thuật KHX gãy mâm chày trong [Chưa bao gồm xương nhân tạo hoặc sản phẩm sinh học thay thế xương, đinh, nẹp, vít.] [PT loại 1]","7,330,000"
"Phẫu thuật KHX gãy mắt cá kèm trật khớp cổ chân [Chưa bao gồm xương nhân tạo hoặc sản phẩm sinh học thay thế xương, đinh, nẹp, vít.] [PT loại DB]","7,330,000"
"Phẫu thuật KHX gãy mắt cá ngoài [Chưa bao gồm xương nhân tạo hoặc sản phẩm sinh học thay thế xương, đinh, nẹp, vít.] [PT loại 1]","7,330,000"
"Phẫu thuật KHX gãy mắt cá trong [Chưa bao gồm xương nhân tạo hoặc sản phẩm sinh học thay thế xương, đinh, nẹp, vít.] [PT loại 1]","7,330,000"
Phẫu thuật KHX gãy mỏm khuỷu,"5,840,000"
Phẫu thuật KHX gãy mỏm khuỷu [gây tê],"5,840,000"
Phẫu thuật KHX gãy mỏm khuỷu phức tạp,"5,840,000"
Phẫu thuật KHX gãy mỏm khuỷu phức tạp [gây tê],"5,840,000"
"Phẫu thuật KHX gãy Monteggia [Chưa bao gồm xương nhân tạo hoặc sản phẩm sinh học thay thế xương, đinh, nẹp, vít] [PT loại 1]","7,330,000"
"Phẫu thuật KHX gãy nèn đốt bàn ngón 5 (bàn chân) [Chưa bao gồm xương nhân tạo hoặc sản phẩm sinh học thay thế xương, đinh, nẹp, vít.] [PT loại 1]","7,330,000"
"Phẫu thuật KHX gãy nội khớp đầu dưới xương quay [Chưa bao gồm xương nhân tạo hoặc sản phẩm sinh học thay thế xương, đinh, nẹp, vít.] [PT loại 2]","8,000,000"
"Phẫu thuật KHX gãy nội khớp xương khớp ngón tay [Chưa bao gồm xương nhân tạo hoặc sản phẩm sinh học thay thế xương, đinh, nẹp, vít.] [PT loại 1]","7,330,000"
"Phẫu thuật KHX gãy ổ cối đơn thuần [Chưa bao gồm xương nhân tạo hoặc sản phẩm sinh học thay thế xương, đinh, nẹp, vít.] [PT loại 1]","7,330,000"
"Phẫu thuật KHX gãy ổ cối phức tạp [Chưa bao gồm xương nhân tạo hoặc sản phẩm sinh học thay thế xương, đinh, nẹp, vít.] [PT loại DB]","7,330,000"
"Phẫu thuật KHX gãy phức tạp chỏm xương đùi – trật háng [Chưa bao gồm xương nhân tạo hoặc sản phẩm sinh học thay thế xương, đinh, nẹp, vít.] [PT loại DB]","7,330,000"
"Phẫu thuật KHX gãy phức tạp khớp khuỷu [Chưa bao gồm xương nhân tạo hoặc sản phẩm sinh học thay thế xương, đinh, nẹp, vít.] [PT loại DB]","7,330,000"
"Phẫu thuật KHX gãy ròng rọc xương cánh tay [Chưa bao gồm xương nhân tạo hoặc sản phẩm sinh học thay thế xương, đinh, nẹp, vít.] [PT loại 2]","8,000,000"
"Phẫu thuật KHX gãy thân 2 xương cẳng chân [Chưa bao gồm xương nhân tạo hoặc sản phẩm sinh học thay thế xương, đinh, nẹp, vít.] [PT loại 1]","7,330,000"
"Phẫu thuật KHX gãy thân 2 xương cẳng tay [Chưa bao gồm xương nhân tạo hoặc sản phẩm sinh học thay thế xương, đinh, nẹp, vít.] [PT loại 1]","7,330,000"
"Phẫu thuật KHX gãy thân đốt bàn và ngón tay [Chưa bao gồm xương nhân tạo hoặc sản phẩm sinh học thay thế xương, đinh, nẹp, vít.] [PT loại 1]","7,330,000"
"Phẫu thuật KHX gãy thân xương cánh tay [Chưa bao gồm xương nhân tạo hoặc sản phẩm sinh học thay thế xương, đinh, nẹp, vít.] [PT loại 1]","7,330,000"
"Phẫu thuật KHX gãy thân xương cánh tay cánh tay có liệt TK quay [Chưa bao gồm xương nhân tạo hoặc sản phẩm sinh học thay thế xương, đinh, nẹp, vít.] [PT loại 1]","7,330,000"
"Phẫu thuật KHX gãy thân xương cánh tay phức tạp [Chưa bao gồm xương nhân tạo hoặc sản phẩm sinh học thay thế xương, đinh, nẹp, vít.] [PT loại 1]","7,330,000"
"Phẫu thuật KHX gãy thân xương chày [Chưa bao gồm xương nhân tạo hoặc sản phẩm sinh học thay thế xương, đinh, nẹp, vít.] [PT loại 1]","7,330,000"
"Phẫu thuật KHX gãy thân xương đùi [Chưa bao gồm xương nhân tạo hoặc sản phẩm sinh học thay thế xương, đinh, nẹp, vít.] [PT loại 1]","7,330,000"
"Phẫu thuật KHX gãy thân xương đùi phức tạp [Chưa bao gồm xương nhân tạo hoặc sản phẩm sinh học thay thế xương, đinh, nẹp, vít.] [PT loại 1]","7,330,000"
"Phẫu thuật KHX gãy trật cổ xương cánh tay [Chưa bao gồm xương nhân tạo hoặc sản phẩm sinh học thay thế xương, đinh, nẹp, vít.] [PT loại 1]","7,330,000"
"Phẫu thuật KHX gãy trật cổ xương đùi [Chưa bao gồm xương nhân tạo hoặc sản phẩm sinh học thay thế xương, đinh, nẹp, vít.] [PT loại DB]","7,330,000"
Phẫu thuật KHX gãy trật đốt bàn ngón chân,"5,840,000"
Phẫu thuật KHX gãy trật đốt bàn ngón chân [gây tê],"5,840,000"
Phẫu thuật KHX gãy trật khớp cổ tay,"5,840,000"
Phẫu thuật KHX gãy trật khớp cổ tay [gây tê],"5,840,000"
"Phẫu thuật KHX gãy trật xương gót [Chưa bao gồm xương nhân tạo hoặc sản phẩm sinh học thay thế xương, đinh, nẹp, vít.] [PT loại 1]","7,330,000"
"Phẫu thuật KHX gãy trật xương sên [Chưa bao gồm xương nhân tạo hoặc sản phẩm sinh học thay thế xương, đinh, nẹp, vít.] [PT loại 1]","7,330,000"
"Phẫu thuật KHX gãy trên lồi cầu xương cánh tay [Chưa bao gồm xương nhân tạo hoặc sản phẩm sinh học thay thế xương, đinh, nẹp, vít.] [PT loại 1]","7,330,000"
"Phẫu thuật KHX gãy trên lồi cầu xương đùi [Chưa bao gồm xương nhân tạo hoặc sản phẩm sinh học thay thế xương, đinh, nẹp, vít.] [PT loại 1]","7,330,000"
"Phẫu thuật KHX gãy trên và liên lồi cầu xương đùi [Chưa bao gồm xương nhân tạo hoặc sản phẩm sinh học thay thế xương, đinh, nẹp, vít.] [PT loại 1]","7,330,000"
Phẫu thuật KHX gãy xương bánh chè phức tạp,"5,840,000"
Phẫu thuật KHX gãy xương bánh chè phức tạp [gây tê],"5,840,000"
"Phẫu thuật KHX gãy xương đòn [Chưa bao gồm xương nhân tạo hoặc sản phẩm sinh học thay thế xương, đinh, nẹp, vít.] [PT loại 2]","8,000,000"
"Phẫu thuật KHX gãy xương đốt bàn ngón tay [Chưa bao gồm xương nhân tạo hoặc sản phẩm sinh học thay thế xương, đinh, nẹp, vít.] [PT loại 1]","7,330,000"
"Phẫu thuật KHX gãy xương gót [Chưa bao gồm xương nhân tạo hoặc sản phẩm sinh học thay thế xương, đinh, nẹp, vít.] [PT loại 1]","7,330,000"
"Phẫu thuật KHX gãy xương mác đơn thuần [Chưa bao gồm xương nhân tạo hoặc sản phẩm sinh học thay thế xương, đinh, nẹp, vít.] [PT loại 1]","7,330,000"
"Phẫu thuật KHX gãy xương quay kèm trật khớp quay trụ dưới [Chưa bao gồm xương nhân tạo hoặc sản phẩm sinh học thay thế xương, đinh, nẹp, vít.] [PT loại 1]","7,330,000"
"Phẫu thuật KHX khớp giả xương đòn [Chưa bao gồm xương nhân tạo hoặc sản phẩm sinh học thay thế xương, đinh, nẹp, vít.] [PT loại 1]","7,330,000"
Phẫu thuật KHX toác khớp mu (trật khớp),"5,840,000"
Phẫu thuật KHX toác khớp mu (trật khớp) [gây tê],"5,840,000"
"Phẫu thuật KHX trật khớp cùng chậu [Chưa bao gồm xương nhân tạo hoặc sản phẩm sinh học thay thế xương, đinh, nẹp, vít.] [PT loại 1]","7,330,000"
"Phẫu thuật KHX trật khớp cùng đòn [Chưa bao gồm xương nhân tạo hoặc sản phẩm sinh học thay thế xương, đinh, nẹp, vít.] [PT loại 1]","7,330,000"
Phẫu thuật KHX trật khớp Lisfranc,"5,840,000"
Phẫu thuật KHX trật khớp Lisfranc [gây tê],"5,840,000"
"Phẫu thuật KHX trật khớp ức đòn [Chưa bao gồm xương nhân tạo hoặc sản phẩm sinh học thay thế xương, đinh, nẹp, vít.] [PT loại 1]","7,330,000"
"Phẫu thuật làm cứng khớp bàn, ngón tay [Chưa bao gồm đinh, nẹp vít, khung cố định ngoài.] [PT loại 1]","5,840,000"
"Phẫu thuật làm cứng khớp bàn, ngón tay [Chưa bao gồm đinh, nẹp vít, khung cố định ngoài.] [PT loại 1] [gây tê]","5,840,000"
"Phẫu thuật làm cứng khớp cổ tay [Chưa bao gồm đinh, nẹp vít, khung cố định ngoài.] [PT loại 1]","5,840,000"
"Phẫu thuật làm cứng khớp cổ tay [Chưa bao gồm đinh, nẹp vít, khung cố định ngoài.] [PT loại 1] [gây tê]","5,840,000"
"Phẫu thuật làm cứng khớp gối [Chưa bao gồm đinh, nẹp vít, khung cố định ngoài.] [PT loại 1]","5,840,000"
"Phẫu thuật làm cứng khớp gối [Chưa bao gồm đinh, nẹp vít, khung cố định ngoài.] [PT loại 1] [gây tê]","5,840,000"
"Phẫu thuật làm cứng khớp quay Trụ dưới [Chưa bao gồm đinh, nẹp vít, khung cố định ngoài.] [PT loại 1]","5,840,000"
"Phẫu thuật làm cứng khớp quay Trụ dưới [Chưa bao gồm đinh, nẹp vít, khung cố định ngoài.] [PT loại 1] [gây tê]","5,840,000"
Phẫu thuật làm đối chiếu ngón 1 (thiểu dưỡng ô mô cái),"6,670,000"
Phẫu thuật làm mỏm cụt ngón và đốt bàn ngón [PT loại 2],"6,370,000"
Phẫu thuật làm mỏm cụt ngón và đốt bàn ngón [PT loại 2] [gây tê],"6,370,000"
Phẫu thuật làm sạch ổ khớp,"6,370,000"
Phẫu thuật làm sạch ổ khớp [gây tê],"6,370,000"
Phẫu thuật làm vận động khớp gối,"6,670,000"
"Phẫu thuật lấy xương chết, nạo viêm","6,370,000"
"Phẫu thuật lấy xương chết, nạo viêm [gây tê]","6,370,000"
Phẫu thuật nạo viêm + lấy xương chết,"5,840,000"
Phẫu thuật nạo viêm + lấy xương chết [gây tê],"5,840,000"
Phẫu thuật nạo viêm lao khớp cổ-bàn chân,"5,790,000"
Phẫu thuật nạo viêm lao xương cẳng chân,"5,790,000"
Phẫu thuật nạo viêm lao xương cánh tay,"5,790,000"
Phẫu thuật nối gân duỗi/ kéo dài gân(1 gân) [Chưa bao gồm gân nhân tạo.] [PT loại 2],"6,370,000"
Phẫu thuật nối gân duỗi/ kéo dài gân(1 gân) [Chưa bao gồm gân nhân tạo.] [PT loại 2] [gây tê],"6,370,000"
Phẫu thuật nối gân gấp/ kéo dài gân (1 gân) [Chưa bao gồm gân nhân tạo.] [PT loại 2],"6,370,000"
Phẫu thuật nối gân gấp/ kéo dài gân (1 gân) [Chưa bao gồm gân nhân tạo.] [PT loại 2] [gây tê],"6,370,000"
"Phẫu thuật nội soi cắt hoạt mạc viêm khớp gối [Chưa bao gồm lưỡi bào, lưỡi cắt, bộ dây bơm nước, đầu đốt, tay dao đốt điện, ốc, vít.] [PT loại 1]","7,330,000"
"Phẫu thuật nội soi cắt lọc sụn khớp gối [Chưa bao gồm lưỡi bào, lưỡi cắt, bộ dây bơm nước, đầu đốt, tay dao đốt điện, ốc, vít.] [PT loại 1]","7,330,000"
"Phẫu thuật nội soi cắt sụn chêm [Chưa bao gồm lưỡi bào, lưỡi cắt, bộ dây bơm nước, đầu đốt, tay dao đốt điện, ốc, vít.] [PT loại 1]","7,330,000"
"Phẫu thuật nội soi điều trị khớp gối bằng gân đồng loại (nội soi tái tạo dây chằng chéo trước, chéo sau, mổ mở tái tạo dây chằng bên chầy, bên mác) [Chưa bao gồm nẹp vít, ốc, dao cắt sụn và lưỡi bào, bộ dây bơm nước, đầu đốt, tay dao điện, gân sinh học, gân đồng loại.] [PT loại DB]","8,670,000"
"Phẫu thuật nội soi điều trị mất vững khớp vai [Chưa bao gồm lưỡi bào, lưỡi cắt, bộ dây bơm nước, đầu đốt, tay dao đốt điện, ốc, vít.] [PT loại DB]","7,330,000"
"Phẫu thuật nội soi điều trị mất vững khớp vai theo phương pháp Latarjet [Chưa bao gồm lưỡi bào, lưỡi cắt, bộ dây bơm nước, đầu đốt, tay dao đốt điện, ốc, vít.] [PT loại DB]","9,330,000"
"Phẫu thuật nội soi điều trị viêm co rút khớp vai [Chưa bao gồm lưỡi bào, lưỡi cắt, bộ dây bơm nước, đầu đốt, tay dao đốt điện, ốc, vít.] [PT loại 1]","9,330,000"
"Phẫu thuật nội soi điều trị viêm khớp vai [Chưa bao gồm lưỡi bào, lưỡi cắt, bộ dây bơm nước, đầu đốt, tay dao đốt điện, ốc, vít.] [PT loại 1]","9,330,000"
"Phẫu thuật nội soi gỡ dính khớp gối [Chưa bao gồm lưỡi bào, lưỡi cắt, bộ dây bơm nước, đầu đốt, tay dao đốt điện, ốc, vít.] [PT loại 1]","7,330,000"
"Phẫu thuật nội soi khâu khoảng gian chóp xoay [Chưa bao gồm lưỡi bào, lưỡi cắt, bộ dây bơm nước, đầu đốt, tay dao đốt điện, ốc, vít.] [PT loại DB]","7,330,000"
"Phẫu thuật nội soi khâu sụn chêm [Chưa bao gồm lưỡi bào, lưỡi cắt, bộ dây bơm nước, đầu đốt, tay dao đốt điện, ốc, vít.] [PT loại DB]","7,330,000"
"Phẫu thuật nội soi tái tạo dây chằng chéo sau [Chưa bao gồm nẹp vít, ốc, dao cắt sụn và lưỡi bào, bộ dây bơm nước, đầu đốt, tay dao điện, gân sinh học, gân đồng loại.] [PT loại DB]","7,880,000"
"Phẫu thuật nội soi tái tạo dây chằng chéo trước bằng gân achille đồng loại 1 bó [Chưa bao gồm nẹp vít, ốc, dao cắt sụn và lưỡi bào, bộ dây bơm nước, đầu đốt, tay dao điện, gân sinh học, gân đồng loại.] [PT loại DB]","8,670,000"
"Phẫu thuật nội soi tái tạo dây chằng chéo trước bằng gân bánh chè tự thân [Chưa bao gồm nẹp vít, ốc, dao cắt sụn và lưỡi bào, bộ dây bơm nước, đầu đốt, tay dao điện, gân sinh học, gân đồng loại.] [PT loại DB]","8,670,000"
"Phẫu thuật nội soi tái tạo dây chằng chéo trước bằng gân chân ngỗng [Chưa bao gồm nẹp vít, ốc, dao cắt sụn và lưỡi bào, bộ dây bơm nước, đầu đốt, tay dao điện, gân sinh học, gân đồng loại.] [PT loại DB]","8,670,000"
"Phẫu thuật nội soi tái tạo dây chằng chéo trước bằng gân tứ đầu [Chưa bao gồm nẹp vít, ốc, dao cắt sụn và lưỡi bào, bộ dây bơm nước, đầu đốt, tay dao điện, gân sinh học, gân đồng loại.] [PT loại DB]","8,670,000"
"Phẫu thuật nội soi tái tạo dây chằng quạ đòn [Chưa bao gồm nẹp vít, ốc, dao cắt sụn và lưỡi bào, bộ dây bơm nước, đầu đốt, tay dao điện, gân sinh học, gân đồng loại.] [PT loại DB]","8,670,000"
"Phẫu thuật nội soi tái tạo đồng thời nhiều dây chằng (chéo trước, chéo sau) bằng gân đồng loại [Chưa bao gồm nẹp vít, ốc, dao cắt sụn và lưỡi bào, bộ dây bơm nước, đầu đốt, tay dao điện, gân sinh học, gân đồng loại.] [PT loại DB]","8,670,000"
"Phẫu thuật nội soi tái tạo lại dây chằng chéo trước [Chưa bao gồm nẹp vít, ốc, dao cắt sụn và lưỡi bào, bộ dây bơm nước, đầu đốt, tay dao điện, gân sinh học, gân đồng loại.] [PT loại DB]","8,670,000"
"Phẫu thuật nội soi tạo hình mỏm cùng vai [Chưa bao gồm lưỡi bào, lưỡi cắt, bộ dây bơm nước, đầu đốt, tay dao đốt điện, ốc, vít.] [PT loại DB]","8,000,000"
Phẫu thuật nối thần kinh (1 dây),"6,370,000"
Phẫu thuật nối thần kinh (1 dây) [gây tê],"6,370,000"
"Phẫu thuật Nuss kết hợp nội soi điều trị lõm ngực bẩm sinh (VATS) [Chưa bao gồm các loại đinh, nẹp, vít, các loại khung, thanh nâng ngực và đai nẹp ngoài.] [PT loại 1]","13,300,000"
"Phẫu thuật rút nẹp, dụng cụ kết hợp xương [Phẫu thuật loại 2]","4,410,000"
"Phẫu thuật sữa chữa di chứng gãy, bong sụn tiếp vùng cổ chân [Chưa bao gồm xương nhân tạo hoặc sản phẩm sinh học thay thế xương, đinh, nẹp, vít.] [PT loại 1]","7,330,000"
Phẫu thuật sửa mỏm cụt chi,"6,370,000"
Phẫu thuật sửa mỏm cụt chi [gây tê],"6,370,000"
Phẫu thuật sửa mỏm cụt ngón tay/ngón chân (1 ngón) [PT loại 2],"6,370,000"
Phẫu thuật sửa mỏm cụt ngón tay/ngón chân (1 ngón) [PT loại 2] [gây tê],"6,370,000"
Phẫu thuật tạo hình bằng các vạt da có cuống mạch liền,"8,000,000"
Phẫu thuật tạo hình bệnh xương bả vai lên cao,"6,670,000"
"Phẫu thuật tạo hình cứng khớp cổ tay sau chấn thương [Chưa bao gồm phương tiện cố định: khung cố định, đinh, kim, nẹp, vít, ốc, xương nhân tạo hoặc sản phẩm sinh học thay thế xương.] [PT loại DB]","6,670,000"
"Phẫu thuật tạo hình điều trị cứng gối sau chấn thương [Chưa bao gồm đinh, nẹp, vít, gân nhân tạo, gân sinh học, khung cố định ngoài, xương nhân tạo hoặc sản phẩm sinh học thay thế xương.] [PT loại 1]","6,670,000"
"Phẫu thuật tạo hình điều trị cứng gối sau chấn thương [Chưa bao gồm đinh, nẹp, vít, gân nhân tạo, gân sinh học, khung cố định ngoài, xương nhân tạo hoặc sản phẩm sinh học thay thế xương.] [PT loại 1] [gây tê]","6,670,000"
Phẫu thuật tạo hình điều trị tật dính ngón tay,"6,670,000"
Phẫu thuật tạo hình điều trị tật dính ngón tay [gây tê],"6,670,000"
Phẫu thuật tạo hình điều trị tật thừa ngón tay [PT loại 1],"6,670,000"
Phẫu thuật tạo hình điều trị tật thừa ngón tay [PT loại 1] [gây tê],"6,670,000"
Phẫu thuật tạo hình tổn thương dây chằng mạn tính của ngón I [Chưa bao gồm gân nhân tạo.] [PT loại 1],"6,670,000"
Phẫu thuật tạo hình xương ức,"6,670,000"
Phẫu thuật tháo khớp chi,"6,370,000"
Phẫu thuật tháo khớp chi [gây tê],"6,370,000"
"Phẫu thuật thay đoạn xương ghép bảo quản bằng kỹ thuật cao [Chưa bao gồm đinh, nẹp, vít, xương nhân tạo và sản phẩm sinh học thay thế xương.] [PT loại DB]","13,200,000"
Phẫu thuật thay khớp gối bán phần,"8,000,000"
Phẫu thuật thay khớp háng bán phần,"10,600,000"
Phẫu thuật thay khớp háng bán phần [Phẫu thuật tạo hình khớp háng],"10,600,000"
"Phẫu thuật thay khớp vai nhân tạo [Chưa bao gồm khớp nhân tạo, xi măng sinh học hoặc hóa học.] [PT loại DB]","9,330,000"
Phẫu thuật thay toàn bộ khớp gối [Chưa bao gồm khớp nhân tạo],"11,900,000"
Phẫu thuật thay toàn bộ khớp háng,"12,000,000"
Phẫu thuật thương tích phần mềm các cơ quan vận động,"6,370,000"
Phẫu thuật thương tích phần mềm các cơ quan vận động [gây tê],"6,370,000"
Phẫu thuật tổn thương gân Achille [Chưa bao gồm gân nhân tạo.] [PT loại 1],"5,840,000"
Phẫu thuật tổn thương gân Achille [Chưa bao gồm gân nhân tạo.] [PT loại 1] [gây tê],"5,840,000"
Phẫu thuật tổn thương gân chày trước [Chưa bao gồm gân nhân tạo.] [PT loại 2],"6,370,000"
Phẫu thuật tổn thương gân chày trước [Chưa bao gồm gân nhân tạo.] [PT loại 2] [gây tê],"6,370,000"
Phẫu thuật tổn thương gân cơ chày sau [Chưa bao gồm gân nhân tạo.] [PT loại 1],"5,840,000"
Phẫu thuật tổn thương gân cơ chày sau [Chưa bao gồm gân nhân tạo.] [PT loại 1] [gây tê],"5,840,000"
Phẫu thuật tổn thương gân cơ mác bên [Chưa bao gồm gân nhân tạo.] [PT loại 2],"6,370,000"
Phẫu thuật tổn thương gân cơ mác bên [Chưa bao gồm gân nhân tạo.] [PT loại 2] [gây tê],"6,370,000"
Phẫu thuật tổn thương gân duỗi cẳng và bàn ngón tay [Chưa bao gồm gân nhân tạo.] [PT loại 1],"5,840,000"
Phẫu thuật tổn thương gân duỗi cẳng và bàn ngón tay [Chưa bao gồm gân nhân tạo.] [PT loại 1] [gây tê],"5,840,000"
Phẫu thuật tổn thương gân duỗi dài ngón I [Chưa bao gồm gân nhân tạo.] [PT loại 2],"6,370,000"
Phẫu thuật tổn thương gân duỗi dài ngón I [Chưa bao gồm gân nhân tạo.] [PT loại 2] [gây tê],"6,370,000"
Phẫu thuật tổn thương gân gấp bàn – cổ tay [Chưa bao gồm gân nhân tạo.] [PT loại 1],"5,840,000"
Phẫu thuật tổn thương gân gấp bàn – cổ tay [Chưa bao gồm gân nhân tạo.] [PT loại 1] [gây tê],"5,840,000"
Phẫu thuật tổn thương gân gấp của cổ tay và cẳng tay [Chưa bao gồm gân nhân tạo.] [PT loại 1],"5,840,000"
Phẫu thuật tổn thương gân gấp của cổ tay và cẳng tay [Chưa bao gồm gân nhân tạo.] [PT loại 1] [gây tê],"5,840,000"
Phẫu thuật tổn thương gân gấp dài ngón I [Chưa bao gồm gân nhân tạo.] [PT loại 2],"6,370,000"
Phẫu thuật tổn thương gân gấp dài ngón I [Chưa bao gồm gân nhân tạo.] [PT loại 2] [gây tê],"6,370,000"
Phẫu thuật tổn thương gân gấp ở vùng cấm (Vùng II) [Chưa bao gồm gân nhân tạo.] [PT loại DB],"5,840,000"
Phẫu thuật tổn thương gân gấp ở vùng cấm (Vùng II) [Chưa bao gồm gân nhân tạo.] [PT loại DB] [gây tê],"5,840,000"
"Phẫu thuật trật khớp háng [Chưa bao gồm đinh, nẹp, vít, ốc, khóa, PT loại 1]","9,330,000"
Phẫu thuật trật khớp háng sau chấn thương,"8,000,000"
Phẫu thuật vá da diện tích >10cm²,"5,760,000"
Phẫu thuật vá da diện tích >10cm² [gây tê],"5,760,000"
Phẫu thuật vá da diện tích từ 5-10cm²,"5,230,000"
Phẫu thuật vá da diện tích từ 5-10cm² [gây tê],"5,230,000"
Phẫu thuật vết thương bàn tay tổn thương gân duỗi [Chưa bao gồm gân nhân tạo.] [PT loại 1],"5,840,000"
Phẫu thuật vết thương bàn tay tổn thương gân duỗi [Chưa bao gồm gân nhân tạo.] [PT loại 1] [gây tê],"5,840,000"
Phẫu thuật vết thương phần mềm đơn giản/rách da đầu,"6,370,000"
Phẫu thuật vết thương phần mềm đơn giản/rách da đầu [gây tê],"6,370,000"
Phẫu thuật vết thương phần mềm phức tạp,"5,840,000"
Phẫu thuật vết thương phần mềm phức tạp [gây tê],"5,840,000"
Phẫu thuật vết thương phần mềm tổn thương gân gấp [Chưa bao gồm gân nhân tạo.] [PT loại 1],"5,840,000"
Phẫu thuật vết thương phần mềm tổn thương gân gấp [Chưa bao gồm gân nhân tạo.] [PT loại 1] [gây tê],"5,840,000"
"Phẫu thuật vết thương phần mềm tổn thương thần kinh giữa, thần kinh trụ, thần kinh quay","5,840,000"
"Phẫu thuật vết thương phần mềm tổn thương thần kinh giữa, thần kinh trụ, thần kinh quay [gây tê]","5,840,000"
"Phẫu thuật vi phẫu nối các mạch máu, thần kinh trong nối lại cánh tay/cẳng tay bị cắt rời (Chưa bao gồm đinh xương, nẹp vít và mạch máu nhân tạo)","9,330,000"
Phẫu thuật vi phẫu nối mạch chi (Chưa bao gồm mạch nhân tạo ),"9,330,000"
Phẫu thuật viêm xương,"6,370,000"
Phẫu thuật viêm xương [gây tê],"6,370,000"
"Phẫu thuật viêm xương cẳng tay đục, mổ, nạo, dẫn lưu","6,370,000"
"Phẫu thuật viêm xương cẳng tay đục, mổ, nạo, dẫn lưu [gây tê]","6,370,000"
"Phẫu thuật viêm xương cánh tay: đục, mổ, nạo, lấy xương chết, dẫn lưu","6,370,000"
"Phẫu thuật viêm xương cánh tay: đục, mổ, nạo, lấy xương chết, dẫn lưu [gây tê]","6,370,000"
"Phẫu thuật xơ cứng cơ ức đòn chũm [Chưa bao gồm đinh, nẹp, vít, gân nhân tạo, gân sinh học, khung cố định ngoài, xương nhân tạo hoặc sản phẩm sinh học thay thế xương.] [PT loại 2]","5,820,000"
"Phẫu thuật xơ cứng cơ ức đòn chũm [Chưa bao gồm đinh, nẹp, vít, gân nhân tạo, gân sinh học, khung cố định ngoài, xương nhân tạo hoặc sản phẩm sinh học thay thế xương.] [PT loại 2] [gây tê]","5,820,000"
"Phẫu thuật xơ cứng đơn giản [Chưa bao gồm đinh, nẹp, vít, gân nhân tạo, gân sinh học, khung cố định ngoài, xương nhân tạo hoặc sản phẩm sinh học thay thế xương.] [PT loại 2]","5,820,000"
"Phẫu thuật xơ cứng đơn giản [Chưa bao gồm đinh, nẹp, vít, gân nhân tạo, gân sinh học, khung cố định ngoài, xương nhân tạo hoặc sản phẩm sinh học thay thế xương.] [PT loại 2] [gây tê]","5,820,000"
"Phẫu thuật xơ cứng gân cơ tam đầu cánh tay [Chưa bao gồm đinh, nẹp, vít, gân nhân tạo, gân sinh học, khung cố định ngoài, xương nhân tạo hoặc sản phẩm sinh học thay thế xương.] [PT loại 2]","5,820,000"
"Phẫu thuật xơ cứng gân cơ tam đầu cánh tay [Chưa bao gồm đinh, nẹp, vít, gân nhân tạo, gân sinh học, khung cố định ngoài, xương nhân tạo hoặc sản phẩm sinh học thay thế xương.] [PT loại 2] [gây tê]","5,820,000"
"Phẫu thuật xơ cứng gân cơ tứ đầu đùi [Chưa bao gồm đinh, nẹp, vít, gân nhân tạo, gân sinh học, khung cố định ngoài, xương nhân tạo hoặc sản phẩm sinh học thay thế xương.] [PT loại 1]","5,330,000"
"Phẫu thuật xơ cứng gân cơ tứ đầu đùi [Chưa bao gồm đinh, nẹp, vít, gân nhân tạo, gân sinh học, khung cố định ngoài, xương nhân tạo hoặc sản phẩm sinh học thay thế xương.] [PT loại 1] [gây tê]","5,330,000"
"Phẫu thuật xơ cứng phức tạp [Chưa bao gồm đinh, nẹp, vít, gân nhân tạo, gân sinh học, khung cố định ngoài, xương nhân tạo hoặc sản phẩm sinh học thay thế xương.] [PT loại 1]","5,330,000"
"Phẫu thuật xơ cứng phức tạp [Chưa bao gồm đinh, nẹp, vít, gân nhân tạo, gân sinh học, khung cố định ngoài, xương nhân tạo hoặc sản phẩm sinh học thay thế xương.] [PT loại 1] [gây tê]","5,330,000"
"Phẫu thuật xơ cứng trật khớp gối [Chưa bao gồm đinh, nẹp, vít, gân nhân tạo, gân sinh học, khung cố định ngoài, xương nhân tạo hoặc sản phẩm sinh học thay thế xương.] [PT loại 1]","5,330,000"
"Phẫu thuật xơ cứng trật khớp gối [Chưa bao gồm đinh, nẹp, vít, gân nhân tạo, gân sinh học, khung cố định ngoài, xương nhân tạo hoặc sản phẩm sinh học thay thế xương.] [PT loại 1] [gây tê]","5,330,000"
Phẫu thuật gãy mỏm trên ròng rọc xương cánh tay,"6,370,000"
Phẫu thuật gãy mỏm trên ròng rọc xương cánh tay [gây tê],"6,370,000"
Rút đinh/tháo phương tiện kết hợp xương,"4,360,000"
Tái tạo phục hồi tổn thương gân gấp 2 thì [Chưa bao gồm gân nhân tạo.] [PT loại DB],"5,840,000"
Tái tạo phục hồi tổn thương gân gấp 2 thì [Chưa bao gồm gân nhân tạo.] [PT loại DB] [gây tê],"5,840,000"
"Tạo hình các vạt da che phủ, vạt trượt","8,000,000"
Tạo hình dây chằng chéo khớp gối,"8,000,000"
"Thay băng cho các vết thương hoại tử rộng (một lần) [Chiều dài < 30 cm nhiễm trùng, TT loại 3]","187,000"
"Thay băng cho các vết thương hoại tử rộng (một lần) [Dài > 50cm nhiễm trùng, TT loại 3]","330,000"
"Thay băng cho các vết thương hoại tử rộng (một lần) [Dài từ 30 cm đến 50 cm nhiễm trùng, TT loại 3]","254,000"
"Thay băng điều trị vết thương mạn tính (Áp dụng đối với bệnh Pemphigus/ Pemphigoid/ Ly thượng bì bọng nước bẩm sinh/ Vết loét bàn chân do đái tháo đường) [Áp dụng đối với bệnh Pemphigus hoặc Pemphigoid hoặc ly thượng bì bọng nước bẩm sinh hoặc vết loét bàn chân do đái tháo đường hoặc vết loét, hoại tử ở bệnh nhân phong hoặc vết loét, hoại tử do tỳ đè.] [TT loại 3]","339,000"
Thương tích bàn tay phức tạp,"5,840,000"
Thương tích bàn tay phức tạp [gây tê],"5,840,000"
Tiêm cân gan chân [Chưa bao gồm thuốc tiêm.] [TT loại 3],"436,000"
Tiêm cạnh cột sống cổ [Chưa bao gồm thuốc tiêm.] [TT loại 2],"436,000"
Tiêm cạnh cột sống ngực [Chưa bao gồm thuốc tiêm.] [TT loại 2],"436,000"
Tiêm cạnh cột sống thắt lưng [Chưa bao gồm thuốc tiêm.] [TT loại 2],"436,000"
Tiêm điểm bám gân mỏm cùng vai [Chưa bao gồm thuốc tiêm.] [TT loại 3],"436,000"
Tiêm điểm bám gân mỏm cùng vai dưới hướng dẫn của siêu âm [Chưa bao gồm thuốc tiêm.] [TT loại 2],"581,000"
Tiêm điểm bám gân mỏm trâm quay (trâm trụ) [Chưa bao gồm thuốc tiêm.] [TT loại 3],"436,000"
Tiêm gân gấp ngón tay [Chưa bao gồm thuốc tiêm.] [TT loại 3],"436,000"
Tiêm gân gấp ngón tay dưới hướng dẫn của siêu âm [Chưa bao gồm thuốc tiêm.] [TT loại 2],"581,000"
Tiêm gân gót [Chưa bao gồm thuốc tiêm.] [TT loại 3],"436,000"
Tiêm gân nhị đầu khớp vai [Chưa bao gồm thuốc tiêm.] [TT loại 3],"436,000"
Tiêm gân nhị đầu khớp vai dưới hướng dẫn của siêu âm [Chưa bao gồm thuốc tiêm.] [TT loại 2],"581,000"
"Tiêm gân trên gai (dưới gai, gân bao xoay khớp vai) [Chưa bao gồm thuốc tiêm.] [TT loại 3]","436,000"
"Tiêm gân trên gai (dưới gai, gân bao xoay khớp vai) dưới hướng dẫn của siêu âm [Chưa bao gồm thuốc tiêm.] [TT loại 2]","581,000"
Tiêm hội chứng DeQuervain dưới hướng dẫn của siêu âm [Chưa bao gồm thuốc tiêm.] [TT loại 2],"581,000"
Tiêm hội chứng đường hầm cổ tay [Chưa bao gồm thuốc tiêm.] [TT loại 3],"436,000"
Tiêm hội chứng đường hầm cổ tay dưới hướng dẫn của siêu âm [Chưa bao gồm thuốc tiêm.] [TT loại 2],"581,000"
Tiêm khớp bàn ngón chân,"436,000"
Tiêm khớp bàn ngón chân dưới hướng dẫn của siêu âm (Chưa bao gồm thuốc tiêm) (Thủ thuật loại 2),"529,000"
Tiêm khớp bàn ngón tay,"436,000"
Tiêm khớp bàn ngón tay dưới hướng dẫn của siêu âm (Chưa bao gồm thuốc tiêm) (Thủ thuật loại 2),"529,000"
Tiêm khớp cổ chân,"436,000"
Tiêm khớp cổ chân dưới hướng dẫn của siêu âm,"581,000"
Tiêm khớp cổ tay,"436,000"
Tiêm khớp cổ tay dưới hướng dẫn của siêu âm,"581,000"
Tiêm khớp cùng chậu (Chưa bao gồm thuốc tiêm) (Thủ thuật loại 2),"415,000"
Tiêm khớp đòn- cùng vai,"436,000"
Tiêm khớp đòn- cùng vai dưới hướng dẫn của siêu âm,"581,000"
Tiêm khớp đốt ngón tay (Chưa bao gồm thuốc tiêm) (Thủ thuật loại 3),"415,000"
Tiêm khớp đốt ngón tay dưới hướng dẫn của siêu âm,"581,000"
Tiêm khớp gối,"436,000"
Tiêm khớp gối dưới hướng dẫn của siêu âm,"581,000"
Tiêm khớp háng,"436,000"
Tiêm khớp háng dưới hướng dẫn của siêu âm,"581,000"
Tiêm khớp khuỷu tay,"436,000"
Tiêm khớp khuỷu tay dưới hướng dẫn của siêu âm,"581,000"
Tiêm khớp thái dương hàm,"436,000"
Tiêm khớp thái dương hàm dưới hướng dẫn của siêu âm (Chưa bao gồm thuốc tiêm) (Thủ thuật loại 2),"529,000"
Tiêm khớp ức - sườn,"436,000"
Tiêm khớp ức đòn,"436,000"
Tiêm khớp ức đòn dưới hướng dẫn của siêu âm,"581,000"
Tiêm khớp vai (Chưa bao gồm thuốc tiêm) (Thủ thuật loại 3),"415,000"
Tiêm khớp vai dưới hướng dẫn của siêu âm,"581,000"
"Trật khớp háng bẩm sinh [Chưa bao gồm đinh, nẹp, vít, ốc, khóa, PT loại 1]","9,330,000"
NGOẠI TỔNG QUÁT,
Bóc phúc mạc bên phải,"5,970,000"
Bóc phúc mạc bên trái,"5,970,000"
Bóc phúc mạc douglas,"5,970,000"
Bóc phúc mạc kèm cắt các tạng khác,"5,970,000"
Bóc phúc mạc phủ tạng,"5,970,000"
"Bóc u xơ, cơ..trực tràng đường bụng","5,970,000"
Các phẫu thuật cắt gan khác,"11,200,000"
Các phẫu thuật cắt tuỵ khác,"9,920,000"
Các phẫu thuật đường mật khác,"7,710,000"
Các phẫu thuật ruột thừa khác,"7,710,000"
Cầm máu nhu mô gan,"8,000,000"
Cắt bỏ nang tụy,"7,710,000"
Cắt chỉ sau phẫu thuật.,"72,000"
Cắt chỏm nang gan,"6,610,000"
"Cắt cụt trực tràng đường bụng, tầng sinh môn","10,900,000"
"Cắt dạ dày do ung thư [Cắt bán phần] (Chưa bao gồm máy cắt nối tự động và ghim khâu máy, kẹp khóa mạch máu, dao siêu âm) [Phẫu thuật loại 1]","12,000,000"
Cắt đại tràng phải hoặc đại tràng trái nối ngay,"10,600,000"
"Cắt đại tràng phải hoặc đại tràng trái, đóng đầu dưới, đưa đầu trên ra ngoài kiểu Hartmann","9,330,000"
"Cắt đại tràng phải hoặc đại tràng trái, đưa 2 đầu ruột ra ngoài","10,600,000"
"Cắt dây chằng, gỡ dính ruột","8,730,000"
"Cắt đoạn dạ dày (Chưa bao gồm máy cắt nối tự động và ghim khâu máy, kẹp khóa mạch máu, dao siêu âm) (Phẫu thuật loại 1)","9,330,000"
"Cắt đoạn dạ dày và mạc nối lớn (Chưa bao gồm máy cắt nối tự động và ghim khâu máy, kẹp khóa mạch máu, dao siêu âm) (Phẫu thuật loại 1)","8,480,000"
Cắt đoạn đại tràng nối ngay,"10,600,000"
"Cắt đoạn đại tràng, đóng đầu dưới, đưa đầu trên ra ngoài ổ bụng kiểu Hartmann","10,600,000"
"Cắt đoạn đại tràng, đưa 2 đầu đại tràng ra ngoài","10,600,000"
"Cắt đoạn ruột non, đưa hai đầu ruột ra ngoài","9,330,000"
"Cắt đoạn ruột non, lập lại lưu thông","9,330,000"
"Cắt đoạn ruột non, nối tận bên, đưa 1 đầu ra ngoài (Quénue)","9,330,000"
"Cắt đoạn ruột non, tá tràng, lập lại lưu thông (Chưa bao gồm máy cắt nối tự động và ghim khâu máy cắt nối) (Phẫu thuật loại 1)","9,330,000"
"Cắt đoạn thực quản, dẫn lưu hai đầu ra ngoài","9,210,000"
Cắt đoạn trực tràng nối ngay,"10,900,000"
"Cắt đoạn trực tràng, cơ thắt trong bảo tồn cơ thắt ngoài đường tầng sinh môn","10,900,000"
"Cắt đoạn trực tràng, đóng đầu dưới đưa đầu trên ra ngoài kiểu Hartmann","9,330,000"
"Cắt đoạn trực tràng, miệng nối đại tràng - ống hậu môn","9,330,000"
"Cắt đoạn trực tràng, miệng nối đại trực tràng thấp","9,330,000"
Cắt đuôi tụy bảo tồn lách,"11,000,000"
Cắt gan phải,"10,300,000"
Cắt gan trái,"10,300,000"
"Cắt hạ phân thuỳ 6 (Chưa bao gồm keo sinh học, đầu dao cắt gan siêu âm, dao cắt hàn mạch, hàn mô)","10,300,000"
"Cắt khối tá tụy [Chưa bao gồm máy cắt nối tự động, ghim khâu máy cắt nối, khóa kẹp mạch máu, dao siêu âm và đoạn mạch nhân tạo.] [PT loại DB]","18,600,000"
Cắt lách bệnh lý,"5,760,000"
Cắt lách do chấn thương,"6,670,000"
"Cắt lại dạ dày (Chưa bao gồm máy cắt nối tự động và ghim khâu máy, kẹp khóa mạch máu, dao siêu âm) (Phẫu thuật đặc biệt)","6,240,000"
Cắt lọc nhu mô gan,"10,300,000"
Cắt mạc nối lớn,"10,100,000"
Cắt manh tràng và đoạn cuối hồi tràng,"9,330,000"
Cắt một phần tuỵ,"9,920,000"
Cắt nhiều đoạn ruột non,"9,330,000"
"Cắt nối thực quản (Chưa bao gồm kẹp khóa mạch máu, máy cắt nối tự động và ghim khâu máy, dao siêu âm, Stent)","9,210,000"
Cắt ruột thừa đơn thuần,"4,360,000"
"Cắt ruột thừa, dẫn lưu ổ apxe","4,360,000"
"Cắt ruột thừa, lau rửa ổ bụng","4,360,000"
"Cắt thực quản, tạo hình thực quản bằng đại tràng đường bụng, ngực, cổ ( Chưa bao gồm kẹp khóa mạch máu, máy cắt nối tự động và ghim khâu máy, dao siêu âm, Stent)","16,000,000"
"Cắt toàn bộ dạ dày (Chưa bao gồm máy cắt nối tự động và ghim khâu máy, kẹp khóa mạch máu, dao siêu âm) (Phẫu thuật đặc biệt)","12,000,000"
Cắt toàn bộ dạ dày do ung thư và vét hạch hệ thống,"12,000,000"
"Cắt toàn bộ đại tràng, nối ngay ruột non - trực tràng","13,300,000"
"Cắt toàn bộ đại trực tràng, đưa hồi tràng ra làm hậu môn nhân tạo","12,100,000"
"Cắt toàn bộ đại trực tràng, nối ngay ruột non - ống hậu môn","9,330,000"
Cắt túi mật,"6,670,000"
Cắt túi thừa thực quản cổ,"9,210,000"
"Cắt túi thừa thực quản ngực (Chưa bao gồm kẹp khóa mạch máu, máy cắt nối tự động và ghim khâu máy, dao siêu âm, Stent)","9,210,000"
Cắt tụy trung tâm,"9,920,000"
"Cắt u sau phúc mạc (Chưa bao gồm máy cắt nối tự động và ghim khâu máy cắt nối, vật liệu cầm máu)","6,610,000"
Chèn gạc nhu mô gan cầm máu,"8,000,000"
"Chụp và tạo luồng thông cửa chủ qua da (TIPS) số hóa xóa nền ( Chưa bao gồm vật tư chuyên dụng dùng để can thiệp: bóng nong, bộ bơm áp lực, stent, các vật liệu nút mạch, các vi ống thông, vi dây dẫn, các vòng xoắn kim loại.) [TT DB]","18,100,000"
Dẫn lưu áp xe gan,"5,330,000"
Dẫn lưu áp xe gan [gây tê],"5,330,000"
Dẫn lưu áp xe ruột thừa,"5,820,000"
Dẫn lưu áp xe tồn dư sau mổ gan,"5,330,000"
Dẫn lưu áp xe tồn dư sau mổ gan [gây tê],"5,330,000"
Dẫn lưu nang tụy,"10,600,000"
"Đặt ống thông Blackemore, Linton (Thủ thuật loại 1)","2,800,000"
Đặt ống thông hậu môn,"145,000"
Đặt sonde hậu môn sơ sinh,"121,000"
Đẩy bã thức ăn xuống đại tràng,"8,730,000"
"Điều trị hẹp hậu môn bằng cắt vòng xơ, tạo hình hậu môn","6,670,000"
"Điều trị hẹp hậu môn bằng cắt vòng xơ, tạo hình hậu môn [gây tê]","6,670,000"
Điều trị nứt kẽ hậu môn bằng cắt cơ tròn trong (vị trí 3 giờ và 9 giờ),"6,280,000"
Điều trị nứt kẽ hậu môn bằng cắt cơ tròn trong (vị trí 3 giờ và 9 giờ) [gây tê],"6,280,000"
"Điều trị nứt kẽ hậu môn bằng cắt cơ tròn trong vị trí 6 giờ, tạo hình hậu môn","10,100,000"
"Điều trị nứt kẽ hậu môn bằng cắt cơ tròn trong vị trí 6 giờ, tạo hình hậu môn [gây tê]","10,100,000"
Đóng rò trực tràng - âm đạo,"7,710,000"
Đóng rò trực tràng - bàng quang,"7,710,000"
Đốt sóng cao tần điều trị các u tạng dưới hướng dẫn cắt lớp vi tính,"6,670,000"
Đốt sóng cao tần điều trị các u tạng dưới hướng dẫn siêu âm,"6,060,000"
Đốt sóng cao tần điều trị u gan dưới hướng dẫn cắt lớp vi tính,"6,670,000"
Đốt sóng cao tần điều trị u gan dưới hướng dẫn siêu âm,"6,060,000"
Đốt sóng cao tần điều trị ung thư gan (RFA) dưới hướng dẫn siêu âm,"6,060,000"
Khâu cầm máu ổ loét dạ dày,"6,610,000"
Khâu lỗ thủng dạ dày tá tràng,"7,270,000"
Khâu lỗ thủng đại tràng,"7,270,000"
Khâu lỗ thủng hoặc khâu vết thương ruột non,"8,730,000"
"Khâu lỗ thủng, vết thương trực tràng","6,670,000"
Khâu vết thương tụy và dẫn lưu,"6,610,000"
Làm hậu môn nhân tạo,"6,540,000"
Lấy dị vật thực quản đường bụng,"8,820,000"
Lấy dị vật thực quản đường cổ,"8,820,000"
Lấy dị vật thực quản đường ngực,"8,820,000"
Lấy dị vật trực tràng,"4,960,000"
Lấy mạc nối lớn và mạc nối nhỏ,"5,970,000"
"Lấy nhân ở tụy (di căn tụy, u tụy)","5,760,000"
"Lấy sỏi ống mật chủ, dẫn lưu ống Kehr kèm tạo hình cơ thắt Oddi","9,330,000"
"Lấy tổ chức tụy hoại tử, dẫn lưu","6,610,000"
Lấy tổ chức ung thư tát phát khu trú tại tụy,"5,760,000"
"Lấy u cơ, xơ…thực quản đường ngực","6,940,000"
Lấy u lành dưới 3cm,"242,000"
Lấy u phúc mạc,"5,970,000"
Lấy u sau phúc mạc,"8,000,000"
Mổ bóc nhân xơ vú [PT loại 2],"7,270,000"
Mở bụng thăm dò,"6,540,000"
"Mở bụng thăm dò, lau rửa ổ bụng, đặt dẫn lưu","6,000,000"
"Mở bụng thăm dò, sinh thiết","6,540,000"
"Mở đường mật, đặt dẫn lưu đường mật","6,060,000"
Mở miệng nối mật ruột lấy sỏi dẫn lưu Kehr hoặc làm lại miệng nối mật ruột,"8,660,000"
"Mở ống mật chủ lấy sỏi đường mật, dẫn lưu đường mật","6,670,000"
"Mở ống mật chủ lấy sỏi đường mật, không dẫn lưu đường mật","6,670,000"
"Mở ruột non lấy dị vật (bã thức ăn, giun, mảnh kim loại,…)","8,000,000"
Mở thông dạ dày,"6,540,000"
Mở thông hỗng tràng hoặc mở thông hồi tràng,"6,540,000"
Nối dạ dày-ruột (omega hay Roux-en-Y) (Chưa bao gồm máy cắt nối tự động và ghim khâu máy cắt nối) (Phẫu thuật loại 1),"6,060,000"
Nối mật ruột bên - bên,"8,000,000"
Nối mật ruột tận - bên,"8,000,000"
Nối nang tụy với dạ dày,"7,330,000"
Nối nang tụy với hỗng tràng,"7,330,000"
Nối nang tụy với tá tràng,"7,330,000"
Nối ngã ba đường mật hoặc ống gan phải hoặc ống gan trái với hỗng tràng,"8,820,000"
"Nội soi cắt polip ông tiêu hoá (thực quản, dạ dày, tá tràng, đại trực tràng)","2,660,000"
Nội soi đại tràng-lấy dị vật,"2,230,000"
"Nội soi đường mật qua tá tràng [Chưa bao gồm dụng cụ can thiệp: stent, bộ tán sỏi cơ học, rọ lấy dị vật, dao cắt, bóng kéo, bóng nong.] [TT loại DB]","8,000,000"
"Nội soi mật tụy ngược dòng - (ERCP) [Chưa bao gồm dụng cụ can thiệp: stent, bộ tán sỏi cơ học, rọ lấy dị vật, dao cắt, bóng kéo, bóng nong.] [TT loại DB]","8,000,000"
"Nội soi mật tụy ngược dòng can thiệp - cắt cơ oddi [Chưa bao gồm dụng cụ can thiệp: stent, bộ tán sỏi cơ học, rọ lấy dị vật, dao cắt, bóng kéo, bóng nong.] [TT loại DB]","10,600,000"
"Nội soi mật tụy ngược dòng can thiệp - lấy sỏi đường, giun đường mật [Chưa bao gồm dụng cụ can thiệp: stent, bộ tán sỏi cơ học, rọ lấy dị vật, dao cắt, bóng kéo, bóng nong.] [TT loại DB]","10,600,000"
"Nội soi mật tụy ngược dòng can thiệp - nong đường mật bằng bóng [Chưa bao gồm dụng cụ can thiệp: stent, bộ tán sỏi cơ học, rọ lấy dị vật, dao cắt, bóng kéo, bóng nong.] [TT loại DB]","10,600,000"
"Nội soi mật tuỵ ngược dòng để cắt cơ vòng Oddi dẫn lưu mật hoặc lấy sỏi đường mật tuỵ ( Chưa bao gồm dao cắt, thuốc cản quang, catheter.) [TT loại DB]","10,600,000"
"Nội soi mật tuỵ ngược dòng để chẩn đoán bệnh lý đường mật tuỵ [Chưa bao gồm dụng cụ can thiệp: stent, bộ tán sỏi cơ học, rọ lấy dị vật, dao cắt, bóng kéo, bóng nong.] [TT loại 1]","6,670,000"
"Nội soi mật tụy ngược dòng để chẩn đoán bệnh lý đường mật tuỵ [Chưa bao gồm dụng cụ can thiệp: stent, bộ tán sỏi cơ học, rọ lấy dị vật, dao cắt, bóng kéo, bóng nong.] [TT loại 1]","6,060,000"
"Nội soi mật tuỵ ngược dòng để đặt Stent đường mật tuỵ [Chưa bao gồm dụng cụ can thiệp: stent, bộ tán sỏi cơ học, rọ lấy dị vật, dao cắt, bóng kéo, bóng nong.] [TT loại DB]","10,600,000"
Nối tắt ruột non - đại tràng hoặc trực tràng,"10,100,000"
Nối tắt ruột non - ruột non,"10,100,000"
"Nong đường mật, Oddi qua nội soi (Chưa bao gồm bóng nong)","4,000,000"
"Nong hẹp thực quản, tâm vị qua nội soi (Thủ thuật đặc biệt)","3,330,000"
Phẫu thuật cắt 1 búi trĩ,"6,280,000"
Phẫu thuật cắt 1 búi trĩ [gây tê],"6,280,000"
Phẫu thuật cắt trĩ kinh điển (phương pháp Milligan - Morgan hoặc Ferguson),"6,280,000"
Phẫu thuật cắt trĩ kinh điển (phương pháp Milligan - Morgan hoặc Ferguson) [gây tê],"6,280,000"
Phẫu thuật cắt trĩ kinh điển có sử dụng dụng cụ hỗ trợ,"6,280,000"
Phẫu thuật cắt trĩ kinh điển có sử dụng dụng cụ hỗ trợ [gây tê],"6,280,000"
Phẫu thuật cắt túi thừa thực quản,"12,000,000"
"Phẫu thuật chích, dẫn lưu áp xe cạnh hậu môn đơn giản","6,280,000"
"Phẫu thuật chích, dẫn lưu áp xe cạnh hậu môn đơn giản [gây tê]","6,280,000"
Phẫu thuật điều trị áp xe hậu môn phức tạp,"8,480,000"
Phẫu thuật điều trị áp xe hậu môn phức tạp [gây tê],"8,480,000"
"Phẫu thuật điều trị apxe tồn dư, dẫn lưu ổ bụng","6,670,000"
"Phẫu thuật điều trị apxe tồn dư, dẫn lưu ổ bụng [gây tê]","6,670,000"
Phẫu thuật điều trị rò hậu môn cắt cơ thắt trên chỉ chờ,"8,000,000"
Phẫu thuật điều trị rò hậu môn cắt cơ thắt trên chỉ chờ [gây tê],"8,000,000"
Phẫu thuật điều trị rò hậu môn đơn giản,"6,280,000"
Phẫu thuật điều trị rò hậu môn đơn giản [gây tê],"6,280,000"
Phẫu thuật điều trị rò hậu môn phức tạp,"8,000,000"
Phẫu thuật điều trị rò hậu môn phức tạp [gây tê],"8,000,000"
Phẫu thuật điều trị rò trực tràng - niệu đạo,"7,710,000"
Phẫu thuật điều trị rò trực tràng - niệu quản,"7,710,000"
Phẫu thuật điều trị rò trực tràng - tầng sinh môn,"7,710,000"
Phẫu thuật điều trị rò trực tràng - tiểu khung,"7,710,000"
"Phẫu thuật điều trị thoát vị bẹn 1 bên/2 bên (Chưa bao gồm tấm màng nâng, khóa kẹp mạch máu, vật liệu cầm máu) (Phẫu thuật loại 1)","7,930,000"
"Phẫu thuật điều trị thoát vị bẹn 1 bên/2 bên (Chưa bao gồm tấm màng nâng, khóa kẹp mạch máu, vật liệu cầm máu) (Phẫu thuật loại 1) [gây tê]","7,930,000"
"Phẫu thuật điều trị thoát vị bẹn 2 bên (Chưa bao gồm tấm màng nâng, khóa kẹp mạch máu, vật liệu cầm máu) [Phẫu thuật loại 1]","9,330,000"
"Phẫu thuật điều trị thoát vị bẹn 2 bên (Chưa bao gồm tấm màng nâng, khóa kẹp mạch máu, vật liệu cầm máu) [Phẫu thuật loại 1] [gây tê]","9,330,000"
Phẫu thuật điều trị thoát vị bẹn bằng phương pháp Bassini,"7,270,000"
Phẫu thuật điều trị thoát vị bẹn bằng phương pháp kết hợp Bassini và Shouldice,"7,270,000"
Phẫu thuật điều trị thoát vị bẹn bằng phương pháp Lichtenstein,"7,270,000"
Phẫu thuật điều trị thoát vị bẹn bằng phương pháp Lichtenstein [gây tê],"7,270,000"
Phẫu thuật điều trị thoát vị bẹn bằng phương pháp Shouldice,"7,270,000"
Phẫu thuật điều trị thoát vị bẹn tái phát,"8,000,000"
Phẫu thuật điều trị thoát vị bẹn tái phát [gây tê],"8,000,000"
Phẫu thuật điều trị thoát vị cơ hoành,"12,000,000"
Phẫu thuật điều trị thoát vị đùi,"7,270,000"
Phẫu thuật điều trị thoát vị đùi [gây tê],"7,270,000"
Phẫu thuật điều trị thoát vị thành bụng khác,"8,480,000"
Phẫu thuật điều trị thoát vị thành bụng khác [gây tê],"8,480,000"
Phẫu thuật điều trị thoát vị vết mổ thành bụng,"6,670,000"
Phẫu thuật điều trị thoát vị vết mổ thành bụng [gây tê],"6,670,000"
Phẫu thuật khâu treo và triệt mạch trĩ (THD),"6,280,000"
Phẫu thuật khâu treo và triệt mạch trĩ (THD) [gây tê],"6,280,000"
Phẫu thuật lấy toàn bộ trĩ vòng,"5,760,000"
Phẫu thuật lấy toàn bộ trĩ vòng [gây tê],"5,760,000"
Phẫu thuật lấy trĩ tắc mạch,"6,280,000"
Phẫu thuật lấy trĩ tắc mạch [gây tê],"6,280,000"
Phẫu thuật Longo,"5,230,000"
Phẫu thuật Longo kết hợp với khâu treo trĩ,"5,230,000"
Phẫu thuật mở rộng bàng quang bằng đoạn hồi tràng [PT ĐB],"9,920,000"
Phẫu thuật nội soi cắt - đốt hạch giao cảm cổ [Chưa bao gồm dao siêu âm.] [PT loại 1],"8,000,000"
Phẫu thuật nội soi cắt - đốt hạch giao cảm ngực [Chưa bao gồm dao siêu âm.] [PT loại 1],"8,000,000"
Phẫu thuật nội soi cắt - đốt hạch giao cảm thắt lưng [Chưa bao gồm dao siêu âm.] [PT loại 1],"8,000,000"
Phẫu thuật nội soi cắt 2/3 dạ dày,"12,000,000"
Phẫu thuật nội soi cắt 3/4 dạ dày,"12,000,000"
"Phẫu thuật nội soi cắt bán phần dưới dạ dày + nạo hạch D2 (Chưa bao gồm máy cắt nối tự động và ghim khâu máy, dao siêu âm, kẹp khóa mạch máu)","12,000,000"
Phẫu thuật nội soi cắt bán phần lách trong chấn thương,"9,330,000"
Phẫu thuật nội soi cắt dạ dày hình ống,"12,000,000"
Phẫu thuật nội soi cắt dạ dày không điển hình,"12,000,000"
Phẫu thuật nội soi cắt đại tràng chậu hông,"12,000,000"
Phẫu thuật nội soi cắt đại tràng chậu hông+ nạo vét hạch,"12,000,000"
Phẫu thuật nội soi cắt đại tràng ngang,"12,000,000"
Phẫu thuật nội soi cắt đại tràng ngang + nạo vét hạch,"12,000,000"
Phẫu thuật nội soi cắt đại tràng phải + nạo vét hạch,"12,000,000"
Phẫu thuật nội soi cắt đại tràng phải mở + nạo vét hạch rộng,"12,000,000"
Phẫu thuật nội soi cắt đại tràng phải mở rộng,"12,000,000"
Phẫu thuật nội soi cắt đại tràng phải/trái (Chưa bao gồm máy cắt nối tự động và ghim khâu trong máy),"12,000,000"
Phẫu thuật nội soi cắt đại tràng trái,"12,000,000"
Phẫu thuật nội soi cắt đại tràng trái+ nạo vét hạch,"12,000,000"
Phẫu thuật nội soi cắt đoạn đại tràng,"12,000,000"
Phẫu thuật nội soi cắt đoạn đại tràng+ nạo vét hạch,"12,000,000"
Phẫu thuật nội soi cắt đoạn đại trực tràng,"12,000,000"
Phẫu thuật nội soi cắt đoạn đại trực tràng+ nạo vét hạch,"12,000,000"
Phẫu thuật nội soi cắt đoạn ruột non,"12,000,000"
Phẫu thuật nội soi cắt đoạn trực tràng trong điều trị sa trực tràng,"12,000,000"
"Phẫu thuật nội soi cắt gan trái ( Chưa bao gồm đầu dao cắt gan siêu âm, keo sinh học, dao cắt hàn mạch, hàn mô.) [PT loại ĐB]","12,000,000"
Phẫu thuật nội soi cắt lách,"9,330,000"
Phẫu thuật nội soi cắt lách bán phần,"9,330,000"
Phẫu thuật nội soi cắt manh tràng,"12,000,000"
Phẫu thuật nội soi cắt nang mạc treo ruột,"7,270,000"
Phẫu thuật nội soi cắt ruột thừa,"6,540,000"
Phẫu thuật nội soi cắt thần kinh X chọn lọc,"4,800,000"
Phẫu thuật nội soi cắt thần kinh X siêu chọn lọc,"4,800,000"
Phẫu thuật nội soi cắt thân thần kinh X,"4,800,000"
Phẫu thuật nội soi cắt trực tràng thấp,"12,000,000"
Phẫu thuật nội soi cắt trực tràng thấp+ nạo vét hạch,"12,000,000"
"Phẫu thuật nội soi cắt trực tràng, đóng mỏm cụt trực tràng, mở hậu môn nhân tạo+ nạo vét hạch","13,300,000"
"Phẫu thuật nội soi cắt trực tràng, nối đại tràng - ống hậu môn","13,300,000"
"Phẫu thuật nội soi cắt trực tràng, nối đại tràng - ống hậu môn+ nạo vét hạch+ nạo vét hạch","13,300,000"
"Phẫu thuật nội soi cắt trực tràng, ống hậu môn ngả bụng và tầng sinh môn + nạo vét hạch (Chưa bao gồm máy cắt nối tự động và ghim khâu máy, dao siêu âm, kẹp khóa mạch máu)","13,300,000"
Phẫu thuật nội soi cắt túi mật,"6,670,000"
Phẫu thuật nội soi cắt túi mật (có chụp đường mật trong mổ) (Phẫu thuật loại 1),"8,000,000"
Phẫu thuật nội soi cắt u mạc treo ruột + cắt đoạn ruột non,"12,000,000"
"Phẫu thuật nội soi cắt u mạc treo ruột, không cắt ruột","7,270,000"
Phẫu thuật nội soi cố định trực tràng,"9,330,000"
Phẫu thuật nội soi cố định trực tràng + cắt đoạn đại tràng,"12,000,000"
Phẫu thuật nội soi cố định trực tràng bằng lưới trong điều trị sa trực tràng,"9,330,000"
Phẫu thuật nội soi cố định trực tràng trong điều trị sa trực tràng,"9,330,000"
"Phẫu thuật nội soi điều trị thoát vị bẹn 1 bên (Chưa bao gồm tấm màng nâng, khóa kẹp mạch máu, vật liệu cầm máu) (Phẫu thuật loại 1)","7,930,000"
"Phẫu thuật nội soi điều trị thoát vị bẹn 1 bên (Chưa bao gồm tấm màng nâng, khóa kẹp mạch máu, vật liệu cầm máu) (Phẫu thuật loại 1) [gây tê]","7,930,000"
Phẫu thuật nội soi đóng hậu môn nhân tạo,"12,000,000"
Phẫu thuật nội soi đóng hậu môn nhân tạo [Chưa bao gồm máy cắt nối tự động và ghim khâu trong máy.] [PT loại 1],"7,710,000"
Phẫu thuật nội soi gỡ dính ruột,"8,000,000"
Phẫu thuật nội soi khâu thủng dạ dày,"6,670,000"
Phẫu thuật nội soi khâu thủng ruột non + đưa ruột non ra da trên dòng,"6,670,000"
Phẫu thuật nội soi khâu thủng tá tràng + nối dạ dày-hỗng tràng,"12,000,000"
Phẫu thuật nội soi khâu vết thương dạ dày,"6,670,000"
Phẫu thuật nội soi khâu vết thương tá tràng + nối dạ dày-hỗng tràng,"12,000,000"
Phẫu thuật nội soi lấy dị vật trong đường mật,"9,330,000"
Phẫu thuật nội soi mở ống mật chủ lấy sỏi + cắt gan thùy trái,"8,000,000"
Phẫu thuật nội soi mở ống mật chủ lấy sỏi + cắt túi mật,"8,000,000"
Phẫu thuật nội soi nối dạ dày - hỗng tràng,"12,000,000"
"Phẫu thuật nội soi nối dạ dày - hỗng tràng, nối túi mật-hỗng tràng","12,000,000"
Phẫu thuật nội soi nối tắt đại tràng - đại tràng,"12,000,000"
Phẫu thuật nội soi nối tắt hồi tràng - đại tràng ngang,"12,000,000"
Phẫu thuật nội soi nối tắt ruột non - ruột non,"12,000,000"
PTNS tán sỏi trong mổ nội soi đường mật và tán sỏi qua đường hầm Kehr,"8,000,000"
PTNS tán sỏi trong mổ nội soi đường mật và tán sỏi qua đường hầm Kehr (lần kế tiếp),"8,000,000"
PTNS tán sỏi trong mổ nội soi đường mật và tán sỏi qua đường hầm Kehr [Chưa bao gồm đầu tán sỏi và điện cực tán sỏi.] [PT loại DB],"8,000,000"
Sinh thiết gan dưới hướng dẫn siêu âm (Thủ thuật loại 1),"3,600,000"
Tán sỏi qua đường hầm Kehr hoặc qua da,"8,000,000"
Tháo lồng bằng bơm khí/nước,"2,910,000"
Thụt tháo chuẩn bị sạch đại tràng,"145,000"
Thụt tháo phân,"145,000"
NGOẠI TIẾT NIỆU,
Bóc u tiền liệt tuyến qua đường bàng quang (Phẫu thuật loại 1),"9,370,000"
Bóc u tiền liệt tuyến qua đường sau xương mu (Phẫu thuật loại 1),"9,370,000"
Cắm niệu quản bàng quang (Phẫu thuật loại 1),"7,270,000"
Cấp cứu nối niệu đạo do vỡ xương chậu (Phẫu thuật loại 1),"7,710,000"
Cấp cứu nối niệu đạo do vỡ xương chậu (Phẫu thuật loại 1) [gây tê],"7,710,000"
"Cắt bàng quan toàn bộ, nạo vét hạch và chuyển lưu dòng nước tiểu bằng ruột (Phẫu thuật đặc biệt)","16,500,000"
"Cắt bàng quang, đưa niệu quản ra ngoài da (Phẫu thuật loại 1)","9,920,000"
Cắt bỏ dương vật ung thư,"6,060,000"
Cắt bỏ dương vật ung thư có vét hạch,"13,200,000"
Cắt bỏ tinh hoàn (Phẫu thuật loại 3),"4,240,000"
Cắt bỏ tinh hoàn (Phẫu thuật loại 3) [gây tê],"4,240,000"
Cắt bỏ tinh hoàn lạc chỗ (Phẫu thuật loại 2),"6,610,000"
Cắt bỏ tinh hoàn lạc chỗ (Phẫu thuật loại 2) [gây tê],"6,610,000"
Cắt cổ bàng quang (Phẫu thuật loại 1),"6,760,000"
"Cắt dương vật không vét hạch, cắt một nửa dương vật [PT loại 2]","6,670,000"
Cắt hẹp bao quy đầu [Phẫu thuật loại 3],"3,300,000"
Cắt một nửa thận (cắt thận bán phần) [PT loại 1],"11,000,000"
Cắt một phần bàng quang [PT loại 1],"9,330,000"
Cắt nối niệu đạo sau (Phẫu thuật loại 1),"11,000,000"
Cắt nối niệu đạo sau (Phẫu thuật loại 1) [gây tê],"11,000,000"
Cắt nối niệu đạo trước (Phẫu thuật loại 1),"8,820,000"
Cắt nối niệu đạo trước (Phẫu thuật loại 1) [gây tê],"8,820,000"
Cắt nối niệu quản [PT loại 1],"8,820,000"
Cắt phymosis [Cắt hẹp bao quy đầu đơn giản],"1,455,000"
Cắt thận đơn thuần (Phẫu thuật loại 1),"9,920,000"
Cắt thận rộng rãi + nạo vét hạch (Phẫu thuật loại ĐB),"13,200,000"
Cắt thận thận phụ (thận dư số) với niệu quản lạc chỗ (Phẫu thuật loại 1),"9,920,000"
"Cắt thận và niệu quản do u niệu quản, u đường tiết niệu (Phẫu thuật loại 1)","13,200,000"
Cắt toàn bộ bàng quang kèm tạo hình bàng quang kiểu Studder [PT loại ĐB],"16,500,000"
"Cắt toàn bộ bàng quang kèm tạo hình bàng quang kiểu Studder, Camey (Phẫu thuật đặc biệt)","16,500,000"
Cắt toàn bộ thận và niệu quản [PT loại DB],"13,200,000"
Cắt u bàng quang tái phát qua nội soi (Phẫu thuật loại 1),"6,760,000"
Cắt u ống niệu rốn và một phần bàng quang (Phẫu thuật loại 1),"7,710,000"
Cắt u phì đại lành tính tuyến tiền liệt qua nội soi (Phẫu thuật loại 1),"6,670,000"
Cắt u tuyến thượng thận (mổ mở) (Phẫu thuật loại 1),"11,000,000"
"Dẫn lưu đài bể thận qua da [ Chưa bao gồm kẹp khóa mạch máu, miếng cầm máu, máy cắt nối tự động và ghim khâu máy cắt nối, PT loại 1]","4,410,000"
Đặt ống thông JJ trong hẹp niệu quản,"3,330,000"
Đặt ống thông niệu quản qua nội soi (sond JJ),"3,330,000"
Đặt sonde bàng quang,"165,000"
Điều trị u xơ tiền liệt tuyến bằng laser (Chưa bao gồm dây cáp quang) (Phẫu thuật loại 1),"8,820,000"
Đo áp lực niệu đạo bằng máy,"661,000"
Đo áp lực ổ bụng bằng máy niệu động học (Urodynamic),"581,000"
Đo áp lực thẩm thấu niệu,"181,000"
Đo niệu dòng đồ,"276,000"
Ghép thận tự thân trong cấp cứu do chấn thương cuống thận (Phẫu thuật đặc biệt),"22,000,000"
"Hạ tinh hoàn ẩn, tinh hoàn lạc chổ (Phẫu thuật loại 1)","8,000,000"
"Hạ tinh hoàn ẩn, tinh hoàn lạc chổ (Phẫu thuật loại 1) [gây tê]","8,000,000"
Kỹ thuật tạo đường hầm trên cầu nối (AVF) để sử dụng kim đầu tù trong lọc máu (Kỹ thuật Button hole) (Thủ thuật loại 2),"4,410,000"
Lấy sỏi bể thận ngoài xoang (Phẫu thuật loại 1),"9,330,000"
Lấy sỏi mở bể thận trong xoang (Phẫu thuật loại 1),"10,600,000"
"Lấy sỏi mở bể thận, đài thận có dẫn lưu thận (Phẫu thuật loại 1)","9,700,000"
Lấy sỏi niệu quản đoạn sát bàng quang (Phẫu thuật loại 1),"8,260,000"
Lấy sỏi niệu quản đoạn sát bàng quang (Phẫu thuật loại 1) [gây tê],"8,260,000"
Lấy sỏi niệu quản đơn thuần (Phẫu thuật loại 2),"8,730,000"
Lấy sỏi niệu quản đơn thuần (Phẫu thuật loại 2) [gây tê],"8,730,000"
Lấy sỏi niệu quản qua nội soi (Chưa bao gồm sonde niệu quản và dây dẫn Guide wire) (Thủ thuật đặc biệt),"1,984,000"
"Lấy sỏi niệu quản tái phát, phẫu thuật lại (Phẫu thuật loại 1)","8,000,000"
"Lấy sỏi niệu quản tái phát, phẫu thuật lại (Phẫu thuật loại 1) [gây tê]","8,000,000"
Lấy sỏi san hô thận (Phẫu thuật loại 1),"10,600,000"
Lấy sỏi san hô thận [có xẻ nhu mô thận phức tạp],"12,100,000"
Lấy sỏi san hô thận [có xẻ nhu mô] (Phẫu thuật loại 1),"11,000,000"
Mổ sa bàng quang qua ngõ âm đạo (tạo hình thành trước âm đạo) [PT loại ĐB],"7,270,000"
Mở thông bàng quang trên xương mu,"3,300,000"
Nội soi bàng quang cắt u (Phẫu thuật loại 1),"6,670,000"
Nội soi bàng quang cắt u (Phẫu thuật loại 1) [gây tê],"6,670,000"
Nội soi bàng quang chẩn đoán (Nội soi bàng quang không sinh thiết),"1,819,000"
Nội soi bàng quang để sinh thiết bàng quang đa điểm (Thủ thuật loại 1),"2,000,000"
"Nội soi bàng quang tán sỏi (Chưa bao gồm sonde JJ, rọ lấy sỏi) (Phẫu thuật loại 2)","6,540,000"
"Nội soi bàng quang, đưa catheter lên niệu quản bơm rửa niệu quản sau tán sỏi ngoài cơ thể khi sỏi tắc ở niệu quản","606,000"
"Nội soi bàng quang, lấy dị vật, sỏi","4,410,000"
Nội soi bóc u tiền liệt tuyến lành tính [PT loại 1],"6,670,000"
Nội soi bơm rửa niệu quản sau tán sỏi ngoài cơ thể,"606,000"
"Nội soi niệu quản 2 bên 1 thì tán sỏi niệu quản (Chưa bao gồm sonde JJ, rọ lấy sỏi) (Phẫu thuật loại 1)","6,060,000"
Nội soi niệu quản chẩn đoán [Chưa bao gồm sonde JJ.] [TT loại 1],"2,200,000"
Nội soi nong niệu quản hẹp [Chưa bao gồm Sonde JJ] (Phẫu thuật loại 1),"3,330,000"
"Nội soi tán sỏi niệu quản (búa khí nén, siêu âm, laser) [Chưa bao gồm sonde JJ, rọ lấy sỏi] (Thủ thuật đặc biệt)","6,060,000"
Nội soi tạo hình niệu quản sau tĩnh mạch chủ [PT loại ĐB],"9,700,000"
Nội soi thận ống mềm tán sỏi thận [PT ĐB],"38,500,000"
Nong niệu đạo và đặt sonde đái (Thủ thuật loại 2),"331,000"
Phẫu thuật áp xe tuyến tiền liệt [PT loại 2],"5,510,000"
Phẫu thuật áp xe tuyến tiền liệt [PT loại 2] [gây tê],"5,510,000"
Phẫu thuật cắt toàn bộ tuyến tiền liệt trong điều trị ung thư tuyến tiền liệt [PT ĐB],"13,200,000"
Phẫu thuật cắt túi thừa bàng quang (Phẫu thuật loại 1),"9,920,000"
Phẫu thuật chữa cương cứng dương vật ( Chưa bao gồm sonde JJ. ) [PT loại 1],"5,510,000"
Phẫu thuật chữa xơ cứng dương vật (Peyronie) [PT loại 2],"7,270,000"
Phẫu thuật khâu bảo tồn hoặc cắt thận bán phần trong chấn thương thận,"9,330,000"
Phẫu thuật lấy sỏi bàng quang (Phẫu thuật loại 2),"5,510,000"
Phẫu thuật lấy sỏi bàng quang (Phẫu thuật loại 2) [gây tê],"5,510,000"
"Phẫu thuật lỗ tiểu lệch thấp, tạo hình một thì [PT loại 1]","12,100,000"
"Phẫu thuật lỗ tiểu lệch thấp, tạo hình một thì [PT loại 1] [gây tê]","12,100,000"
"Phẫu thuật lỗ tiều lệch thấp, tạo hình thì 2 [PT loại 1]","6,670,000"
"Phẫu thuật lỗ tiều lệch thấp, tạo hình thì 2 [PT loại 1] [gây tê]","6,670,000"
Phẫu thuật nội soi cắt bàng quang bán phần (Phẫu thuật loại 1),"9,330,000"
Phẫu thuật nội soi cắt bàng quang tận gốc (Phẫu thuật đặc biệt),"16,500,000"
"Phẫu thuật nội soi cắt bàng quang, tạo hình bàng quang qua ổ bụng","16,500,000"
Phẫu thuật nội soi cắt bỏ thận phụ (Phẫu thuật loại 1),"11,000,000"
Phẫu thuật nội soi cắt bỏ toàn bộ tuyến thượng thận 1 bên (Phẫu thuật đặc biệt),"8,820,000"
Phẫu thuật nội soi cắt chỏm nang thận qua phúc mạc (Phẫu thuật loại 2),"8,730,000"
Phẫu thuật nội soi cắt chỏm nang thận sau phúc mạc (Phẫu thuật loại 2),"8,730,000"
Phẫu thuật nội soi cắt nang thận qua phúc mạc (Phẫu thuật loại 2),"8,730,000"
Phẫu thuật nội soi cắt nang thận sau phúc mạc (Phẫu thuật loại 2),"8,730,000"
Phẫu thuật nội soi cắt thận bán phần (Phẫu thuật loại 1),"11,000,000"
Phẫu thuật nội soi cắt thận đơn giản (Phẫu thuật loại 1),"9,920,000"
Phẫu thuật nội soi cắt thận tận gốc (Phẫu thuật đặc biệt),"9,920,000"
Phẫu thuật nội soi cắt thận và niệu quản do u đường bài xuất (Phẫu thuật đặc biệt),"13,200,000"
Phẫu thuật nội soi cắt toàn bộ tuyến tiền liệt (Phẫu thuật đặc biệt),"13,200,000"
Phẫu thuật nội soi cắt u sau phúc mạc (Phẫu thuật loại 1),"11,000,000"
Phẫu thuật nội soi cắt u thận (Phẫu thuật loại 1),"11,000,000"
Phẫu thuật nội soi cắt u thận ác tính (Phẫu thuật đặc biệt),"11,000,000"
Phẫu thuật nội soi cắt u thận lành tính (Phẫu thuật loại 1),"11,000,000"
Phẫu thuật nội soi cắt u tiền liệt tuyến triệt căn qua ổ bụng hoặc ngoài phúc mạc [PT loại ĐB],"13,200,000"
Phẫu thuật nội soi cắt xơ hẹp niệu đạo (Phẫu thuật loại 2),"5,510,000"
Phẫu thuật nội soi lấy sỏi thận/ sỏi niệu quản (Phẫu thuật loại 1),"8,480,000"
Phẫu thuật nội soi tạo hình khúc nối niệu quản - bể thận [PT loại 1],"8,820,000"
Phẫu thuật nội soi tạo hình niệu quản [Cắt túi sa niệu quản] [PT loại 1],"8,820,000"
Phẫu thuật nội soi tạo hình niệu quản [PT loại 1],"8,820,000"
Phẫu thuật nội soi thắt tĩnh mạch tinh trên bụng (Phẫu thuật loại 2),"5,510,000"
"Phẫu thuật rò bàng quang-âm đạo, bàng quang-tử cung, trực tràng (Phẫu thuật đặc biệt)","11,000,000"
Phẫu thuật sa niệu đạo nữ (Phẫu thuật loại 1),"6,610,000"
Phẫu thuật sa niệu đạo nữ (Phẫu thuật loại 1) [gây tê],"6,610,000"
"Phẫu thuật tạo hình điều trị đa dị tật bàng quang âm đạo, niệu đạo, trực tràng [PT loại 1]","13,200,000"
Phẫu thuật tạo hình điều trị dị tật lộ bàng quang bẩm sinh [PT loại 1],"13,200,000"
Phẫu thuật tạo hình điều trị lỗ niệu đạo mặt lưng dương vật [PT loại 1],"9,920,000"
Phẫu thuật tràn dịch màng tinh hoàn [PT loại 2],"3,960,000"
Phẫu thuật vỡ vật hang do gẫy dương vật [PT loại 1],"5,510,000"
"Phẫu thuật xoắn, vỡ tinh hoàn (Phẫu thuật loại 2)","6,540,000"
"Phẫu thuật xoắn, vỡ tinh hoàn (Phẫu thuật loại 2) [gây tê]","6,540,000"
PT cấp cứu vỡ bàng quang (Phẫu thuật loại 1),"7,710,000"
"PT chích dẫn lưu viêm tấy quanh thận, áp xe thận [Chưa bao gồm kẹp khóa mạch máu, miếng cầm máu, máy cắt nối tự động và ghim khâu máy cắt nối.] [PT loại 2]","7,270,000"
"PT dẫn lưu niệu quản ra thành bụng 1 bên/ 2 bên [Chưa bao gồm kẹp khóa mạch máu, miếng cầm máu, máy cắt nối tự động và ghim khâu máy cắt nối.] [PT loại 2]","7,270,000"
PT dẫn lưu thận qua da (Phẫu thuật loại 2),"6,610,000"
PT làm lại thành âm đạo (Phẫu thuật loại 2),"7,270,000"
Rửa bàng quang,"364,000"
Rửa bàng quang lấy máu cục,"1,102,000"
Rửa bàng quang lấy máu cục (Chưa bao gồm hóa chất) (Thủ thuật loại 2),"1,102,000"
Rút sonde dẫn lưu bể thận qua da,"242,000"
Rút sonde dẫn lưu tụ dịch- máu quanh thận,"242,000"
Rút sonde jj qua đường nội soi bàng quang,"1,350,000"
Rút sonde jj qua đường nội soi bàng quang [tiền mê],"1,819,000"
Sinh thiết thận ghép sau ghép thận dưới hướng dẫn của siêu âm (Thủ thuật đặc biệt),"3,850,000"
Tán sỏi ngoài cơ thể (Thủ thuật đặc biệt),"3,330,000"
Tán sỏi thận qua da,"11,000,000"
Tán sỏi thận qua da bằng máy tán hơi + siêu âm/ có C.Arm,"12,100,000"
Tán sỏi thận qua da có C.Arm + siêu âm/ Laser,"12,100,000"
Tạo hình dương vật bằng vi phẫu thuật [PT loại ĐB],"12,000,000"
Tạo hình dương vật do lệch lạc phái tính do gien (Phẫu thuật đặc biệt),"12,000,000"
Tạo hình dương vật do lệch lạc phái tính do gien (Phẫu thuật đặc biệt) [gây tê],"12,000,000"
"Tạo hình khúc nối bể thận – niệu quản (Phương pháp Foley, Anderson – Hynes [PT loại 1]","8,820,000"
Tạo hình miệng niệu đạo lệch thấp ở nữ giới [PT loại ĐB],"6,670,000"
Tạo hình miệng niệu đạo lệch thấp ở nữ giới [PT loại ĐB] [gây tê],"6,670,000"
Tạo hình niệu quản bằng đoạn ruột (Phẫu thuật đặc biệt),"12,000,000"
Tạo hình niệu quản do phình to niệu quản [PT loại 1],"7,270,000"
Tạo hình phần nối bể thận- niệu quản [PT loại 1],"9,330,000"
Thắt tĩnh mạch tinh trên bụng (Phẫu thuật loại 2),"5,510,000"
Thông bàng quang,"165,000"
Thụt tháo,"165,000"
LỌC MÁU NGOÀI THẬN,
"Lọc máu cấp cứu (ở người chưa có mở thông động tĩnh mạch) (Quả lọc dây máu dùng 1 lần; đã bao gồm catheter 2 nòng) [Quả lọc dây máu dùng 1 lần; đã bao gồm catheter 2 nòng được tính bình quân là 0,25 lần cho 1 lần chạy thận.] [TT loại 1]","3,890,000"
"Thận nhân tạo chu kỳ [Lọc máu bệnh nhân nặng, chăm sóc đặc biệt] [TT loại 2]","1,916,000"
Thận nhân tạo chu kỳ [Lọc máu tại giường] [Quả lọc dây máu dùng 1 lần.] [TT loại 2],"2,030,000"
"Thận nhân tạo chu kỳ [Lọc máu màng Highflux 1.5m2, màng 6 lần, dây 1 lần] [TT loại 2]","946,000"
"Thận nhân tạo chu kỳ [Lọc máu màng Highflux 1.5m2, màng 1 lần, dây 1 lần] [TT loại 2]","1,527,000"
"Thận nhân tạo chu kỳ [Lọc máu màng Highflux 1.8m2, màng 6 lần, dây 1 lần] [TT loại 2]","946,000"
"Thận nhân tạo chu kỳ [Lọc máu màng Highflux 1.8m2, màng 1 lần, dây 1 lần] [TT loại 2]","1,527,000"
"Thận nhân tạo chu kỳ [Lọc máu màng LowFlux 1.5m2, màng 6 lần, dây 1 lần] [TT loại 2]","865,000"
"Thận nhân tạo chu kỳ [Lọc máu màng LowFlux 1.5m2, màng 1 lần, dây 1 lần] [TT loại 2]","1,309,000"
"Thận nhân tạo chu kỳ [Lọc máu màng LowFlux 1.8m2, màng 6 lần, dây 1 lần] [TT loại 2]","917,000"
"Thận nhân tạo chu kỳ [Lọc máu màng LowFlux 1.8m2, màng 1 lần, dây 1 lần] [TT loại 2]","1,397,000"
Thận nhân tạo thường qui [Quả lọc dây máu dùng 6 lần.] [TT loại 2],"2,910,000"
"Lọc máu liên tục cấp cứu (CVVH) [Chưa bao gồm quả lọc, bộ dây dẫn và dịch lọc.] [TT loại DB]","3,460,000"
"Lọc máu liên tục cấp cứu có thẩm tách (CVVHD) [Chưa bao gồm quả lọc, bộ dây dẫn và dịch lọc.] [TT loại DB]","3,460,000"
"Lọc máu liên tục cấp cứu (CVVH) cho người bệnh sốc nhiễm khuẩn [Chưa bao gồm quả lọc, bộ dây dẫn và dịch lọc.] [TT loại DB]","3,460,000"
"Lọc máu liên tục cấp cứu (CVVH) cho người bệnh suy đa tạng [Chưa bao gồm quả lọc, bộ dây dẫn và dịch lọc.] [TT loại DB]","3,460,000"
"Lọc máu liên tục cấp cứu (CVVH) cho người bệnh viêm tụy cấp [Chưa bao gồm quả lọc, bộ dây dẫn và dịch lọc.] [TT loại DB]","3,460,000"
"Lọc máu thẩm tách liên tục cấp cứu (CVVHDF) [Chưa bao gồm quả lọc, bộ dây dẫn và dịch lọc.] [TT loại DB]","3,460,000"
"Lọc máu thẩm tách liên tục cấp cứu (CVVHDF) cho người bệnh sốc nhiễm khuẩn [Chưa bao gồm quả lọc, bộ dây dẫn và dịch lọc.] [TT loại DB]","3,460,000"
"Lọc máu thẩm tách liên tục cấp cứu (CVVHDF) cho người bệnh suy đa tạng [Chưa bao gồm quả lọc, bộ dây dẫn và dịch lọc.] [TT loại DB]","3,460,000"
"Lọc máu thẩm tách liên tục cấp cứu (CVVHDF) cho người bệnh viêm tụy cấp [Chưa bao gồm quả lọc, bộ dây dẫn và dịch lọc.] [TT loại DB]","3,460,000"
"Lọc máu liên tục cấp cứu (CVVH) cho người bệnh ARDS (Chưa bao gồm quả lọc, bộ dây dẫn và dịch lọc)","3,460,000"
"Lọc máu liên tục cấp cứu (SCUF) cho người bệnh quá tải thể tích. [Chưa bao gồm quả lọc, bộ dây dẫn và dịch lọc.] [TT loại DB]","3,460,000"
"Lọc máu liên tục cấp cứu (CVVH) cho người bệnh suy thận cấp do tiêu cơ vân nặng [Chưa bao gồm quả lọc, bộ dây dẫn và dịch lọc.] [TT loại DB]","3,460,000"
"Thay huyết tương sử dụng huyết tương [Chưa bao gồm quả lọc tách huyết tương, bộ dây dẫn và huyết tương đông lạnh hoặc dung dịch albumin.] [TT loại DB]","3,200,000"
"Thay huyết tương sử dụng albumin [Chưa bao gồm quả lọc tách huyết tương, bộ dây dẫn và huyết tương đông lạnh hoặc dung dịch albumin.] [TT loại DB]","3,200,000"
"Lọc huyết tương sử dụng 2 quả lọc (Chưa bao gồm quả lọc tách huyết tương, bộ dây dẫn và huyết tương đông lạnh hoặc dung dịch albumin)","3,200,000"
"Thay huyết tương trong hội chứng Guillain-Barré, nhược cơ [Chưa bao gồm quả lọc tách huyết tương, bộ dây dẫn và huyết tương đông lạnh hoặc dung dịch albumin.] [TT loại DB]","3,200,000"
"Thay huyết tương trong lupus ban đỏ rải rác [Chưa bao gồm quả lọc tách huyết tương, bộ dây dẫn và huyết tương đông lạnh hoặc dung dịch albumin.] [TT loại DB]","3,200,000"
"Thay huyết tương trong hội chứng xuất huyết giảm tiểu cầu tắc mạch (hội chứng TTP) [Chưa bao gồm quả lọc tách huyết tương, bộ dây dẫn và huyết tương đông lạnh hoặc dung dịch albumin.] [TT loại DB]","3,200,000"
"Thay huyết tương trong suy gan cấp [Chưa bao gồm quả lọc tách huyết tương, bộ dây dẫn và huyết tương đông lạnh hoặc dung dịch albumin.] [TT loại DB]","3,200,000"
Lọc máu hấp phụ phân tử tái tuần hoàn (gan nhân tạo - MARS) (Chưa bao gồm hệ thống quả lọc và dịch lọc ) (Thủ thuật đặc biệt),"3,070,000"
"Đóng các lỗ rò động mạch, tĩnh mạch [Chưa bao gồm vật tư chuyên dụng dùng để can thiệp: bóng nong, stent, các vật liệu nút mạch, các loại ống thông hoặc vi ống thông, các loại dây dẫn hoặc vi dây dẫn, các vòng xoắn kim loại, dụng cụ lấy dị vật, bộ dụng cụ lấy huyết khối, bộ dụng cụ bít (bộ thả dù, dù các loại).] [TT loại DB]","12,000,000"
"Đặt catheter hai nòng có cuff, tạo đường hầm để lọc máu (Thủ thuật loại 1)","11,500,000"
Đặt catheter hai nòng tĩnh mạch cảnh trong để lọc máu [Chỉ áp dụng với trường hợp lọc máu.] [TT loại 2],"2,180,000"
Đặt catheter hai nòng tĩnh mạch dưới đòn để lọc máu,"2,000,000"
Lọc màng bụng chu kỳ (CAPD),"780,000"
"Lọc huyết tương (Plasmapheresis) [Chưa bao gồm quả lọc tách huyết tương, bộ dây dẫn và huyết tương đông lạnh hoặc dung dịch albumin, TT loại DB]","3,200,000"
Lọc màng bụng liên tục 24 h bằng máy,"1,251,000"
"Lọc huyết tương sử dụng 2 quả lọc trong Lupus (Chưa bao gồm quả lọc tách huyết tương, bộ dây dẫn và huyết tương đông lạnh hoặc dung dịch albumin)","3,200,000"
Nối thông động- tĩnh mạch (Thủ thuật loại 1),"6,000,000"
Nối thông động- tĩnh mạch có dịch chuyển mạch (Thủ thuật loại 1),"6,670,000"
Nối thông động- tĩnh mạch sử dụng mạch nhân tạo (Chưa bao gồm mạch nhân tạo) (Thủ thuật loại 1),"8,000,000"
Siêu lọc máu chậm liên tục (SCUF),"2,900,000"
Siêu lọc máu liên tục cấp cứu (SCUF) cho người bệnh quá tải thể tích.,"2,900,000"
"Thận nhân tạo chu kỳ [Lọc máu bệnh nhân nặng, chăm sóc đặc biệt từ 6-8 giờ] [TT loại 2]","3,580,000"
Phẫu thuật nội soi đặt Catheter ổ bụng để lọc màng bụng,"7,630,000"
Đặt catheter một nòng hoặc hai nòng tĩnh mạch đùi để lọc máu,"2,000,000"
"Lọc máu liên tục (Chưa bao gồm quả lọc, bộ dây dẫn và dịch lọc)","3,460,000"
"Phẫu thuật tạo thông động - tĩnh mạch để chạy thận nhân tạo [Chưa bao gồm mạch máu nhân tạo, động mạch chủ nhân tạo][Phẫu thuật loại 1]","6,670,000"
"Phẫu thuật tạo thông động - tĩnh mạch để chạy thận nhân tạo [Chưa bao gồm mạch máu nhân tạo, động mạch chủ nhân tạo][Phẫu thuật loại 1] [gây tê]","6,670,000"
Phối hợp thận nhân tạo (HD) và hấp thụ máu (HP) bằng quả hấp phụ máu HA 130 (chưa bao gồm Quả lọc hấp phụ máu HA 130 JAFRON),"1,575,000"
SẢN KHOA,
Bóc nang tuyến Bartholin,"4,000,000"
"Bóc nang tuyến Bartholin [Phức tạp, Phẫu thuật loại 2]","7,270,000"
Bóc nhân xơ vú [TT loại 1],"2,660,000"
Cắt chỉ khâu vòng cổ tử cung,"157,000"
Cắt chi và vét hạch do ung thư,"9,330,000"
Cắt cụt cổ tử cung,"3,830,000"
"Cắt toàn bộ tử cung, đường bụng","9,330,000"
Cắt u buồng trứng qua nội soi,"6,530,000"
Cắt u nang buồng trứng,"7,270,000"
Cắt u nang buồng trứng xoắn,"7,270,000"
"Cắt u tiểu khung thuộc tử cung, buồng trứng to, dính, cắm sâu trong tiểu khung","12,000,000"
"Cắt, đốt sùi mào gà âm hộ; âm đạo; tầng sinh môn","873,000"
Chích áp xe tầng sinh môn,"1,033,000"
Chích áp xe tuyến Bartholin,"1,140,000"
"Chích áp xe vú [Lớn, TT loại 2]","3,630,000"
Chích áp xe vú [TT loại 2],"1,455,000"
Chích rạch màng trinh do ứ máu kinh,"1,005,000"
Chọc dò màng bụng sơ sinh,"567,000"
Chọc dò túi cùng Douglas,"1,636,000"
"Chọc hút dịch màng bụng, màng phổi do quá kích buồng trứng","436,000"
Chọc nang buồng trứng đường âm đạo dưới siêu âm,"2,870,000"
Chọc ối dưới hướng dẫn của siêu âm,"908,000"
Chọc ối làm xét nghiệm tế bào,"908,000"
Đặt dụng cụ tử cung(Thủ thuật loại 3),"360,000"
Đặt mảnh ghép tổng hợp điều trị sa tạng vùng chậu,"10,600,000"
Đặt/ tháo dụng cụ tử cung khó,"1,375,000"
Điều trị đái rỉ ở nữ bàng đặt miếng nâng niệu đạo TOT [PT loại 1],"6,670,000"
"Điều trị tổn thương cổ tử cung bằng đốt điện, đốt nhiệt, đốt laser, áp lạnh...","213,000"
Đỡ đẻ ngôi ngược (*),"2,000,000"
Đỡ đẻ thường ngôi chỏm,"2,180,000"
Đỡ đẻ từ sinh đôi trở lên,"3,330,000"
Đóng rò trực tràng - âm đạo hoặc rò tiết niệu - sinh dục,"12,000,000"
Đóng rò trực tràng - âm đạo hoặc rò tiết niệu - sinh dục [gây tê],"12,000,000"
Forceps,"1,170,000"
Giác hút,"1,170,000"
"Hút buồng tử cung do rong kinh, rong huyết (Thủ thuật loại 2)","1,455,000"
Hút thai có kiểm soát bằng nội soi,"6,390,000"
Hút thai dưới siêu âm,"1,334,000"
"Khâu phục hồi rách cổ tử cung, âm đạo","2,030,000"
Khâu rách cùng đồ âm đạo,"2,630,000"
Khâu rách cùng đồ âm đạo [gây tê],"2,630,000"
Khâu tử cung do nạo thủng,"7,270,000"
Khâu tử cung do nạo thủng [gây tê],"7,270,000"
Khâu vòng cổ tử cung,"1,388,000"
Khoét chóp cổ tử cung,"3,830,000"
Khoét chóp cổ tử cung [gây tê],"3,830,000"
Kỹ thuật giảm đau qua các lớp cân bụng (TAP),"871,000"
"Làm lại vết mổ thành bụng (bục, tụ máu, nhiễm khuẩn...) sau phẫu thuật sản phụ khoa","4,360,000"
"Làm lại vết mổ thành bụng (bục, tụ máu, nhiễm khuẩn...) sau phẫu thuật sản phụ khoa [gây tê]","4,360,000"
Làm thuốc âm đạo,"27,000"
Làm thuốc vết khâu tầng sinh môn nhiễm khuẩn,"103,000"
Lấy dị vật âm đạo,"788,000"
Lấy dụng cụ tử cung trong ổ bụng qua đường rạch nhỏ,"3,970,000"
"Lấy khối máu tụ âm đạo, tầng sinh môn","3,120,000"
"Lấy khối máu tụ âm đạo, tầng sinh môn [gây tê]","3,120,000"
"Nạo sót thai, nạo sót rau sau sẩy, sau đẻ","1,455,000"
Nội soi buồng tử cung + nạo buồng tử cung (Phẫu thuật loại 2),"7,710,000"
Nội soi buồng tử cung can thiệp,"6,230,000"
Nội soi buồng tử cung chẩn đoán,"3,990,000"
Nội soi chẩn đoán + tiêm MTX tại chỗ GEU,"6,440,000"
Nội xoay thai,"1,841,000"
Nong cổ tử cung do bế sản dịch,"390,000"
Phá thai bằng phương pháp nong và gắp từ tuần thứ 13 đến hết tuần thứ 18 (Thủ thuật loại 1),"1,344,000"
Phá thai bằng phương pháp nong và gắp từ tuần thứ 13 đến hết tuần thứ 18 [Thai lưu/thai bệnh lý],"1,478,000"
Phá thai bằng thuốc cho tuổi thai đến hết 7 tuần,"1,819,000"
Phá thai bằng thuốc cho tuổi thai đến hết 7 tuần (Song thai),"2,720,000"
Phá thai bằng thuốc cho tuổi thai đến hết 7 tuần [Thai lưu/thai bệnh lý],"1,819,000"
Phá thai bằng thuốc cho tuổi thai đến hết 7 tuần [Thai lưu/thai bệnh lý][Song thai],"2,750,000"
Phá thai bằng thuốc cho tuổi thai đến hết 8 tuần,"3,430,000"
Phá thai bằng thuốc cho tuổi thai đến hết 8 tuần [Thai lưu/thai bệnh lý],"3,430,000"
Phá thai bằng thuốc cho tuổi thai đến hết 9 tuần,"3,430,000"
Phá thai bằng thuốc cho tuổi thai đến hết 9 tuần [Thai lưu/thai bệnh lý],"3,430,000"
Phá thai bằng thuốc cho tuổi thai từ 13 tuần đến hết tuần 22,"3,030,000"
Phá thai bằng thuốc cho tuổi thai từ 13 tuần đến hết tuần 22 [Thai lưu/thai bệnh lý],"3,030,000"
"Phá thai bệnh lý (bệnh lý mẹ, bệnh lý thai)","2,200,000"
Phá thai đến hết 7 tuần bằng phương pháp hút chân không (Thủ thuật loại 3),"521,000"
Phá thai đến hết 7 tuần bằng phương pháp hút chân không [Thai lưu/thai bệnh lý],"521,000"
Phá thai to từ 13 tuần đến 22 tuần bằng phương pháp đặt túi nước (Thủ thuật loại 2),"1,216,000"
Phá thai to từ 13 tuần đến 22 tuần bằng phương pháp đặt túi nước [Thai lưu/thai bệnh lý],"1,459,000"
Phá thai từ tuần thứ 6 đến hết 12 tuần bằng phương pháp hút chân không (Thủ thuật loại 2),"557,000"
Phá thai từ tuần thứ 6 đến hết 12 tuần bằng phương pháp hút chân không [Thai lưu/thai bệnh lý],"557,000"
Phẫu thuật bảo tồn tử cung do vỡ tử cung,"6,260,000"
Phẫu thuật bảo tồn tử cung do vỡ tử cung [gây tê],"6,260,000"
"Phẫu thuật bóc khối lạc nội mạc tử cung ở tầng sinh môn, thành bụng","7,270,000"
"Phẫu thuật bóc khối lạc nội mạc tử cung ở tầng sinh môn, thành bụng [gây tê]","7,270,000"
"Phẫu thuật cắt lọc vết mổ, khâu lại tử cung sau mổ lấy thai","5,970,000"
"Phẫu thuật cắt lọc vết mổ, khâu lại tử cung sau mổ lấy thai [gây tê]","5,970,000"
Phẫu thuật cắt tinh hoàn lạc chỗ,"7,270,000"
Phẫu thuật cắt tinh hoàn lạc chỗ [gây tê],"7,270,000"
Phẫu thuật cắt tử cung đường âm đạo,"5,760,000"
Phẫu thuật cắt tử cung đường âm đạo [gây tê],"5,760,000"
Phẫu thuật cắt tử cung đường âm đạo có sự hỗ trợ của nội soi,"7,630,000"
"Phẫu thuật cắt tử cung tình trạng người bệnh nặng, viêm phúc mạc nặng, kèm vỡ tạng trong tiểu khung, vỡ tử cung phức tạp","12,200,000"
Phẫu thuật cắt tử cung và thắt động mạch hạ vị do chảy máu thứ phát sau phẫu thuật sản khoa,"9,490,000"
Phẫu thuật chấn thương tầng sinh môn,"4,710,000"
Phẫu thuật chấn thương tầng sinh môn [gây tê],"4,710,000"
Phẫu thuật chửa ngoài tử cung không có choáng,"7,120,000"
Phẫu thuật chửa ngoài tử cung không có choáng [gây tê],"7,120,000"
Phẫu thuật chửa ngoài tử cung thể huyết tụ thành nang,"6,530,000"
Phẫu thuật chửa ngoài tử cung vỡ có choáng,"6,530,000"
Phẫu thuật Crossen,"5,120,000"
Phẫu thuật điều trị són tiểu [PT loại 1],"6,670,000"
Phẫu thuật khối viêm dính tiểu khung,"4,670,000"
Phẫu thuật khối viêm dính tiểu khung [gây tê],"4,670,000"
Phẫu thuật Labhart,"3,890,000"
Phẫu thuật làm lại tầng sinh môn và cơ vòng do rách phức tạp,"7,270,000"
"Phẫu thuật lấy thai có kèm các kỹ thuật cầm máu (thắt động mạch tử cung, mũi khâu B- lynch…)","5,410,000"
"Phẫu thuật lấy thai do bệnh lý sản khoa (rau tiền đạo, rau bong non, tiền sản giật, sản giật...)","5,510,000"
"Phẫu thuật lấy thai do bệnh lý sản khoa (rau tiền đạo, rau bong non, tiền sản giật, sản giật...) [gây tê]","5,510,000"
Phẫu thuật lấy thai lần ba trở lên,"7,760,000"
Phẫu thuật lấy thai lần ba trở lên [gây tê],"7,760,000"
Phẫu thuật lấy thai lần đầu,"4,360,000"
Phẫu thuật lấy thai lần đầu [gây tê],"4,360,000"
"Phẫu thuật lấy thai lần đầu [Song thai, PT loại 3]","6,540,000"
"Phẫu thuật lấy thai lần đầu [Song thai, PT loại 3] [gây tê]","6,540,000"
Phẫu thuật lấy thai lần hai,"5,330,000"
Phẫu thuật lấy thai lần hai [gây tê],"5,330,000"
Phẫu thuật lấy thai trên người bệnh có sẹo mổ bụng cũ phức tạp,"5,330,000"
Phẫu thuật lấy thai trên người bệnh có sẹo mổ bụng cũ phức tạp [gây tê],"5,330,000"
Phẫu thuật lấy thai và cắt tử cung trong rau cài răng lược,"10,100,000"
Phẫu thuật lấy thai và cắt tử cung trong rau cài răng lược [gây tê],"10,100,000"
Phẫu thuật Lefort,"3,890,000"
Phẫu thuật Lefort [gây tê],"3,890,000"
Phẫu thuật Manchester,"4,680,000"
Phẫu thuật mở bụng bóc u xơ tử cung,"6,280,000"
Phẫu thuật mở bụng bóc u xơ tử cung [gây tê],"6,280,000"
Phẫu thuật mở bụng cắt góc tử cung,"4,800,000"
Phẫu thuật mở bụng cắt tử cung bán phần,"6,670,000"
Phẫu thuật mở bụng cắt tử cung bán phần [gây tê],"6,670,000"
Phẫu thuật mở bụng cắt tử cung hoàn toàn,"6,670,000"
Phẫu thuật mở bụng cắt tử cung hoàn toàn [gây tê],"6,670,000"
Phẫu thuật mở bụng cắt tử cung hoàn toàn cả khối,"6,670,000"
Phẫu thuật mở bụng cắt tử cung hoàn toàn cả khối [gây tê],"6,670,000"
Phẫu thuật mở bụng cắt u buồng trứng hoặc cắt phần phụ,"4,360,000"
"Phẫu thuật mở bụng thăm dò, xử trí bệnh lý phụ khoa","3,890,000"
"Phẫu thuật mở bụng thăm dò, xử trí bệnh lý phụ khoa [gây tê]","3,890,000"
"Phẫu thuật mở bụng xử trí viêm phúc mạc tiểu khung, viêm phần phụ, ứ mủ vòi trứng","6,670,000"
"Phẫu thuật mở bụng xử trí viêm phúc mạc tiểu khung, viêm phần phụ, ứ mủ vòi trứng [gây tê]","6,670,000"
Phẫu thuật nội soi bóc u xơ tử cung [PT loại 1],"7,930,000"
Phẫu thuật nội soi buồng tử cung cắt dính buồng tử cung,"7,180,000"
Phẫu thuật nội soi buồng tử cung cắt polype,"7,180,000"
Phẫu thuật nội soi buồng tử cung cắt polype [gây tê],"7,180,000"
Phẫu thuật nội soi buồng tử cung cắt u xơ,"7,180,000"
Phẫu thuật nội soi buồng tử cung cắt u xơ [gây tê],"7,180,000"
Phẫu thuật nội soi buồng tử cung cắt vách ngăn,"7,180,000"
Phẫu thuật nội soi cắt góc buồng trứng,"6,530,000"
Phẫu thuật nội soi cắt góc tử cung ở bệnh nhân GEU,"7,650,000"
Phẫu thuật nội soi cắt tử cung hoàn toàn + cắt 2 phần phụ [PT loại DB],"8,480,000"
Phẫu thuật nội soi cắt tử cung hoàn toàn để lại 2 phần phụ [PT loại 1],"7,270,000"
Phẫu thuật nội soi cắt u buồng trứng và phần phụ,"6,530,000"
Phẫu thuật nội soi cắt u nang buồng trứng xoắn,"6,530,000"
Phẫu thuật nội soi điều trị sa sinh dục [PT loại 1],"12,100,000"
Phẫu thuật nội soi mở vòi trứng lấy khối chửa ngoài tử cung + tạo hình vòi trứng,"6,670,000"
Phẫu thuật nội soi ổ bụng chẩn đoán trong phụ khoa,"8,000,000"
Phẫu thuật nội soi thai ngoài tử cung chưa vỡ,"9,330,000"
Phẫu thuật nội soi thai ngoài tử cung vỡ,"9,330,000"
Phẫu thuật nội soi triệt sản nữ,"6,090,000"
Phẫu thuật nội soi u buồng trứng trên bệnh nhân có thai,"6,530,000"
Phẫu thuật nội soi u nang buồng trứng,"6,530,000"
Phẫu thuật nội soi viêm phần phụ,"8,390,000"
Phẫu thuật nội soi xử lý viêm phúc mạc tiểu khung,"8,390,000"
Phẫu thuật phì đại tuyến vú nam,"6,610,000"
Phẫu thuật thắt động mạch hạ vị trong cấp cứu sản phụ khoa,"6,340,000"
Phẫu thuật thắt động mạch tử cung trong cấp cứu sản phụ khoa,"4,710,000"
Phẫu thuật treo bàng quang và trực tràng sau mổ sa sinh dục,"5,260,000"
Phẫu thuật treo tử cung,"4,000,000"
"Phẫu thuật TVT điều trị són tiêu [Chưa bao gồm tấm màng nâng hoặc lưới các loại, các cỡ.] [PT loại 1]","16,400,000"
"Sinh thiết cổ tử cung, âm hộ, âm đạo","581,000"
Soi ối,"121,000"
Theo dõi tim thai và cơn co tử cung bằng monitoring,"138,000"
Triệt sản nữ qua đường rạch nhỏ,"3,970,000"
MẮT,
Soi đáy mắt cấp cứu,"90,000"
Soi đáy mắt cấp cứu tại giường,"90,000"
"Lấy dị vật giác mạc [Lấy dị vật giác mạc sâu, một mắt (gây mê)]","1,621,000"
"Phẫu thuật tán nhuyễn thể thủy tinh bằng siêu âm (Phaco) có hoặc không đặt IOL [Đa tiêu] [Chưa bao gồm thuỷ tinh thể nhân tạo; đã bao gồm casset dùng nhiều lần, dịch nhầy.] [PT loại 1]","8,000,000"
"Phẫu thuật tán nhuyễn thể thủy tinh bằng siêu âm (Phaco) có hoặc không đặt IOL [Đơn tiêu] [Chưa bao gồm thuỷ tinh thể nhân tạo; đã bao gồm casset dùng nhiều lần, dịch nhầy.] [PT loại 1]","5,330,000"
Điều trị glôcôm bằng laser mống mắt chu biên,"1,102,000"
Mở bao sau đục bằng laser,"1,102,000"
Phẫu thuật lấy thể thủy tinh ngoài bao có hoặc không đặt IOL,"2,130,000"
Phẫu thuật đặt thể thủy tinh nhân tạo (IOL) thì 2 (không cắt dịch kính),"2,910,000"
Phẫu thuật cố định IOL thì hai + cắt dịch kính,"1,601,000"
"Cắt màng xuất tiết diện đồng tử, cắt màng đồng tử","1,303,000"
Nối thông lệ mũi có hoặc không đặt ống Silicon có hoặc không áp thuốc chống chuyển hóa,"1,867,000"
Nối thông lệ mũi nội soi,"2,030,000"
"Phẫu thuật mộng có ghép (kết mạc rời tự thân, màng ối...) có hoặc không áp thuốc chống chuyển hoá [Chưa bao gồm chi phí màng ối, PT loại 2]","2,910,000"
"Phẫu thuật mộng có ghép (kết mạc rời tự thân, màng ối...) có hoặc không áp thuốc chống chuyển hoá [Kép, Chưa bao gồm chi phí màng ối, PT loại 2]","2,910,000"
"Phẫu thuật mộng có ghép (kết mạc rời tự thân, màng ối...) có hoặc không áp thuốc chống chuyển hoá [Kép, Chưa bao gồm chi phí màng ối, PT loại 2]","2,910,000"
"Phẫu thuật mộng có ghép (kết mạc tự thân, màng ối...) có hoặc không sử dụng keo dán sinh học [Chưa bao gồm chi phí màng ối, PT loại 2]","2,910,000"
"Phẫu thuật mộng có ghép (kết mạc tự thân, màng ối...) có hoặc không sử dụng keo dán sinh học [Kép, Chưa bao gồm chi phí màng ối, PT loại 2]","2,910,000"
Phẫu thuật ghép màng sinh học bề mặt nhãn cầu (Chưa bao gồm chi phí màng ối),"2,030,000"
"Ghép màng ối, kết mạc điều trị loét, thủng giác mạc","2,180,000"
Lấy dị vật hốc mắt,"1,455,000"
Lấy dị vật trong củng mạc,"1,455,000"
Lấy dị vật tiền phòng,"1,414,000"
"Vá da, niêm mạc tạo cùng đồ có hoặc không tách dính mi cầu","1,414,000"
Tái tạo lệ quản kết hợp khâu mi,"2,130,000"
Sinh thiết tổ chức mi,"218,000"
Sinh thiết tổ chức hốc mắt,"218,000"
Sinh thiết tổ chức kết mạc,"218,000"
Cắt u da mi không ghép,"1,309,000"
Cắt u mi cả bề dày không ghép,"1,309,000"
Cắt u kết mạc có hoặc không u giác mạc không ghép,"1,623,000"
Phẫu thuật tạo hình nếp mi (1 mắt),"2,030,000"
Phẫu thuật tạo hình nếp mi (2 mắt),"2,030,000"
Phẫu thuật tạo hình hạ thấp hay nâng nếp mi (1 mắt),"2,030,000"
Phẫu thuật tạo hình hạ thấp hay nâng nếp mi (2 mắt),"2,030,000"
Phẫu thuật mở rộng khe mi,"865,000"
Phẫu thuật hẹp khe mi,"865,000"
Phẫu thuật cắt mống mắt chu biên,"727,000"
Cắt củng mạc sâu có hoặc không áp thuốc chống chuyển hóa,"1,420,000"
Tập nhược thị,"42,000"
"Rửa tiền phòng (máu, xuất tiết, mủ, hóa chất...)","1,455,000"
Rửa chất nhân tiền phòng,"1,164,000"
Cắt bỏ túi lệ,"1,746,000"
Phẫu thuật mộng đơn thuần [PT loại 2],"2,030,000"
"Lấy dị vật giác mạc nông, một mắt (gây mê)","1,350,000"
"Lấy dị vật giác mạc nông, một mắt (gây tê)","133,000"
"Lấy dị vật giác mạc sâu [một mắt, gây tê]","493,000"
"Khâu cò mi, tháo cò","553,000"
Khâu da mi đơn giản,"1,313,000"
Khâu phục hồi bờ mi,"939,000"
"Xử lý vết thương phần mềm, tổn thương nông vùng mắt","1,278,000"
Khâu phủ kết mạc,"1,018,000"
"Khâu giác mạc [đơn thuần , PT loại 1]","1,334,000"
"Khâu giác mạc [phức tạp ,PT loại 1]","1,601,000"
"Khâu củng mạc [đơn thuần, PT loại 1]","1,334,000"
"Khâu củng mạc [phức tạp, PT loại 1]","1,601,000"
"Thăm dò, khâu vết thương củng mạc","1,414,000"
"Khâu lại mép mổ giác mạc, củng mạc","1,000,000"
Cắt bè củng giác mạc (Trabeculectomy),"2,840,000"
Cắt bỏ nhãn cầu có hoặc không cắt thị thần kinh dài,"2,180,000"
Múc nội nhãn,"2,180,000"
"Phẫu thuật quặm [Mổ quặm 1 mi, gây mê]","3,460,000"
"Phẫu thuật quặm [Mổ quặm 1 mi, gây tê]","1,787,000"
"Phẫu thuật quặm [Mổ quặm 2 mi, gây mê]","3,940,000"
"Phẫu thuật quặm [Mổ quặm 2 mi, gây tê]","2,350,000"
"Phẫu thuật quặm [Mổ quặm 3 mi, gây tê]","2,960,000"
"Phẫu thuật quặm [Mổ quặm 3 mi, gây mê]","4,540,000"
"Phẫu thuật quặm [Mổ quặm 4 mi, gây mê]","5,070,000"
"Phẫu thuật quặm [Mổ quặm 4 mi, gây tê]","3,420,000"
Mổ quặm bẩm sinh,"893,000"
Cắt chỉ khâu giác mạc [Chỉ áp dụng với người bệnh ngoại trú.] [TT loại 2],"72,000"
Tiêm dưới kết mạc,"90,000"
Tiêm cạnh nhãn cầu,"90,000"
Tiêm hậu nhãn cầu,"90,000"
Bơm thông lệ đạo [Hai mắt],"160,000"
Bơm thông lệ đạo [Một mắt],"107,000"
Điện di điều trị,"29,000"
Lấy dị vật kết mạc,"145,000"
Khâu kết mạc,"1,313,000"
Lấy calci kết mạc,"48,000"
Cắt chỉ khâu da mi đơn giản [Chỉ áp dụng với người bệnh ngoại trú.] [TT loại 3],"72,000"
Cắt chỉ khâu kết mạc [Chỉ áp dụng với người bệnh ngoại trú.] [TT loại 3],"72,000"
"Đốt lông xiêu, nhổ lông siêu","66,000"
Bơm rửa lệ đạo,"175,000"
"Chích chắp, lẹo, nang lông mi; chích áp xe mi, kết mạc","145,000"
"Nặn tuyến bờ mi, đánh bờ mi","48,000"
Rửa cùng đồ [Áp dụng cho 1 mắt hoặc 2 mắt] [TT loại 2],"100,000"
Rạch áp xe mi,"232,000"
Rạch áp xe túi lệ,"232,000"
Soi đáy mắt trực tiếp,"90,000"
Soi góc tiền phòng,"90,000"
Đo thị giác tương phản,"107,000"
Phẫu thuật chuyển gân điều trị mắt hở mi (2 mắt),"2,720,000"
Phẫu thuật tạo nếp mi,"3,630,000"
Siêu âm mắt (siêu âm thường qui),"121,000"
Test thử cảm giác giác mạc,"55,000"
"Đo nhãn áp (Maclakov, Goldmann, Schiotz…..)","50,000"
Đo sắc giác,"88,000"
Đo khúc xạ khách quan (soi bóng đồng tử - Skiascope),"50,000"
Đo khúc xạ giác mạc Javal,"49,000"
Đo độ lác,"96,000"
Xác định sơ đồ song thị,"96,000"
Đo độ dày giác mạc,"187,000"
Đo đường kính giác mạc,"72,000"
Đếm tế bào nội mô giác mạc,"187,000"
Chụp bản đồ giác mạc,"187,000"
Đo công suất thể thuỷ tinh nhân tạo bằng siêu âm,"80,000"
Đo độ lồi,"90,000"
Đo bản đồ giác mạc,"160,000"
Đo biên độ điều tiết,"96,000"
Đo độ lồi mắt bằng thước đo Hertel,"72,000"
Nghiệm pháp phát hiện glocom,"141,000"
"Đo thị trường trung tâm, tìm ám điểm","50,000"
Đo khúc xạ máy,"50,000"
Đo công suất thể thuỷ tinh nhân tạo tự động bằng siêu âm,"78,000"
"Đo nhãn áp (Maclakov, Goldmann, Schiotz…)","50,000"
Chụp OCT bán phần trước nhãn cầu,"441,000"
Chụp OCT bán phần sau nhãn cầu,"441,000"
Chụp đáy mắt không huỳnh quang,"220,000"
Chụp mạch ký huỳnh quang,"636,000"
Điều trị glôcôm bằng tạo hình mống mắt (Iridoplasty) [TT loại ĐB],"2,420,000"
"Tiêm nội nhãn (Kháng sinh, antiVEGF, corticoid...)","415,000"
Cắt bỏ chắp có bọc,"180,000"
Cấp cứu bỏng mắt ban đầu,"510,000"
Bóc sợi giác mạc (Viêm giác mạc sợi),"132,400"
Theo dõi nhãn áp 3 ngày,"172,500"
Đo sắc giác (Thủ thuật loại 2),"88,000"
Đo đường kính giác mạc (Thủ thuật loại 2),"72,000"
Đếm tế bào nội mô giác mạc (Thủ thuật loại 2),"187,000"
Test phát hiện khô mắt,"120,000"
Test thử cảm giác giác mạc,"55,000"
Đo độ lác,"96,000"
Chụp đĩa thị 3D [TT loại 1],"441,000"
TAI MŨI HỌNG,
Khí dung thuốc cấp cứu (một lần) (Chưa bao gồm thuốc khí dung) (Thủ thuật loại 3),"60,000"
Khí dung thuốc qua thở máy (một lần) (Chưa bao gồm thuốc khí dung) (Thủ thuật loại 2),"60,000"
Khí dung thuốc giãn phế quản (Chưa bao gồm thuốc khí dung),"60,000"
Hút đờm hầu họng,"14,000"
Nội soi thanh quản treo cắt hạt xơ [TT loại 2],"1,018,000"
Nội soi thanh quản cắt papilloma [TT loại 2],"1,018,000"
Cấy điện cực ốc tai,"24,200,000"
"Phẫu thuật tạo hình tái tạo lại hệ thống truyền âm (Chưa bao gồm keo sinh học, xương con để thay thế/Prothese) [PT loại ĐB]","12,000,000"
"Phẫu thuật tạo hình tai giữa, tai ngoài do dị tật bẩm sinh [PT loại 1]","12,000,000"
Thủ thuật nong vòi nhĩ [nội soi] (Thủ thuật loại 1),"533,000"
Thông vòi nhĩ (Thủ thuật loại 2),"581,000"
"Phẫu thuật cắt thanh quản và tái tạo hệ phát âm [Chưa bao gồm stent/van phát âm, thanh quản điện, PT loại DB]","16,000,000"
Phẫu thuật cắt thanh quản toàn phần [PT loại 1],"10,600,000"
Phẫu thuật cắt thanh quản bán phần [PT loại 1],"10,600,000"
Phẫu thuật tạo hình sẹo hẹp thanh-khí quản ( Chưa bao gồm chi phí mũi khoan ) [PT loại 1],"12,000,000"
Cắt u nang hạ họng-thanh quản qua nội soi [PT loại 1],"8,000,000"
Phẫu thuật cắt Amidan gây tê hoặc gây mê [PT loại 2],"4,360,000"
"Phẫu thuật lấy đường rò luân nhĩ [1 bên, 2 bên, gây mê] [Đã bao gồm chi phí mũi khoan] [PT loại 2]","5,090,000"
Cắt u vùng tuyến mang tai (Chưa bao gồm dao siêu âm.) [PT loại 1],"9,330,000"
Cắt u tuyến nước bọt mang tai (Chưa bao gồm dao siêu âm) (Phẫu thuật loại 1),"8,000,000"
"Cắt ung thư lưỡi, nạo vét hạch và tạo hình bằng vạt từ xa (Phẫu thuật đặc biệt)","16,000,000"
"Cắtung thư lưỡi - sàn miệng, nạo vét hạch và tạo hình bằng vạt từ xa [PT loại ĐB]","16,000,000"
Cắt ung thư amidan/thanh quản và nạo vét hạch cổ [PT loại 1],"12,000,000"
"Cắt polyp ống tai [Gây mê, PT loại 2]","4,360,000"
"Cắt polyp ống tai [Gây tê,PT loại 2]","2,910,000"
Khí dung đường thở ở bệnh nhân nặng (Chưa bao gồm thuốc khí dung) (Thủ thuật loại 2),"60,000"
Phẫu thuật đóng đườn dò dịch não tủy hoặc thoát vị màng não tầng trước nền sọ bằng đường qua xoang bướm [PT loại 1],"8,000,000"
Cắt ung thư niêm mạc miệng và tạo hình bằng vạt tại chỗ,"6,670,000"
Cắt u amidan (Chưa bao gồm dao cắt) (Phẫu thuật loại 2),"4,860,000"
Cắt u tuyến mang tai bảo tồn dây thần kinh VII (Chưa bao gồm dao siêu âm) (Phẫu thuật loại 1),"8,000,000"
Phẫu thuật thay thế xương bàn đạp (Phẫu thuật loại 1),"6,770,000"
Phẫu thuật tiệt căn xương chũm (Phẫu thuật loại 1),"8,000,000"
Phẫu thuật tiệt căn xương chũm cải biên (Phẫu thuật loại 1),"8,000,000"
Phẫu thuật tiệt căn xương chũm cải biên - chỉnh hình tai giữa (Phẫu thuật loại 1),"8,000,000"
Mở sào bào [Đã bao gồm chi phí mũi khoan] [PT loại 2],"8,730,000"
Mở sào bào - thượng nhĩ [Đã bao gồm chi phí mũi khoan] [PT loại 2],"8,730,000"
Mở sào bào thượng nhĩ - vá nhĩ [Đã bao gồm chi phí mũi khoan] [PT loại 1],"8,000,000"
Phẫu thuật tạo hình tai giữa (Phẫu thuật loại 1),"12,000,000"
Chỉnh hình tai giữa có tái tạo chuỗi xương con (Phẫu thuật loại 1),"8,000,000"
Vá nhĩ đơn thuần [Đã bao gồm chi phí mũi khoan] [PT loại 2],"7,270,000"
Phẫu thuật tạo hình màng nhĩ [Đã bao gồm chi phí mũi khoan] [PT loại 2],"8,730,000"
"Phẫu thuật chỉnh hình tai giữa type I, II, III, IV (Phẫu thuật loại 1)","9,330,000"
Phẫu thuật tạo hình ống tai ngoài thiểu sản [Đã bao gồm chi phí mũi khoan] [PT loại 1],"8,000,000"
Phẫu thuật tạo hình chít hẹp ống tai ngoài [Đã bao gồm chi phí mũi khoan] [PT loại 1],"8,000,000"
"Phẫu thuật cắt bỏ u nang vành tai/u bả đậu dái tai [Gây mê, PT loại 3]","2,910,000"
Mổ cắt bỏ u bã đậu vùng đầu mặt cổ gây tê,"1,455,000"
"Phẫu thuật cắt bỏ u nang vành tai/u bả đậu dái tai [Gây tê, PT loại 3]","1,455,000"
Phẫu thuật lấy đường rò luân nhĩ [gây tê],"1,455,000"
Phẫu thuật nội soi đặt ống thông khí màng nhĩ [Đã bao gồm chi phí mũi khoan] [PT loại 3],"4,320,000"
Chích rạch màng nhĩ (Thủ thuật loại 3),"581,000"
"Khâu vết rách vành tai [Khâu vết thương phần mềm tổn thương nông chiều dài < l0 cm, TT loại 2]","290,000"
Bơm hơi vòi nhĩ (Thủ thuật loại 2),"581,000"
Lấy dị vật tai ngoài dưới kính hiển vi (gây mê),"1,455,000"
Lấy dị vật tai ngoài dưới kính hiển vi (gây tê),"850,000"
Chọc hút dịch vành tai (Thủ thuật loại 3),"72,000"
Làm thuốc tai (Chưa bao gồm thuốc) (Thủ thuật loại 3),"60,000"
Lấy nút biểu bì ống tai ngoài (Thủ thuật loại 2),"88,000"
Phẫu thuật nội soi bít lấp rò dịch não tủy ở mũi (Chưa bao gồm keo sinh học) (Phẫu thuật đặc biệt),"9,290,000"
Phẫu thuật nội soi mở xoang trán [PT loại 1],"8,730,000"
Phẫu thuật nội soi mở xoang sàng [PT loại 2],"8,730,000"
Phẫu thuật nội soi mở xoang hàm [PT loại 2],"8,730,000"
Phẫu thuật nội soi mở xoang bướm [PT loại 2],"8,730,000"
Phẫu thuật nội soi cắt polyp mũi (Gây mê),"3,490,000"
Phẫu thuật nội soi cắt polyp mũi (Gây tê),"3,490,000"
"Phẫu thuật nội soi mở các xoang sàng, hàm, trán, bướm [3 xoang, PT loại 1]","9,330,000"
"Phẫu thuật nội soi mở các xoang sàng, hàm, trán, bướm [4 xoang, PT loại 1]","13,300,000"
Phẫu thuật nội soi mở dẫn lưu/cắt bỏ u nhày xoang (Phẫu thuật loại 1),"6,670,000"
Phẫu thuật ung thư sàng hàm [PT Loại 1],"14,500,000"
Phẫu thuật ung thư sàng hàm phối hợp nội soi [PT Loại 1],"14,500,000"
Phẫu thuật mở cạnh mũi (Phẫu thuật loại 1),"6,390,000"
Phẫu thuật nội soi cắt u mũi xoang (Chưa bao gồm keo sinh học) (Phẫu thuật loại 1),"18,100,000"
Phẫu thuật nội soi cắt u xơ mạch vòm mũi họng (Phẫu thuật đặc biệt),"15,700,000"
Phẫu thuật nội soi cầm máu mũi (Chưa bao gồm mũi Hummer và tay cắt) (Phẫu thuật loại 2),"5,090,000"
Phẫu thuật cắt Concha Bullosa cuốn mũi (Phẫu thuật loại 2),"6,540,000"
Phẫu thuật nội soi chỉnh hình cuốn mũi dưới (Phẫu thuật loại 2),"5,440,000"
Phẫu thuật nội soi chỉnh hình vách ngăn mũi (Chưa bao gồm mũi Hummer và tay cắt) (Phẫu thuật loại 2),"5,820,000"
Phẫu thuật chấn thương xoang trán [PT loại 1],"7,270,000"
Phẫu thuật vỡ xoang hàm (Phẫu thuật loại 2),"7,570,000"
Phẫu thuật chấn thương xoang sàng- hàm (Phẫu thuật loại 1),"6,940,000"
Phẫu thuật chấn thương khối mũi sàng (Phẫu thuật loại 1),"10,600,000"
Phẫu thuật kết hợp xương trong chấn thương sọ mặt (Phẫu thuật loại 1),"8,000,000"
Nội soi đốt điện cuốn mũi dưới (Gây tê),"1,200,000"
Nội soi đốt điện cuốn mũi dưới (Gây mê),"2,000,000"
Bẻ cuốn mũi (Thủ thuật loại 2),"290,000"
Nội soi bẻ cuốn mũi dưới (Thủ thuật loại 1),"400,000"
Nâng xương chính mũi sau chấn thương (Gây mê),"5,230,000"
Nâng xương chính mũi sau chấn thương (Gây tê),"2,180,000"
Nội soi sinh thiết vòm mũi họng gây mê,"2,050,000"
Nội soi sinh thiết vòm mũi họng gây tê,"933,000"
Chọc rửa xoang hàm (Thủ thuật loại 2),"509,000"
Phương pháp Proetz (Thủ thuật loại 3),"77,000"
Nhét bấc mũi trước (Thủ thuật loại 2),"155,000"
Cầm máu mũi bằng Merocel (1 bên),"727,000"
Cầm máu mũi bằng Merocel (2 bên),"1,018,000"
Lấy dị vật trong mũi có gây mê,"1,455,000"
Lấy dị vật trong mũi không gây mê,"271,000"
Phẫu thuật cắt amidan bằng Coblator [Bao gồm cả Coblator.] [PT loại 2],"4,360,000"
Phẫu thuật xử trí chảy máu sau cắt Amygdale (gây mê) (Phẫu thuật loại 2),"3,960,000"
Phẫu thuật nạo VA gây mê nội khí quản (Phẫu thuật loại 2),"2,610,000"
Phẫu thuật nạo V.A nội soi (Phẫu thuật loại 2),"3,960,000"
Phẫu thuật nội soi nạo VA bằng Microdebrider (Hummer) (gây mê) (Bao gồm cả dao Hummer) (Phẫu thuật loại 2),"2,240,000"
Phẫu thuật nội soi cắt u nang hạ họng/ hố lưỡi thanh thiệt (Phẫu thuật loại 2),"7,270,000"
Phẫu thuật nội soi vi phẫu thanh quản cắt u nang/ polyp/ hạt xơ/u hạt dây thanh (gây tê/gây mê) (Phẫu thuật loại 2),"5,820,000"
"Phẫu thuật nội soi cắt u lành tính thanh quản (papiloma, kén hơi thanh quản,…) (gây tê/gây mê) (Phẫu thuật loại 1)","9,330,000"
Phẫu thuật nội soi cắt u lành tính thanh quản bằng Microdebrider (Hummer) [PT loại 1],"9,330,000"
"Phẫu thuật nội soi cắt u lành tính thanh quản (papilloma, kén hơi thanh quản.) [PT loại 1]","9,330,000"
"Phẫu thuật nội soi cắt ung thư thanh quản bằng Laser [Chưa bao gồm ống nội khí quản, PT loại 1]","16,000,000"
Phẫu thuật nội soi cắt dây thanh [PT loại 1],"9,330,000"
Phẫu thuật trong mềm sụn thanh quản [PT loại 1],"8,000,000"
"Phẫu thuật Laser cắt u nang lành tính đáy lưỡi, hạ họng, màn hầu, Amygdale (Chưa bao gồm ống nội khí quản) (Phẫu thuật loại 2)","10,200,000"
"Nội soi cầm máu sau phẫu thuật vùng hạ họng, thanh quản [PT loại 1]","4,000,000"
Chích áp xe quanh Amidan (Gây tê),"1,334,000"
Chích áp xe quanh Amidan (Gây mê),"3,330,000"
Lấy dị vật họng miệng (Thủ thuật loại 3),"72,000"
Lấy dị vật hạ họng (Thủ thuật loại 2),"72,000"
Đốt họng hạt bằng nhiệt (Thủ thuật loại 2),"290,000"
Khí dung mũi họng (Chưa bao gồm thuốc khí dung),"60,000"
Chích áp xe thành sau họng gây tê,"467,000"
Chích áp xe thành sau họng gây mê,"3,330,000"
Nội soi thực quản ống cứng lấy dị vật gây mê,"1,800,000"
Nội soi thực quản ống cứng lấy dị vật gây tê,"1,000,000"
Nội soi thực quản ống mềm lấy dị vật gây mê,"2,000,000"
Nội soi thực quản ống mềm lấy dị vật gây tê,"1,334,000"
Lấy di vật thanh quản gây mê ống cứng [TT loại DB],"1,334,000"
Lấy dị vật thanh quản gây tê ống cứng [TT loại DB],"933,000"
Phẫu thuật cắt bán phần thanh quản trên nhẫn kiểu CHEP [PT loại DB],"10,600,000"
"Cắt thanh quản có tái tạo phát âm [Chưa bao gồm stent/van phát âm, thanh quản điện, PT loại DB]","16,000,000"
Phẫu thuật cắt bán phần thanh quản trên nhẫn kiểu CHEP [PT loại 1],"10,600,000"
Phẫu thuật cắt thùy nông tuyến mang tai-bảo tồn dây VII (Chưa bao gồm dao siêu âm) (Phẫu thuật loại 1),"8,000,000"
Phẫu thuật cắt tuyến mang tai có hoặc không bảo tồn dây VII (Chưa bao gồm dao siêu âm) (Phẫu thuật loại 1),"8,000,000"
Phẫu thuật cắt tuyến dưới hàm (Chưa bao gồm dao siêu âm) (Phẫu thuật loại 2),"8,730,000"
Phẫu thuật cắt mỏm trâm theo đường miệng,"4,150,000"
Phẫu thuật mở cạnh cổ dẫn lưu áp xe (Phẫu thuật loại 2),"5,820,000"
Phẫu thuật nang rò giáp lưỡi (Phẫu thuật loại 1),"6,670,000"
Phẫu thuật rò khe mang I [Chưa bao gồm dao siêu âm.] [PT loại 1],"9,330,000"
Phẫu thuật rò khe mang I có bộc lộ dây VII [Chưa bao gồm dao siêu âm.] [PT loại 1],"9,330,000"
Phẫu thuật lấy nang rò khe mang II [Chưa bao gồm dao siêu âm.] [PT loại 2],"9,330,000"
Phẫu thuật rò xoang lê [Chưa bao gồm dao siêu âm.] [PT loại 1],"9,330,000"
Nội soi mũi hoặc vòm hoặc họng có sinh thiết (Thủ thuật loại 2),"1,018,000"
Nội soi tai mũi họng,"400,000"
Đo thính lực đơn âm (Thủ thuật loại 3),"290,000"
Đo thính lực trên ngưỡng,"290,000"
Đo nhĩ lượng,"200,000"
Đo phản xạ cơ bàn đạp,"60,000"
Đo âm ốc tai (OAE) chẩn đoán,"364,000"
Ghi đáp ứng thính giác thân não (ABR) (Thủ thuật loại 3),"436,000"
Đo sức cản của mũi,"157,000"
Phẫu thuật nội soi hàm sàng trán bướm (Phẫu thuật đặc biệt),"10,600,000"
Phẫu thuật nội soi nạo sàng trước / sau (Phẫu thuật loại 2),"11,600,000"
Phẫu thuật nội soi cắt cuốn mũi dưới (Phẫu thuật loại 2),"5,440,000"
Phẫu thuật nội soi chỉnh hình vách ngăn (Chưa bao gồm mũi Hummer và tay cắt) (Phẫu thuật loại 2),"5,820,000"
Phẫu thuật điều trị khe hở vòm miệng không toàn bộ [tạo hình khe hở vòm miệng tạo vạt thành hầu] [Phẫu thuật loại 1],"6,000,000"
"Khí dung đường thở ở bệnh nhân nặng [bằng sóng siêu âm][Chưa bao gồm thuốc khí dung, Thủ thuật loại 2]","88,000"
"Khí dung đường thở ở bệnh nhân nặng [bằng sóng siêu âm][Chưa bao gồm thuốc khí dung, Thủ thuật loại 2]","441,000"
RĂNG HÀM MẶT,
Nhổ răng sữa [Thủ thuật loại 1],"66,000"
"Cắt ung thư hàm trên, hàm dưới kèm vét hạch, tạo hình bằng vạt da, cơ","9,330,000"
Cắt ung thư hàm trên kèm hố mắt và xương gò má,"9,330,000"
Vét hạch cổ bảo tồn ( Chưa bao gồm dao siêu âm.),"9,330,000"
Cắt u vùng hàm mặt đơn giản,"8,730,000"
Cắt u cơ vùng hàm mặt,"6,670,000"
Cắt bỏ nang xương hàm từ 2-5 cm,"6,670,000"
Cắt u tuyến nước bọt dưới hàm (Chưa bao gồm máy dò thần kinh.),"8,000,000"
Cắt nang vùng sàn miệng,"6,670,000"
"Cắt ung thư vùng hàm mặt có nạo vét hạchdưới hàm, hạch cổ và tạo hình bằng vạt tại chỗ","16,000,000"
Cắt các u lành vùng cổ,"4,360,000"
Phẫu thuật tái tạo xương sống hàm bằng ghép xương đông khô và đặt màng sinh học [Chưa bao gồm màng tái tạo mô và xương nhân tạo hoặc sản phẩm sinh học thay thế xương.] [PT loại 2],"1,455,000"
Phẫu thuật tái tạo xương sống hàm bằng ghép xương nhân tạo và đặt màng sinh học [Chưa bao gồm màng tái tạo mô và xương nhân tạo hoặc sản phẩm sinh học thay thế xương.] [PT loại 2],"2,910,000"
Phẫu thuật vạt điều trị túi quanh răng,"1,158,000"
Phẫu thuật nạo túi lợi [Nạo túi lợi 1 sextant],"145,000"
Lấy cao răng [Lấy cao răng và đánh bóng hai hàm],"290,000"
Lấy cao răng [Lấy cao răng và đánh bóng một vùng/ một hàm],"200,000"
Điều trị tủy răng có sử dụng siêu âm và hàn kín hệ thống ống tủy bằng Gutta percha nguội.,"785,000"
"Điều trị tủy răng có sử dụng siêu âm và hàn kín hệ thống ống tủy bằng Gutta percha nóng chảy [Răng số 6,7 hàm dưới]","1,119,000"
"Điều trị tủy răng có sử dụng siêu âm và hàn kín hệ thống ống tủy bằng Gutta percha nóng chảy [Răng số 1, 2, 3]","595,000"
"Điều trị tủy răng và hàn kín hệ thống ống tủy bằng Gutta percha nguội [Răng số 4, 5]","785,000"
"Điều trị tủy răng và hàn kín hệ thống ống tủy bằng Gutta percha nguội [Răng số 6,7 hàm dưới]","1,119,000"
"Điều trị tủy răng và hàn kín hệ thống ống tủy bằng Gutta percha nguội [Răng số 1, 2, 3]","595,000"
"Điều trị tủy răng và hàn kín hệ thống ống tủy bằng Gutta percha nguội [Răng số 6, 7 hàm trên]","1,308,000"
"Điều trị tủy răng và hàn kín hệ thống ống tủy bằng Gutta percha nóng chảy [Răng số 6,7 hàm dưới]","1,119,000"
"Điều trị tủy răng và hàn kín hệ thống ống tủy bằng Gutta percha nóng chảy [Răng số 1, 2, 3]","595,000"
"Điều trị tủy răng và hàn kín hệ thống ống tủy bằng Gutta percha nóng chảy [Răng số 6, 7 hàm trên]","1,308,000"
"Điều trị tủy răng và hàn kín hệ thống ống tủy bằng Gutta percha nguội có sử dụng trâm xoay cầm tay [Răng số 6,7 hàm dưới]","1,119,000"
Điều trị tuỷ răng và hàn kín hệ thống ống tủy bằng Gutta percha nguội có sử dụng trâm xoay cầm tay,"595,000"
"Điều trị tủy răng và hàn kín hệ thống ống tuỷ bằng Gutta percha nóng chảy có sử dụng trâm xoay cầm tay (Răng số 6,7 hàm dưới)","1,119,000"
Điều trị tủy răng và hàn kín hệ thống ống tuỷ bằng Gutta percha nóng chảy có sử dụng trâm xoay cầm tay,"595,000"
"Điều trị tủy răng và hàn kín hệ thống ống tủy bằng Gutta percha nóng chảy có sử dụng trâm xoay cầm tay [Răng số 6, 7 hàm trên]","1,308,000"
Điều trị tủy răng và hàn kín hệ thống ống tuỷ bằng Gutta percha nguội có sử dụng trâm xoay máy,"595,000"
"Điều trị tủy răng và hàn kín hệ thống ống tủy bằng Gutta percha nóng chảy có sử dụng trâm xoay máy [Răng số 6,7 hàm dưới]","1,119,000"
"Điều trị tủy răng và hàn kín hệ thống ống tủy bằng Gutta percha nóng chảy có sử dụng trâm xoay máy [Răng số 1, 2, 3]","595,000"
"Điều trị tủy răng và hàn kín hệ thống ống tủy bằng Gutta percha nóng chảy có sử dụng trâm xoay máy [Răng số 6, 7 hàm trên]","1,308,000"
Điều trị tủy lại,"1,746,000"
Điều trị sâu ngà răng phục hồi bằng GlassIonomer Cement (GIC) kết hợp Composite,"309,000"
Điều trị sâu ngà răng phục hồi bằng Composite,"340,000"
Điều trị sâu ngà răng phục hồi bằng GlassIonomer Cement,"436,000"
Phục hồi cổ răng bằng GlassIonomer Cement [TT loại 2],"471,000"
Phục hồi cổ răng bằng Composite,"471,000"
Phẫu thuật nhổ răng lạc chỗ,"3,630,000"
Phẫu thuật nhổ răng khôn mọc lệch hàm trên [Nhổ răng số 8 có biến chứng khít hàm],"2,910,000"
Phẫu thuật nhổ răng khôn mọc lệch hàm dưới [Nhổ răng số 8 có biến chứng khít hàm],"1,746,000"
Phẫu thuật nhổ răng khôn mọc lệch có cắt thân [Nhổ răng số 8 có biến chứng khít hàm],"1,935,000"
Phẫu thuật nhổ răng khôn mọc lệch có cắt thân chia chân răng [Nhổ răng số 8 có biến chứng khít hàm],"2,400,000"
Nhổ răng vĩnh viễn [nhổ răng khó],"436,000"
"Nhổ răng vĩnh viễn [răng khó, răng cứng khớp]","727,000"
Nhổ răng vĩnh viễn lung lay [nhổ răng đơn giản],"200,000"
Nhổ chân răng vĩnh viễn [Thủ thuật loại 1],"333,000"
Nhổ răng thừa [nhổ răng khó],"436,000"
Cắt lợi trùm răng khôn hàm dưới,"290,000"
Phẫu thuật cắt phanh lưỡi,"402,000"
Phẫu thuật cắt phanh môi,"436,000"
Phẫu thuật cắt phanh má,"436,000"
Cấy lại răng bị bật khỏi ổ răng,"1,018,000"
Trám bít hố rãnh với GlassIonomer Cement quang trùng hợp,"306,000"
Trám bít hố rãnh với Composite hoá trùng hợp,"265,000"
Trám bít hố rãnh với Composite quang trùng hợp,"306,000"
Trám bít hố rãnh bằng nhựa Sealant,"265,000"
Trám bít hố rãnh bằng GlassIonomer Cement,"265,000"
Điều trị răng sữa viêm tuỷ có hồi phục,"422,000"
Điều trị tuỷ răng sữa [một chân],"436,000"
Điều trị tuỷ răng sữa [nhiều chân],"581,000"
Điều trị răng sữa sâu ngà phục hồi bằng GlassIonomer Cement,"159,000"
Phẫu thuật điều trị gãy lồi cầu xương hàm dưới bằng chỉ thép,"4,800,000"
Phẫu thuật điều trị gãy lồi cầu xương hàm dưới bằng nẹp vít hợp kim,"8,670,000"
Phẫu thuật điều trị gãy Lefort I bằng chỉ thép,"4,800,000"
Phẫu thuật điều trị gãy Lefort I bằng nẹp vít hợp kim,"5,330,000"
Phẫu thuật điều trị gãy Lefort II bằng chỉ thép,"4,800,000"
Phẫu thuật điều trị gãy Lefort II bằng nẹp vít hợp kim,"8,670,000"
Phẫu thuật điều trị gãy Lefort III bằng chỉ thép,"4,800,000"
Phẫu thuật điều trị gãy Lefort III bằng nẹp vít hợp kim,"8,670,000"
"Phẫu thuật điều trị gãy xương hàm dưới bằng chỉ thép (Chưa bao gồm nẹp, vít)","4,800,000"
Phẫu thuật điều trị gãy xương hàm dưới bằng nẹp vít hợp kim,"7,330,000"
"Phẫu thuật điều trị gãy xương gò má - cung tiếp bằng chỉ thép (Chưa bao gồm nẹp, vít)","4,800,000"
Phẫu thuật điều trị gãy xương gò má - cung tiếp bằng nẹp vít hợp kim,"4,800,000"
Điều trị gãy xương gò má - cung tiếp bằng nắn chỉnh (có gây tê hoặc gây tê),"5,330,000"
Điều trị gãy xương hàm dưới bằng cung cố định 2 hàm,"4,800,000"
Điều trị gãy xương hàm dưới bằng buộc nút Ivy cố định 2 hàm,"4,800,000"
Điều trị gãy xương hàm dưới bằng vít neo chặn cố định 2 hàm,"5,330,000"
Phẫu thuật điều trị đa chấn thương vùng hàm mặt,"9,330,000"
Cố định tạm thời sơ cứu gãy xương hàm,"666,000"
Phẫu thuật lấy sỏi ống Wharton tuyến dưới hàm,"1,334,000"
Phẫu thuật cắt bỏ tuyến nước bọt mang tai bảo tồn thần kinh VII,"9,330,000"
Phẫu thuật mở xoang hàm để lấy chóp răng hoặc răng ngầm,"5,330,000"
Phẫu thuật rạch dẫn lưu viêm tấy lan toả vùng hàm mặt,"5,330,000"
Nắn sai khớp thái dương hàm,"266,000"
Nắn sai khớp thái dương hàm dưới gây mê,"4,000,000"
Nắn sai khớp thái dương hàm đến muộn có gây tê,"4,000,000"
Phẫu thuật điều trị khe hở môi một bên,"8,000,000"
Phẫu thuật chỉnh hình xương 2 hàm,"9,450,000"
Phẫu thuật điều trị khe hở môi hai bên,"10,100,000"
Phẫu thuật điều trị khe hở vòm miệng không toàn bộ,"4,000,000"
Máng hướng dẫn phẫu thuật cấy ghép Implant,"525,000"
Phẫu thuật chỉnh hình họng màn hầu lưỡi gà (UPPP) [PT loại 1],"6,610,000"
Chụp thép làm sẵn,"369,000"
Hàm khung Titan Hàm dưới,"1,323,000"
Hàm khung Titan Hàm trên,"1,984,000"
Mũ chụp kim loại,"661,000"
Phẫu thuật cắt cuống răng,"1,177,000"
Phẫu thuật nạo quanh cuống răng,"1,005,000"
Phẫu thuật nhổ răng có tạo hình xương ổ răng [1 hàm],"1,455,000"
NỘI TIẾT,
"Phẫu thuật nội soi cắt toàn bộ tuyến giáp trong bướu giáp đa nhân [Không dùng dao siêu âm, PT loại DB]","5,340,000"
Cắt bán phần 1 thuỳ tuyến giáp trong bướu giáp nhân,"3,570,000"
Cắt 1 thuỳ tuyến giáp trong bướu giáp nhân,"4,280,000"
Cắt bán phần 1 thuỳ tuyến giáp và lấy nhân thùy còn lại trong bướu giáp nhân,"4,280,000"
Cắt 1 thuỳ tuyến giáp trong bướu giáp nhân độc,"4,280,000"
Cắt 1 thuỳ tuyến giáp trong ung thư tuyến giáp,"4,280,000"
Phẫu thuật cầm máu lại sau mổ tuyến giáp,"4,280,000"
Cắt bán phần 1 thuỳ tuyến giáp trong bướu giáp nhân bằng dao siêu âm [PT loại 3],"8,730,000"
Cắt 1 thuỳ tuyến giáp trong bướu giáp nhân bằng dao siêu âm [PT loại 2],"8,730,000"
Cắt bán phần 1 thuỳ tuyến giáp và lấy nhân thùy còn lại trong bướu giáp nhân bằng dao siêu âm [PT loại 2],"8,730,000"
Cắt toàn bộ tuyến giáp trong bướu giáp đa nhân bằng dao siêu âm [PT loại 1],"12,000,000"
Cắt 1 thuỳ tuyến giáp trong bướu giáp nhân độc bằng dao siêu âm,"5,760,000"
Cắt toàn bộ tuyến giáp trong Basedow bằng dao siêu âm,"12,000,000"
Cắt toàn bộ tuyến giáp trong ung thư tuyến giáp bằng dao siêu âm,"12,000,000"
Cắt toàn bộ tuyến giáp kèm nạo vét hạch 2 bên trong ung thư tuyến giáp bằng dao siêu âm,"12,000,000"
Cắt u tuyến thượng thận 1 bên bằng dao siêu âm,"8,540,000"
Cắt u tuyến thượng thận 2 bên bằng dao siêu âm,"8,540,000"
Thay băng trên người bệnh đái tháo đường (Áp dụng đối với bệnh Pemphigus/ Pemphigoid/ Ly thượng bì bọng nước bẩm sinh/ Vết loét bàn chân do đái tháo đường),"308,000"
Chọc hút tế bào tuyến giáp,"152,000"
Cắt các u lành tuyến giáp [PT loại 2],"10,100,000"
"Cắt các u ác tuyến giáp [không dùng dao siêu âm, PT loại 1]","12,000,000"
"Phẫu thuật nội soi cắt 1 thùy tuyến giáp [Không dùng dao siêu âm, PT loại 1]","5,340,000"
"Phẫu thuật nội soi cắt 1 thùy tuyến giáp [Dùng dao siêu âm, PT loại 1]","9,330,000"
"Phẫu thuật nội soi cắt 1 thùy tuyến giáp + eo giáp [Không dùng dao siêu âm, PT loại 1]","5,340,000"
"Phẫu thuật nội soi cắt 1 thùy tuyến giáp + eo giáp [Dùng dao siêu âm, PT loại 1]","9,330,000"
"Phẫu thuật nội soi cắt bán phần 1 thùy tuyến giáp [Không dùng dao siêu âm, PT loại 1]","5,340,000"
"Phẫu thuật nội soi cắt bán phần 1 thùy tuyến giáp [Dùng dao siêu âm, PT loại 1]","9,330,000"
"Phẫu thuật nội soi cắt bán phần 2 thùy tuyến giáp [Không dùng dao siêu âm, PT loại 1]","5,340,000"
"Phẫu thuật nội soi cắt bán phần 2 thùy tuyến giáp [Dùng dao siêu âm, PT loại 1]","9,330,000"
"Phẫu thuật nội soi cắt toàn bộ tuyến giáp [Không dùng dao siêu âm, PT loại DB]","5,340,000"
"Phẫu thuật nội soi cắt toàn bộ tuyến giáp [Dùng dao siêu âm, PT loại DB]","9,330,000"
"Phẫu thuật nội soi cắt tuyến cận giáp [Không dùng dao siêu âm, PT loại DB]","5,340,000"
"Phẫu thuật nội soi cắt tuyến cận giáp [Dùng dao siêu âm, PT loại DB]","9,330,000"
"Phẫu thuật nội soi cắt 1 thuỳ tuyến giáp trong bướu giáp nhân [Không dùng dao siêu âm, PT loại 1]","5,340,000"
"Phẫu thuật nội soi cắt 1 thuỳ tuyến giáp trong bướu giáp nhân [Dùng dao siêu âm, PT loại 1]","9,330,000"
"Phẫu thuật nội soi cắt 1 thuỳ tuyến giáp trong bướu giáp nhân độc [Không dùng dao siêu âm, PT loại 1]","5,340,000"
"Phẫu thuật nội soi cắt 1 thuỳ tuyến giáp trong bướu giáp nhân độc [Dùng dao siêu âm, PT loại 1]","9,330,000"
"Phẫu thuật nội soi cắt nhân tuyến giáp [Không dùng dao siêu âm, PT loại 1]","5,340,000"
"Phẫu thuật nội soi cắt nhân tuyến giáp [Dùng dao siêu âm, PT loại 1]","9,330,000"
"Phẫu thuật nội soi cắt nhân độc tuyến giáp [Không dùng dao siêu âm, PT loại 1]","5,340,000"
"Phẫu thuật nội soi cắt nhân độc tuyến giáp [Dùng dao siêu âm, PT loại 1]","9,330,000"
"Phẫu thuật cắt bán phần 2 thuỳ tuyến giáp trong bướu giáp đa nhân [Không dùng dao siêu âm, PT loại DB]","8,000,000"
Phẫu thuật nội soi cắt bán phần 2 thuỳ tuyến giáp trong bướu giáp đa nhân (Dùng dao siêu âm),"9,330,000"
"Phẫu thuật cắt bán phần 2 thuỳ tuyến giáp trong bướu giáp đa nhân độc [Không dùng dao siêu âm, PT loại DB]","8,000,000"
"Phẫu thuật nội soi cắt bán phần 2 thuỳ tuyến giáp trong bướu giáp đa nhân độc [Dùng dao siêu âm, PT loại DB]","9,330,000"
"Phẫu thuật cắt toàn bộ tuyến giáp trong bướu giáp đa nhân [Không dùng dao siêu âm, PT loại DB]","8,000,000"
"Phẫu thuật nội soi cắt toàn bộ tuyến giáp trong bướu giáp đa nhân [Dùng dao siêu âm, PT loại DB]","12,000,000"
"Phẫu thuật cắt toàn bộ tuyến giáp trong bướu giáp đa nhân độc [Không dùng dao siêu âm, PT loại DB]","8,000,000"
"Phẫu thuật nội soi cắt toàn bộ tuyến giáp trong bướu giáp đa nhân độc [Dùng dao siêu âm, PT loại DB]","12,000,000"
"Phẫu thuật nội soi cắt gần toàn bộ tuyến giáp trong bệnh basedow [Không dùng dao siêu âm, PT loại 1]","5,340,000"
"Phẫu thuật nội soi cắt gần toàn bộ tuyến giáp trong bệnh basedow [Dùng dao siêu âm, PT loại 1]","9,330,000"
"Phẫu thuật nội soi cắt toàn bộ tuyến giáp trong bệnh basedow [Không dùng dao siêu âm, PT loại DB]","5,340,000"
"Phẫu thuật nội soi cắt toàn bộ tuyến giáp trong bệnh basedow [Dùng dao siêu âm, PT loại DB]","12,000,000"
"Phẫu thuật nội soi cắt toàn bộ tuyến giáp trong ung thư tuyến giáp [Không dùng dao siêu âm, PT loại DB]","5,340,000"
"Phẫu thuật nội soi cắt toàn bộ tuyến giáp trong ung thư tuyến giáp [Dùng dao siêu âm, PT loại DB]","12,000,000"
"Phẫu thuật nội soi cắt toàn bộ tuyến giáp + nạo hạch cổ 2 bên trong ung thư [Không dùng dao siêu âm, PT loại DB]","5,340,000"
"Phẫu thuật nội soi cắt toàn bộ tuyến giáp + nạo hạch cổ 2 bên trong ung thư [Dùng dao siêu âm, PT loại DB]","12,000,000"
"Phẫu thuật nội soi cắt toàn bộ tuyến giáp + nạo hạch cổi bên trong ung thư [Dùng dao siêu âm, PT loại DB]","12,000,000"
UNG BƯỚU,
M. XẠ TRỊ - HÓA TRỊ LIỆU,
"Xạ trị bằng máy gia tốc [xạ trị TBI, TLI/ lượt]","3,354,000"
Xạ trị bằng máy gia tốc [Xạ trị thường quy 3D /1 lần],"2,676,000"
Xạ trị bằng máy gia tốc [Xạ trị vú bằng máy gia tốc có DIBH (hít sâu + nín thở)],"3,354,000"
Xạ trị bằng máy gia tốc có điều biến liều [Xạ trị IMRT /1 lần)],"4,550,000"
"Xạ trị bằng máy gia tốc có điều biến liều [Xạ trị VMAT (đầu cổ, sọ não - 1 lần)]","4,975,000"
Xạ trị bằng máy gia tốc có điều biến liều [Xạ trị VMAT (gan)/ 1 lần)],"5,225,000"
Xạ trị bằng máy gia tốc có điều biến liều [Xạ trị VMAT (phổi)/ 1 lần)],"5,225,000"
Xạ trị bằng máy gia tốc có điều biến liều [Xạ trị VMAT (các vùng khác - 1 lần)],"5,225,000"
Xạ trị bằng máy gia tốc có điều biến liều (4D Gating - IMRT/VMAT - ngày),"4,747,608"
Xạ trị bằng máy gia tốc có điều biến liều (Xạ trị SBRT 1 lần),"8,112,000"
Xạ trị bằng máy gia tốc có điều biến liều (Xạ trị SRS/ 1 lần),"6,604,000"
Xạ trị phối hợp đồng thời với hóa trị,"4,151,686"
Xạ trị triệu chứng trong di căn ung thư,"4,149,580"
N. KỸ THUẬT KHÁC,
Đổ khuôn chì trong xạ trị,"1,437,280"
Làm mặt nạ cố định đầu,"1,720,680"
Mô phỏng và lập kế hoạch cho xạ trị ngoài [3D có tiêm thuốc cản quang] - giá chưa gồm thuốc,"4,383,600"
"Mô phỏng và lập kế hoạch cho xạ trị ngoài [3D vú có tiêm thuốc cản quang, DIBH (hít sâu + nín thở)] - giá chưa gồm thuốc","4,383,600"
Mô phỏng và lập kế hoạch cho xạ trị ngoài [3D không tiêm thuốc cản quang],"4,383,600"
"Mô phỏng và lập kế hoạch cho xạ trị ngoài [3D vú không tiêm thuốc cản quang, DIBH (hít sâu + nín thở)]","4,383,600"
Mô phỏng và lập kế hoạch cho xạ trị ngoài [4D có tiêm thuốc cản quang] - giá chưa gồm thuốc,"4,602,000"
"Mô phỏng và lập kế hoạch cho xạ trị ngoài [4D vú có tiêm thuốc cản quang, DIBH (hít sâu + nín thở)] - giá chưa gồm thuốc","4,602,000"
Mô phỏng và lập kế hoạch cho xạ trị ngoài [4D không tiêm thuốc cản quang],"4,602,000"
"Mô phỏng và lập kế hoạch cho xạ trị ngoài [4D vú không tiêm thuốc cản quang, DIBH (hít sâu + nín thở)]","4,602,000"
"Mô phỏng và lập kế hoạch cho xạ trị ngoài (Lập kế hoạch xạ trị điều biến liều IMRT, có tiêm thuốc cản quang) - giá chưa gồm thuốc","9,880,000"
"Mô phỏng và lập kế hoạch cho xạ trị ngoài (Lập kế hoạch xạ trị điều biến liều IMRT, không tiêm thuốc cản quang)","9,880,000"
"Mô phỏng và lập kế hoạch cho xạ trị ngoài (Lập kế hoạch xạ trị VMAT (đầu cổ, nội sọ)]","9,880,000"
"Mô phỏng và lập kế hoạch cho xạ trị ngoài (Lập kế hoạch xạ trị VMAT (đầu cổ, nội sọ) với hệ thống C-RAD]","14,969,697"
Mô phỏng và lập kế hoạch cho xạ trị ngoài (Lập kế hoạch xạ trị VMAT (gan)],"9,880,000"
"Mô phỏng và lập kế hoạch cho xạ trị ngoài (Lập kế hoạch xạ trị VMAT (gan), DIBH (hít sâu + nín thở)]","9,880,000"
"Mô phỏng và lập kế hoạch cho xạ trị ngoài (Lập kế hoạch xạ trị VMAT (gan), 4D Gating với hệ thống C-RAD]","14,969,697"
Mô phỏng và lập kế hoạch cho xạ trị ngoài (Lập kế hoạch xạ trị VMAT (phổi)],"9,880,000"
"Mô phỏng và lập kế hoạch cho xạ trị ngoài (Lập kế hoạch xạ trị VMAT (phổi), DIBH (hít sâu + nín thở)]","9,880,000"
"Mô phỏng và lập kế hoạch cho xạ trị ngoài (Lập kế hoạch xạ trị VMAT (phổi), 4D Gating với hệ thống C-RAD]","14,969,697"
Mô phỏng và lập kế hoạch cho xạ trị ngoài [Lập kế hoạch xạ trị VMAT (vùng khác)],"9,880,000"
Mô phỏng và lập kế hoạch cho xạ trị ngoài [Lập kế hoạch xạ trị VMAT (vùng khác) với hệ thống C-RAD],"14,969,697"
Mô phỏng và lập kế hoạch cho xạ trị ngoài (Lập kế hoạch xạ trị SBRT),"15,600,000"
Mô phỏng và lập kế hoạch cho xạ trị ngoài (Lập kế hoạch xạ trị SRS),"15,600,000"
XIX. Y HỌC HẠT NHÂN,
A. CHẨN ĐOÁN,
SPECT/CT,"3,069,208"
SPECT/CT não với 99mTc – HMPAO,"3,981,315"
SPECT/CT tưới máu cơ tim gắng sức với 99mTc – MIBI,"3,981,315"
SPECT/CT tưới máu cơ tim không gắng sức với 99mTc – MIBI,"3,981,315"
"SPECT/CT xương, khớp","3,069,208"
SPECT/CT chẩn đoán khối u với 99mTc – MIBI,"3,981,315"
SPECT/CT hạch Lympho,"3,981,315"
Xạ hình lưu thông dịch não tủy với 99mTc - DTPA,"1,536,600"
Xạ hình toàn thân với 131I,"1,564,680"
Xạ hình tuyến giáp với 131I,"1,564,680"
Xạ hình tuyến giáp và đo độ tập trung tuyến giáp với 99mTc Pertechnetate,"1,564,680"
Xạ hình tuyến giáp với 99mTc Pertechnetate,"1,458,781"
Xạ hình tuyến nước bọt với 99mTc Pertechnetate,"1,458,781"
Xạ hình tưới máu phổi,"1,458,781"
Xạ hình chẩn đoán túi thừa Meckel với 99mTc Pertechnetate,"1,747,200"
Xạ hình thận với 99mTc – DMSA,"1,458,781"
Xạ hình chức năng thận với 99mTc –DTPA,"1,458,781"
Xạ hình trào ngược bàng quang niệu quản với 99mTc Pertechnetate,"1,458,781"
Xạ hình tinh hoàn với 99mTc Pertechnetate,"1,458,781"
Xạ hình xương với 99mTc – MDP,"1,458,781"
Xạ hình xương 3 pha,"1,614,600"
Xạ hình chẩn đoán khối u với 99mTc – MIBI,"1,614,600"
Xạ hình hạch Lympho,"1,614,600"
Kỹ thuật phát hiện hạch gác bằng đầu dò Gamma,"1,614,600"
B. ĐiỀU TRỊ,
Điều trị ung thư tuyến giáp bằng 131I,"2,800,200"
Điều trị Basedow bằng 131I,"2,492,880"
Điều trị bướu tuyến giáp đơn thuần bằng 131I,"2,492,880"
Điều trị bướu nhân độc tuyến giáp bằng 131I,"2,492,880"
Cắt u lành phần mềm đường kính trên 10cm [PT loại 1],"4,360,000"
Cắt u lành phần mềm đường kính dưới 10cm [PT loại 2],"4,000,000"
Cắt ung thư thận,"9,330,000"
"Cắt các loại u vùng da đầu, cổ có đường kính dưới 5 cm","1,018,000"
Cắt ung thư vùng hàm mặt có nạo vét hạch dưới hàm và hạch cổ,"8,790,000"
Cắt từ 3 tạng trở lên trong điều trị ung thư tiêu hoá,"9,540,000"
Hóa trị liên tục (i2-24 giờ) bằng máy,"453,000"
Truyền hoá chất động mạch (thủ thuật đặc biệt),"408,000"
Truyền hoá chất khoang màng bụng,"235,000"
Truyền hoá chất khoang màng phổi,"235,000"
Truyền hóa chất nội tủy,"441,000"
Điều trị đích trong ung thư,"959,000"
"Cắt u vú lành tính [dưới hướng dẫn siêu âm, có hỗ trợ thiết bị hút chân không, PT loại 2]","17,500,000"
Truyền hóa chất động mạch,"551,000"
Truyền hóa chất tĩnh mạch,"262,000"
Cắt u vú lành tính [PT loại 2],"7,200,000"
"Phẫu thuật nội soi cắt 1 thuỳ tuyến giáp trong bướu giáp nhân [Không dùng dao siêu âm, PT loại 1]","5,340,000"
"Phẫu thuật nội soi cắt 1 thuỳ tuyến giáp trong bướu giáp nhân [Dùng dao siêu âm, PT loại 1]","9,330,000"
"Phẫu thuật nội soi cắt toàn bộ tuyến giáp trong bướu giáp đa nhân [Dùng dao siêu âm, PT loại DB]","12,000,000"
"Phẫu thuật nội soi giải phóng lỗ liên hợp cột sống cổ (Chưa bao gồm lưỡi bào, lưỡi cắt, bộ dây bơm nước, đầu đốt, tay dao đốt điện, nẹp, ốc, vít.)","18,900,000"
"Phẫu thuật nội soi lấy nhân đệm cột sống thắt lưng qua lỗ liên hợp [Chưa bao gồm lưỡi bào, lưỡi cắt, bộ dây bơm nước, đầu đốt, tay dao đốt điện, nẹp, ốc, vít và bộ kít dùng trong điều trị thoát vị đĩa đệm cột sống, mũi khoan (mài), dây bơm nước, tấm phủ, đầu đốt RF.] [PT loại ĐB]","18,900,000"
"Phẫu thuật nội soi lấy thoát vị đĩa đệm cột sống cổ đường sau [Chưa bao gồm lưỡi bào, lưỡi cắt, bộ dây bơm nước, đầu đốt, tay dao đốt điện, nẹp, ốc, vít và mũi khoan (mài).]","18,900,000"
"Phẫu thuật nội soi cắt một phần thùy phổi, kén - nang phổi. [PT loại DB]","17,787,000"
Truyền hoá chất tĩnh mạch (Áp dụng với bệnh nhân ngoại trú) (Thủ thuật loại 1),"179,000"
CÁC THỦ THUẬT CHUYÊN KHOA KHÁC,
Đặt catheter động mạch theo dõi huyết áp liên tục (Thủ thuật loại 1),"2,000,000"
Chọc dò màng ngoài tim cấp cứu (Thủ thuật loại 1),"533,000"
Mở khí quản thường quy (Phẫu thuật loại 2),"1,309,000"
Chăm sóc lỗ mở khí quản (một lần),"73,000"
Thay ống nội khí quản [TT loại 1],"741,000"
Đặt canuyn mở khí quản 02 nòng (Thủ thuật loại 2),"712,000"
Chọc dịch tủy sống [Chưa bao gồm kim chọc dò.] [TT loại 2],"290,000"
Đặt ống thông dạ dày,"145,000"
Chọc dẫn lưu ổ áp xe dưới siêu âm [Chưa bao gồm ống thông.] [TT loại 1],"4,000,000"
Chọc tháo dịch màng phổi dưới hướng dẫn của siêu âm (Thủ thuật loại 2),"1,309,000"
Chọc dò dịch màng phổi (Thủ thuật loại 3),"436,000"
Chọc hút khí màng phổi (Thủ thuật loại 3),"364,000"
Nghiệm pháp hồi phục phế quản với thuốc giãn phế quản,"303,000"
"Rút ống dẫn lưu màng phổi, ống dẫn lưu ổ áp xe","242,000"
Sinh thiết màng phổi mù (Thủ thuật loại 2),"609,000"
Sinh thiết u phổi dưới hướng dẫn của chụp cắt lớp vi tính (Thủ thuật loại 1),"2,930,000"
Thay canuyn mở khí quản (Thủ thuật loại 2),"712,000"
Chọc dò và dẫn lưu màng ngoài tim (Thủ thuật loại 1),"333,000"
Chọc dò dịch não tuỷ (Chưa bao gồm kim chọc dò) (Thủ thuật loại 2),"145,000"
Sinh thiết thận dưới hướng dẫn của siêu âm (Thủ thuật loại 1),"3,600,000"
Thay transfer set ở bệnh nhân lọc màng bụng liên tục ngoại trú (Thủ thuật loại 1),"665,000"
Chọc dò dịch ổ bụng xét nghiệm,"290,000"
Chọc tháo dịch ổ bụng điều trị,"290,000"
Chọc tháo dịch ổ bụng điều trị [dưới hướng dẫn của siêu âm],"436,000"
Siêu âm can thiệp - Chọc dịch ổ bụng xét nghiệm (Thủ thuật loại 2),"436,000"
Chọc hút tế bào cơ bằng kim nhỏ (Thủ thuật loại 3),"152,000"
Chọc hút tế bào xương bằng kim nhỏ (Thủ thuật loại 3),"151,000"
Chọc hút tế bào phần mềm bằng kim nhỏ (Thủ thuật loại 3),"151,000"
Chọc hút tế bào phần mềm dưới hướng dẫn của siêu âm (Thủ thuật loại 2),"1,193,000"
Chọc hút tế bào hạch dưới hướng dẫn của siêu âm (Thủ thuật loại 2),"1,193,000"
Chọc hút tế bào cơ dưới hướng dẫn của siêu âm (Thủ thuật loại 2),"1,193,000"
Chọc hút tế bào xương dưới hướng dẫn của siêu âm (Thủ thuật loại 2),"1,193,000"
Chọc hút tế bào khối u dưới hướng dẫn của siêu âm (Thủ thuật loại 2),"1,193,000"
Hút dịch khớp gối dưới hướng dẫn của siêu âm (Thủ thuật loại 2),"1,193,000"
Hút dịch khớp khuỷu dưới hướng dẫn của siêu âm (Thủ thuật loại 2),"1,193,000"
Hút dịch khớp vai dưới hướng dẫn của siêu âm (Thủ thuật loại 2),"1,193,000"
Hút nang bao hoạt dịch dưới hướng dẫn của siêu âm (Thủ thuật loại 2),"1,193,000"
Sinh thiết tuyến nứớc bọt (Thủ thuật loại 3),"300,000"
Sinh thiết màng hoạt dịch dưới hướng dẫn của siêu âm (Thủ thuật loại 2),"1,568,000"
Sinh thiết xương dưới hướng dẫn của siêu âm (Thủ thuật loại 2),"1,176,000"
Đặt catheter động mạch [Đặt catheter động mạch quay] (Thủ thuật loại 1),"1,334,000"
Hút áp lực âm (V.A.C) liên tục trong 24h điều trị vết thương mạn tính [TT loại 1],"600,000"
Hút áp lực âm (VAC) trong 48h điều trị vết thương mạn tính [TT loại 3],"900,000"
Đặt ống thông tĩnh mạch trung tâm sơ sinh (Thủ thuật loại 1),"1,334,000"
Chọc dò tủy sống sơ sinh (Chưa bao gồm kim chọc dò) (Thủ thuật loại 1),"133,000"
Dẫn lưu màng phổi sơ sinh (Thủ thuật loại 1),"3,330,000"
Thay canuyn (Thủ thuật loại 2),"712,000"
Sinh thiết vú dưới hướng dẫn siêu âm [TT loại 1],"2,660,000"
Sinh thiết lách dưới hướng dẫn siêu âm [TT loại 1],"2,660,000"
Sinh thiết thận dưới hướng dẫn siêu âm [TT loại 1],"2,660,000"
Sinh thiết tuyến giáp dưới hướng dẫn siêu âm [TT loại 1],"2,660,000"
Sinh thiết phần mềm dưới hướng dẫn siêu âm [TT loại 2],"2,660,000"
Sinh thiết tiền liệt tuyến qua trực tràng dưới hướng dẫn siêu âm [TT loại 1],"2,660,000"
Chọc hút tế bào tuyến giáp dưới hướng dẫn siêu âm (Thủ thuật loại 1),"1,334,000"
Chọc hút hạch (hoặc u) dưới hướng dẫn siêu âm (Thủ thuật loại 1),"1,334,000"
Chọc nang tuyến giáp dưới hướng dẫn siêu âm (Thủ thuật loại 1),"1,334,000"
Chọc hút nang vú dưới hướng dẫn siêu âm [Áp dụng với trường hợp dùng bơm kim thông thường để chọc hút.] [TT loại 1],"1,334,000"
Chọc hút dịch ổ khớp dưới hướng dẫn siêu âm [TT loại 1],"1,334,000"
"Chọc hút, sinh thiết khối u trung thất qua siêu âm thực quản [TT loại 1]","5,330,000"
Chọc hút dịch màng tim dưới hướng dẫn siêu âm [TT loại 1],"1,334,000"
"Chọc hút ổ dịch, áp xe dưới hướng dẫn của siêu âm [TT loại 1]","1,334,000"
Chọc hút tế bào dưới hướng dẫn của siêu âm (Thủ thuật loại 1),"1,334,000"
Dẫn lưu các ổ dịch trong ổ bụng dưới hướng dẫn siêu âm [Chưa bao gồm ống thông.] [TT loại 1],"5,330,000"
"Dẫn lưu dịch, áp xe, nang dưới hướng dẫn của siêu âm [Chưa bao gồm ống thông.] [TT loại 1]","5,330,000"
"Nội soi ổ bụng để thăm dò, chẩn đoán (Thủ thuật loại 1)","4,000,000"
Test giãn phế quản (broncho modilator test) (Thủ thuật loại 3),"240,000"
Thủ thuật chọc hút tủy làm tủy đồ (chưa bao gồm kim chọc tủy một lần) [TT loại 2],"472,000"
Thủ thuật chọc hút tủy làm tủy đồ (bao gồm kim chọc tủy nhiều lần) [TT loại 2],"957,000"
Thông khí nhân tạo xâm nhập [thở máy (1 ngày điều trị)],"750,000"
Thông khí nhân tạo không xâm nhập [thở máy (1 ngày điều trị)],"646,000"
Đặt lại ống thông dạ dày (hút dịch hoặc nuôi dưỡng) phức tạp,"2,640,000"
Cắt lọc hoại tử ổ loét vết thương mạn tính [TT loại 1],"2,420,000"
"Dẫn lưu viêm tấy quanh thận, áp xe thận","3,300,000"
"Dẫn lưu viêm tấy quanh thận, áp xe thận [gây tê]","3,300,000"
Dẫn lưu bể thận tối thiểu (Phẫu thuật loại 2),"3,300,000"
Dẫn lưu bể thận tối thiểu (Phẫu thuật loại 2) [gây tê],"3,300,000"
Siêu âm can thiệp - đặt ống thông dẫn lưu ổ áp xe gan (Thủ thuật loại 1),"2,490,000"
"Dẫn lưu màng phổi, ổ áp xe phổi dưới hướng dẫn của chụp cắt lớp vi tính (Thủ thuật loại 1)","4,240,000"
Nội soi màng phổi sinh thiết (Phẫu thuật loại 1),"8,080,000"
Chọc hút dịch – khí màng phổi bằng kim hay catheter (Thủ thuật loại 1),"302,000"
Hút dẫn lưu khoang màng phổi bằng máy hút áp lực âm liên tục (Thủ thuật loại 3),"242,000"
Thủ thuật chọc hút tủy làm tủy đồ (sử dụng máy khoan cầm tay) [TT loại 2],"3,880,000"
Rút máu để điều trị (Thủ thuật loại 2),"364,000"
Mở thông dạ dày qua nội soi (Thủ thuật loại 1),"6,820,000"
"Soi bàng quang lấy dị vật, sỏi","1,600,000"
"Nội soi màng phổi, gây dính bằng thuốc/hóa chất","8,080,000"
Thay băng vết mổ [Vết mổ lấy thai chiều dài trên 15cm đến 30cm] [TT loại 3],"103,000"
Y HỌC DÂN TỘC - PHỤC HỒI CHỨC NĂNG,
Vận động trị liệu hô hấp,"85,000"
Xoa bóp phòng chống loét trong các bệnh thần kinh (một ngày),"175,000"
Mai hoa châm,"175,000"
Hào châm,"175,000"
Mãng châm [Thủ thuật loại 1],"165,000"
Nhĩ châm,"175,000"
Điện châm,"175,000"
Thủy châm,"175,000"
Cấy chỉ,"275,000"
Ôn châm,"175,000"
Cứu,"85,000"
Chích lể,"175,000"
Laser châm,"175,000"
Từ châm,"175,000"
Kéo nắn cột sống cổ,"120,000"
Kéo nắn cột sống thắt lưng,"120,000"
Sắc thuốc thang và đóng gói thuốc bằng máy,"33,000"
"Nắn, bó gẫy xương cẳng tay bằng phương pháp YHCT","175,000"
"Nắn, bó gẫy xương cánh tay bằng phương pháp YHCT","175,000"
"Nắn, bó gẫy xương cẳng chân bằng phương pháp YHCT","175,000"
Xông thuốc bằng máy,"85,000"
Xông hơi thuốc,"85,000"
Xông khói thuốc,"85,000"
Sắc thuốc thang,"75,000"
Ngâm thuốc YHCT toàn thân,"85,000"
Ngâm thuốc YHCT bộ phận,"85,000"
Đặt thuốc YHCT,"85,000"
Bó thuốc,"85,000"
Chườm ngải,"85,000"
Luyện tập dưỡng sinh,"85,000"
Điện châm điều trị hội chứng tiền đình,"175,000"
Điện châm điều trị huyết áp thấp,"175,000"
Điện châm điều trị thiểu năng tuần hoàn não mạn tính,"175,000"
Điện châm điều trị hội chứng stress,"175,000"
Điện châm điều trị cảm mạo,"175,000"
Điện châm điều trị viêm amidan,"175,000"
Điện châm điều trị trĩ,"175,000"
Điện châm điều trị phục hồi chức năng cho trẻ bại liệt,"175,000"
Điện châm điều trị liệt tay do tổn thương đám rối cánh tay ở trẻ em,"175,000"
Điện châm điều trị chậm phát triển trí tuệ ở trẻ bại não,"175,000"
Điện châm điều trị phục hồi chức năng vận động ở trẻ bại não,"175,000"
Điện châm điều trị cơn đau quặn thận,"175,000"
Điện châm điều trị viêm bàng quang,"175,000"
Điện châm điều trị rối loạn tiểu tiện,"175,000"
Điện châm điều trị bí đái cơ năng,"175,000"
Điện châm điều trị sa tử cung,"175,000"
Điện châm điều trị hội chứng tiền mãn kinh,"175,000"
Điện châm điều trị liệt tứ chi do chấn thương cột sống,"175,000"
Điện châm điều trị rối loạn thần kinh chức năng sau chấn thương sọ não,"175,000"
Điện châm điều trị hội chứng ngoại tháp,"175,000"
Điện châm điều trị khàn tiếng,"175,000"
Điện châm điều trị rối loạn cảm giác đầu chi,"175,000"
Điện châm điều trị liệt chi trên,"175,000"
Điện châm điều trị chắp lẹo,"175,000"
Điện châm điều trị đau hố mắt,"175,000"
Điện châm điều trị viêm kết mạc,"175,000"
Điện châm điều trị viêm thần kinh thị giác sau giai đoạn cấp,"175,000"
Điện châm điều trị lác cơ năng,"175,000"
Điện châm điều trị rối loạn cảm giác nông,"175,000"
Điện châm điều trị viêm mũi xoang,"175,000"
Điện châm điều trị rối loạn tiêu hóa,"175,000"
Điện châm điều trị đau răng,"165,000"
Điện châm điều trị đau do thoái hóa khớp,"175,000"
Điện châm điều trị ù tai,"175,000"
Điện châm điều trị giảm khứu giác,"175,000"
Điện châm điều trị liệt do tổn thương đám rối dây thần kinh,"175,000"
Điện châm điều trị rối loạn thần kinh thực vật,"175,000"
Điện châm điều trị giảm đau do ung thư,"175,000"
Điện châm điều trị giảm đau do zona,"175,000"
"Điện châm điều trị liệt do viêm đa rễ, đa dây thần kinh","175,000"
Điện châm điều trị chứng tic cơ mặt,"175,000"
Thuỷ châm điều trị hội chứng thắt lưng- hông,"120,000"
"Thuỷ châm điều trị đau đầu, đau nửa đầu","120,000"
Thuỷ châm điều trị mất ngủ,"120,000"
Thuỷ châm điều trị hội chứng stress,"120,000"
Thuỷ châm điều trị nấc,"120,000"
"Thuỷ châm điều trị cảm mạo, cúm","120,000"
Thuỷ châm điều trị viêm amydan,"120,000"
Thuỷ châm điều trị liệt nửa người do tai biến mạch máu não,"120,000"
Thuỷ châm điều trị hội chứng dạ dày tá tràng,"120,000"
Thuỷ châm điều trị sa dạ dày,"120,000"
Thuỷ châm điều trị trĩ,"120,000"
Thuỷ châm hỗ trợ điều trị bệnh vẩy nến,"120,000"
Thuỷ châm điều trị mày đay,"120,000"
Thuỷ châm điều trị bệnh viêm mũi dị ứng,"120,000"
Thuỷ châm điều trị tâm căn suy nhược,"120,000"
Thuỷ châm điều trị bại liệt trẻ em,"120,000"
Thuỷ châm điều trị giảm thính lực,"120,000"
Thuỷ châm điều trị liệt trẻ em,"120,000"
Thuỷ châm điều trị bệnh tự kỷ ở trẻ em,"120,000"
Thuỷ châm điều trị liệt do tổn thương đám rối cánh tay ở trẻ em,"120,000"
Thuỷ châm điều trị chậm phát triển trí tuệ ở trẻ bại não,"120,000"
Thuỷ châm điều trị phục hồi chức năng vận động ở trẻ bại não,"120,000"
Thuỷ châm điều trị cơn động kinh cục bộ,"120,000"
Thuỷ châm điều trị sa tử cung,"120,000"
Thuỷ châm điều trị hội chứng tiền mãn kinh,"120,000"
Thuỷ châm điều trị thống kinh,"120,000"
Thuỷ châm điều trị rối loạn kinh nguyệt,"120,000"
Thuỷ châm điều trị đái dầm,"120,000"
Thuỷ châm điều trị hội chứng tiền đình,"120,000"
Thuỷ châm điều trị đau vai gáy,"120,000"
Thuỷ châm điều trị hen phế quản,"120,000"
Thuỷ châm điều trị huyết áp thấp,"120,000"
Thuỷ châm điều trị thiểu năng tuần hoàn não mạn tính,"120,000"
Thuỷ châm điều trị liệt dây thần kinh VII ngoại biên,"120,000"
Thuỷ châm điều trị đau dây thần kinh liên sườn,"120,000"
Thuỷ châm điều trị thất vận ngôn,"120,000"
Thuỷ châm điều trị đau dây V,"120,000"
Thuỷ châm điều trị đau liệt tứ chi do chấn thương cột sống,"120,000"
Thuỷ châm điều trị loạn chức năng do chấn thương sọ não,"110,000"
Thuỷ châm điều trị hội chứng ngoại tháp,"120,000"
Thuỷ châm điều trị khàn tiếng,"120,000"
Thuỷ châm điều trị rối loạn cảm giác đầu chi,"120,000"
Thuỷ châm điều trị liệt chi trên,"120,000"
Thuỷ châm điều trị liệt hai chi dưới,"120,000"
Thuỷ châm điều trị sụp mi,"120,000"
Thuỷ châm điều trị viêm mũi xoang,"120,000"
Thuỷ châm điều trị rối loạn tiêu hóa,"120,000"
Thuỷ châm điều trị đau răng,"120,000"
Thuỷ châm điều trị táo bón kéo dài,"120,000"
Thuỷ châm hỗ trợ điều trị viêm khớp dạng thấp,"120,000"
Thuỷ châm điều trị đau do thoái hóa khớp,"120,000"
Thuỷ châm điều trị viêm quanh khớp vai,"120,000"
Thuỷ châm điều trị đau lưng,"120,000"
Thuỷ châm điều trị sụp mi,"120,000"
Thuỷ châm điều trị đau hố mắt,"120,000"
Thuỷ châm điều trị viêm thần kinh thị giác sau giai đoạn cấp,"120,000"
Thuỷ châm điều trị lác cơ năng,"120,000"
Thuỷ châm điều trị giảm thị lực,"120,000"
Thuỷ châm điều trị viêm bàng quang,"120,000"
Thuỷ châm điều trị di tinh,"120,000"
Thuỷ châm điều trị liệt dương,"120,000"
Thuỷ châm điều trị rối loạn tiểu tiện,"120,000"
Thuỷ châm điều trị bí đái cơ năng,"120,000"
Xoa bóp bấm huyệt điều trị liệt chi trên,"150,000"
Xoa bóp bấm huyệt điều trị liệt chi dưới,"150,000"
Xoa bóp bấm huyệt điều trị liệt nửa người do tai biến mạch máu não,"150,000"
Xoa bóp bấm huyệt điều trị hội chứng thắt lưng- hông,"150,000"
Xoa bóp bấm huyệt điều trị liệt do viêm não,"150,000"
Xoa bóp bấm huyệt điều trị chậm phát triển trí tuệ ở trẻ bại não,"150,000"
Xoa bóp bấm huyệt phục hồi chức năng vận động ở trẻ bại não,"150,000"
Xoa bóp bấm huyệt điều trị cứng khớp chi trên,"150,000"
Xoa bóp bấm huyệt điều trị cứng khớp chi dưới,"150,000"
"Xoa bóp bấm huyệt điều trị choáng, ngất","150,000"
Xoa bóp bấm huyệt điều trị bệnh tự kỷ ở trẻ em,"150,000"
Xoa bóp bấm huyệt điều trị chứng ù tai,"150,000"
Xoa bóp bấm huyệt điều trị giảm khứu giác,"150,000"
Xoa bóp bấm huyệt điều trị liệt do bệnh của cơ,"150,000"
Xoa bóp bấm huyệt điều trị tâm căn suy nhược,"150,000"
Xoa bóp bấm huyệt điều trị hội chứng ngoại tháp,"150,000"
"Xoa bóp bấm huyệt điều trị đau đầu, đau nửa đầu","150,000"
Xoa bóp bấm huyệt điều trị mất ngủ,"150,000"
Xoa bóp bấm huyệt điều trị hội chứng stress,"150,000"
Xoa bóp bấm huyệt điều trị thiểu năng tuần hoàn não mạn tính,"150,000"
"Xoa bóp bấm huyệt điều trị tổn thương rễ, đám rối và dây thần kinh","150,000"
Xoa bóp bấm huyệt điều trị tổn thương dây thần kinh V,"150,000"
Xoa bóp bấm huyệt điều trị liệt dây thần kinh số VII ngoại biên,"150,000"
Xoa bóp bấm huyệt điều trị sụp mi,"150,000"
Xoa bóp bấm huyệt điều trị viêm thần kinh thị giác sau giai đoạn cấp,"150,000"
Xoa bóp bấm huyệt điều trị lác cơ năng,"150,000"
Xoa bóp bấm huyệt điều trị giảm thị lực,"150,000"
Xoa bóp bấm huyệt điều trị hội chứng tiền đình,"150,000"
Xoa bóp bấm huyệt điều trị giảm thính lực,"150,000"
Xoa bóp bấm huyệt điều trị viêm mũi xoang,"150,000"
Xoa bóp bấm huyệt điều trị hen phế quản,"150,000"
Xoa bóp bấm huyệt hỗ trợ điều trị tăng huyết áp,"150,000"
Xoa bóp bấm huyệt điều trị huyết áp thấp,"150,000"
Xoa bóp bấm huyệt điều trị đau thần kinh liên sườn,"150,000"
Xoa bóp bấm huyệt điều trị hội chứng dạ dày- tá tràng,"150,000"
Xoa búp bấm huyệt điều trị nấc,"150,000"
Xoa bóp bấm huyệt điều trị viêm khớp dạng thấp,"150,000"
Xoa bóp bấm huyệt điều trị đau do thoái hoá khớp,"150,000"
Xoa bóp bấm huyệt điều trị đau lưng,"150,000"
Xoa bóp bấm huyệt điều trị viêm quanh khớp vai,"150,000"
Xoa bóp bấm huyệt điều trị hội chứng vai gáy,"150,000"
Xoa bóp bấm huyệt điều trị chứng tic cơ mặt,"150,000"
Xoa bóp bấm huyệt điều trị rối loạn cảm giác đầu chi,"150,000"
Xoa bóp bấm huyệt điều trị tắc tia sữa,"187,000"
Xoa bóp bấm huyệt điều trị rối loạn kinh nguyệt,"150,000"
Xoa bóp bấm huyệt điều trị đau bụng kinh,"150,000"
Xoa bóp bấm huyệt điều trị hội chứng tiền mãn kinh,"150,000"
Xoa bóp bấm huyệt điều trị táo bón,"150,000"
Xoa bóp bấm huyệt điều trị rối loạn tiêu hoá,"150,000"
Xoa bóp bấm huyệt điều trị rối loạn cảm giác nông,"150,000"
Xoa bóp bấm huyệt điều trị bí đái cơ năng,"150,000"
Xoa bóp bấm huyệt điều trị rối loạn thần kinh thực vật,"150,000"
Xoa bóp bấm huyệt điều trị béo phì,"150,000"
Xoa bóp bấm huyệt điều trị rối loạn chức năng vận động do chấn thương sọ não,"150,000"
Xoa bóp bấm huyệt điều trị liệt tứ chi do chấn thương cột sống,"150,000"
Xoa bóp bấm huyệt điều trị giảm đau sau phẫu thuật,"150,000"
Xoa bóp bấm huyệt điều trị giảm đau do ung thư,"150,000"
Xoa bóp bấm huyệt điều trị đái dầm,"150,000"
Xoa bóp bấm huyệt điều trị hội chứng phân ly,"150,000"
Cứu điều trị hội chứng thắt lưng- hông thể phong hàn,"85,000"
"Cứu điều trị đau đầu, đau nửa đầu thể hàn","85,000"
Cứu điều trị nấc thể hàn,"85,000"
Cứu điều trị ngoại cảm phong hàn,"85,000"
Cứu điều trị khàn tiếng thể hàn,"85,000"
Cứu điều trị rối loạn cảm giác đầu chi thể hàn,"85,000"
Cứu điều trị liệt chi trên thể hàn,"85,000"
Cứu điều trị liệt chi dưới thể hàn,"85,000"
Cứu điều trị liệt nửa người thể hàn,"85,000"
Cứu điều trị liệt dây thần kinh số VII ngoại biên thể hàn,"85,000"
Cứu điều trị đau vai gáy cấp thể hàn,"85,000"
Cứu điều trị giảm thính lực thể hàn,"85,000"
Cứu điều trị di tinh thể hàn,"85,000"
Cứu điều trị liệt dương thể hàn,"85,000"
Cứu điều trị rối loạn tiểu tiện thể hàn,"85,000"
Cứu điều trị bí đái thể hàn,"85,000"
Cứu điều trị sa tử cung thể hàn,"85,000"
Cứu điều trị đau bụng kinh thể hàn,"85,000"
Cứu điều trị rối loạn kinh nguyệt thể hàn,"85,000"
Cứu điều trị đái dầm thể hàn,"85,000"
Cứu điều trị đau lưng thể hàn,"85,000"
Cứu điều trị giảm khứu giác thể hàn,"85,000"
Cứu điều trị rối loạn thần kinh thực vật thể hàn,"85,000"
Cứu điều trị cảm cúm thể hàn,"85,000"
Cứu điều trị rối loạn tiêu hóa thể hàn,"85,000"
Giác hơi điều trị ngoại cảm phong hàn,"120,000"
Giác hơi điều trị ngoại cảm phong nhiệt,"110,000"
Giác hơi điều trị các chứng đau,"120,000"
Giác hơi điều trị cảm cúm,"110,000"
Điều trị tắc tia sữa bằng hồng ngoại,"85,000"
Điều trị bằng sóng ngắn,"120,000"
Điều trị bằng từ trường,"120,000"
Điều trị bằng các dòng điện xung,"120,000"
Điều trị bằng siêu âm,"120,000"
Điều trị bằng dòng giao thoa [TT loại 3],"150,000"
Điều trị bằng tia hồng ngoại,"120,000"
Điều trị bằng Laser công suất thấp,"175,000"
Điều trị bằng Parafin [TT loại 3],"120,000"
Điều trị bằng máy kéo giãn cột sống [TT loại 3],"175,000"
Kỹ thuật tập tay và bàn tay cho người bệnh liệt nửa người,"150,000"
Kỹ thuật tập đứng và đi cho người bệnh liệt nửa người,"150,000"
Tập ngồi thăng bằng tĩnh và động,"150,000"
Tập đứng thăng bằng tĩnh và động,"150,000"
Tập đi với thanh song song,"150,000"
Tập đi với khung tập đi,"85,000"
"Tập đi với nạng (nạng nách, nạng khuỷu)","85,000"
Tập đi với gậy,"85,000"
"Tập lên, xuống cầu thang","85,000"
Tập vận động thụ động,"85,000"
Tập vận động có trợ giúp,"85,000"
Tập vận động có kháng trở,"85,000"
Tập vận động trên bóng,"85,000"
Tập tạo thuận thần kinh cơ cảm thụ bản thể chức năng,"85,000"
Tập với thang tường,"85,000"
Tập với ròng rọc,"85,000"
Tập với dụng cụ quay khớp vai,"85,000"
Tập với ghế tập mạnh cơ Tứ đầu đùi,"85,000"
Tập với xe đạp tập,"85,000"
Tập với bàn nghiêng,"85,000"
Tập các kiểu thở,"82,000"
Tập ho có trợ giúp,"85,000"
Kỹ thuật kéo nắn trị liệu,"150,000"
Kỹ thuật xoa bóp vùng,"150,000"
Kỹ thuật xoa bóp toàn thân,"200,000"
Tập điều hợp vận động,"85,000"
"Tập mạnh cơ đáy chậu (cơ sàn chậu, Pelvis floor)","462,000"
Kỹ thuật tập sử dụng và điều khiển xe lăn,"85,000"
Kỹ thuật sử dụng tay giả trên khuỷu,"85,000"
Kỹ thuật sử dụng tay giả dưới khuỷu,"85,000"
Kỹ thuật sử dụng nẹp dạng khớp háng (SWASH),"85,000"
Kỹ thuật sử dụng chân giả tháo khớp háng,"85,000"
Kỹ thuật sử dụng chân giả trên gối,"85,000"
Kỹ thuật sử dụng chân giả dưới gối,"85,000"
Kỹ thuật sử dụng áo nẹp chỉnh hình cột sống ngực- thắt lưng TLSO (điều trị cong vẹo cột sống),"85,000"
Kỹ thuật sử dụng áo nẹp chỉnh hình cột sống thắt lưng LSO (điều trị cong vẹo cột sống),"85,000"
Kỹ thuật sử dụng nẹp cổ bàn tay WHO,"85,000"
Kỹ thuật sử dụng nẹp trên gối có khớp háng HKAFO,"85,000"
Kỹ thuật sử dụng nẹp gối cổ bàn chân KAFO,"85,000"
Kỹ thuật sử dụng nẹp cổ bàn chân AFO,"85,000"
Kỹ thuật sử dụng nẹp bàn chân FO,"85,000"
Điều trị bằng sóng xung kích,"330,000"
Điều trị chườm ngải cứu,"85,000"
Tập do cứng khớp [TT loại 3],"85,000"
Kỹ thuật kéo dãn cho trẻ em bị vẹo cổ bẩm sinh,"85,000"
DA LIỄU,
"Điều trị bằng CO2 u sừng da [< 10mm, 1 nốt, TT loại 2]","364,000"
"Điều trị bằng CO2 u sừng da [> 10mm, 1 nốt, TT loại 2]","606,000"
Điều trị sùi mào gà bằng đốt điện,"1,984,000"
"Điều trị bằng CO2 nốt ruồi [< 5mm, 1 nốt, TT loại 2]","276,000"
"Điều trị bằng CO2 nốt ruồi [> 5mm, 1 nốt, TT loại 2]","661,000"
"Điều trị bằng CO2 nốt ruồi [# 1mm, 5-10 nốt, TT loại 2]","1,653,000"
"Điều trị bằng CO2 tàn nhang [< 5mm, 1 nốt, TT loại 2]","276,000"
"Điều trị bằng CO2 tàn nhang [> 5mm, 1 nốt, TT loại 2]","661,000"
"Điều trị bằng CO2 tàn nhang [# 1mm, 5-10 nốt, TT loại 2]","1,653,000"
"Điều trị bằng CO2 đốm nâu [< 5mm, 1 nốt, TT loại 2]","276,000"
"Điều trị bằng CO2 đốm nâu [> 5mm, 1 nốt, TT loại 2]","661,000"
"Điều trị bằng CO2 đốm nâu [# 1mm, 5-10 nốt, TT loại 2]","1,653,000"
"Chích Corticoid sẹo lồi [1 - 2 cm2, TT loại DB]","551,000"
"Chích Corticoid sẩn cục [1 - 2 cm2, TT loại DB]","551,000"
"Chích Corticoid sẩn cục [2 - 3 cm2, TT loại DB]","771,000"
"Chích Corticoid sẩn cục [3 - 4 cm2 , TT loại DB]","1,102,000"
HỒI SỨC CẤP CỨU,
Sốc điện ngoài lồng ngực cấp cứu (Thủ thuật loại 2),"1,325,000"
Tạo nhịp tim cấp cứu tạm thời với điện cực ngoài lồng ngực (Thủ thuật loại 1),"1,292,000"
Đặt ống nội khí quản (Thủ thuật loại 1),"741,000"
Mở khí quản cấp cứu (Phẫu thuật loại 1),"1,200,000"
Thay canuyn mở khí quản (Thủ thuật loại 3),"712,000"
Cấp cứu ngừng tuần hoàn hô hấp cơ bản [Bao gồm cả bóng dùng nhiều lần.] [TT loại 1],"2,000,000"
Rửa dạ dày cấp cứu (Thủ thuật loại 2),"436,000"
Rửa dạ dày loại bỏ chất độc bằng hệ thống kín (Thủ thuật loại 2),"837,000"
Rửa dạ dày cấp cứu (Thủ thuật loại 3),"436,000"
Thở máy (01 ngày điều trị) (Thủ thuật loại 1),"750,000"
Phẫu thuật mở khí quản (Gây tê/ gây mê) (Phẫu thuật loại 3),"1,309,000"
CÁC CHI PHÍ KHÁC,
"Bình oxy 1,5m3 - 2m3 ( chưa bao gồm tiền xe chuyên chở )","266,000"
Bình oxy 1m3 ( chưa bao gồm tiền xe chuyên chở ),"207,000"
Bình oxy 6m3 ( chưa bao gồm tiền xe chuyên chở ),"531,000"
Bơm tiêm tự động (giờ),"20,000"
Bơm tiêm tự động (lần),"30,000"
Công truyền máu,"266,000"
Đặc cọc thuê bình Oxy,"10,000,000"
Hút đàm nhớt (lần),"25,000"
Lấy que ngừa thai,"500,000"
Monitor theo dõi bệnh nhân nặng (> 8giờ),"20,000"
Nội soi rút sonde JJ (trọn gói),"684,000"
Phí bơm C02 trong giảm đau nội soi,"531,000"
Phí cắt đốt siêu âm cho PT hở,"6,500,000"
Phí cắt đốt siêu âm cho PT nội soi,"6,500,000"
Phí cắt lọc,"150,000"
Phí chăm sóc bệnh nhân ngoại viện,"93,000"
Phí chăm sóc Catheter trong chạy thận nhân tạo,"100,000"
Phí chiếu đèn,"67,000"
Phí dùng máy Laser tán sỏi (<65W),"2,500,000"
Phí dùng máy tán sỏi thủy động lực,"1,062,000"
Phí gây mê trong nội soi,"1,328,000"
Phí khám bệnh/chăm sóc/thực hiện thủ thuật ngoại viện,"266,000"
DV chống nhiễm khuẩn + y cụ [Các khoa lâm sàng],"75,000"
DV chống nhiễm khuẩn + y cụ [Khoa Cấp cứu],"100,000"
"DV chống nhiễm khuẩn + y cụ [Phòng mổ, Khoa ICU]","150,000"
Phí kiểm tra máy tạo nhịp tim,"67,000"
Phí lấy tuỷ trong thực hiện tuỷ đồ,"2,120,000"
Phí nệm hơi điện,"5,000"
Phí Nitrazine Test (đã bao gồm giấy thử),"7,000"
Phí phun khí dung (lần),"50,000"
Phí sinh thiết trong nội soi,"133,000"
Phí sử dụng C-ARM,"651,000"
Phí sử dụng khung cố định đầu,"531,000"
Phí sử dụng kính hiển vi phẫu thuật,"2,650,000"
Phí sử dụng mask thở không xâm lấn,"85,000"
Phí sử dụng máy cắt đốt Coblator,"1,992,000"
Phí sử dụng máy cắt đốt trong phẫu thuật,"150,000"
Phí sử dụng máy cắt hút (Shaver) liên hợp,"504,000"
Phí sử dụng máy đốt Laser trong điều suy tĩnh mạch,"5,840,000"
Phí sử dụng máy ép hơi ngắt quãng,"200,000"
"Phí sử dụng máy khoan, cắt trong phẫu thuật chỉnh hình","150,000"
"Phí sử dụng máy khoan, cắt trong phẫu thuật chỉnh hình RMH","332,000"
"Phí sử dụng máy khoan, cắt trong phẫu thuật cột sống, sọ não","1,460,000"
Phí sử dụng máy tạo nhịp tạm thời,"2,650,000"
Phí sử dụng máy thở áp lực dương liên tục,"106,700"
Phí tiêm Dysport (Chưa bao gồm thuốc),"1,992,000"
Phí tiền mê trong nội soi đại trực tràng,"650,000"
Phí tiền mê trong nội soi thực quản - dạ dày - tá tráng,"650,000"
Phí truyền dịch,"25,000"
Phụ thu dịch vụ kĩ thuật ngoại viện,"93,000"
Phụ thu giường phụ sản,"26,000"
Thay băng vết thương,"60,000"
Thở Oxy dưới 2 lít/1 phút (ngày),"133,000"
Thở Oxy trên 3-5 lít/1 phút (ngày),"398,000"
Thở Oxy trên 7 lít/1 phút (ngày),"664,000"
Thở Oxy từ 2-3 lít/1 phút (ngày),"266,000"
Thở Oxy từ 5 đến 7 lít/1 phút (ngày),"531,000"
Truyền dịch tự động (giờ),"30,000"
Thông đái (Thủ thuật loại 3),"126,000"
Tóm tắt bệnh án,"200,000"
Sao y Hồ sơ bệnh án nội trú,"200,000"
Sao y Hồ sơ bệnh án ngoại trú,"50,000"
Cấp lại giấy chứng sinh,"200,000"
Chứng nhận thương tích,"100,000"
Cấp lại giấy ra viện,"100,000"
Cấp lại giấy chứng nhận phẫu thuật,"100,000"
Dịch thuật,"200,000"
Xác nhận nằm viện,"50,000"
Photo kết quả Cận lâm sàng,"50,000"
Sao phim,"50,000"
Phí Dịch vụ bảo lãnh viện phí nội trú,"300,000"
Phí Dịch vụ bảo lãnh viện phí ngoại trú,"100,000"
Chỉ định Kỹ Sư chuyên gia,"5,000,000"
Chỉ định Bác Sĩ chuyên gia,"5,000,000"
CÁC CHI PHÍ MÁU,
Chi phí vận chuyển và bảo quản tủa lạnh thể tích 50ml,"113,000"
Chi phí vận chuyển và bảo quản Khối hồng cầu 250ml,"208,000"
Chi phí vận chuyển và bảo quản Khối hồng cầu 350ml,"224,000"
Chi phí vận chuyển và bảo quản Khối hồng cầu 450ml,"307,000"
Chi phí vận chuyển và bảo quản Huyết tương tươi đông lạnh 100 ml,"226,000"
Chi phí vận chuyển và bảo quản Huyết tương tươi đông lạnh 200 ml,"233,000"
Chi phí vận chuyển và bảo quản Huyết tương tươi đông lạnh 150 ml,"230,000"
Chi phí vận chuyển và bảo quản Khối tiểu cầu gạn tách 40 ml,"205,667"
Chi phí vận chuyển và bảo quản Khối tiểu cầu gạn tách 120 ml,"1,117,500"
Chi phí vận chuyển và bảo quản Khối tiểu cầu gạn tách 250 ml,"2,436,000"
Chi phí điều chế khối tiểu cầu gạn tách 40ml (đã bao gồm dụng cụ gạn tách),"803,167"
"Tia xạ túi máu, chế phẩm máu đạt chuẩn","550,000"
Chi phí rữa,"565,000"
Màng Lọc bạch cầu - Hồng cầu,"569,100"
Khối hồng cầu từ 250 ml máu toàn phần,"1,378,000"
Khối hồng cầu từ 350 ml máu toàn phần,"1,475,000"
Khối hồng cầu từ 450 ml máu toàn phần,"1,505,000"
Huyết tương tươi đông lạnh 100 ml,"197,000"
Huyết tương tươi đông lạnh 150 ml,"228,000"
Huyết tương tươi đông lạnh 200 ml,"358,000"
Chế phẩm tủa lạnh thể tích 50 ml,"678,000"
Chi phí điều chế Khối tiểu cầu gạn tách (chưa bao gồm bộ dụng cụ gạn tách) (Đã bao gồm chi phí xét nghiệm NAT và chi phí xét nghiệm sàng lọc kháng thể bất thường) [250 ml],"4,217,000"
Chi phí điều chế Khối tiểu cầu gạn tách (chưa bao gồm bộ dụng cụ gạn tách) (Đã bao gồm chi phí xét nghiệm NAT và chi phí xét nghiệm sàng lọc kháng thể bất thường)[120 ml],"2,208,000"
Khối tiểu cầu 8 đơn vị (từ 2.000 ml máu toàn phần) (chưa bao gồm túi pool và lọc bạch cầu),"3,043,000"
,
,
,
,
,
,
,
,
,
,
,
,
,
,
,
,
,
,
,
,
,
,
,
,
,
,
,
,
,
,
,
,
,
,
,
,
,
,
,
,
,
,
,
,
,
,
,
,
,
,
,
,
,
,
,
,
,
,
,
,
,
,
,
,
,
,
,
,
,
,
,
,
,
,
,
,
,
,
,
,
,
,
,
,
,
,
,
,
,
,
,
,
,
,
,
,
,
,
,
,
,
,
,
,
,
,
,
,
,
,
,
,
,
,
,
,
,
,
,
,
,
,
,
,
,
,
,
,
,
,
,
,
,
,
,
,
,
,
,
,
,
,
,
,
,
,
,
,
,
,
,
,
,
,
,
,
,
,
,
,
,
,
,
,
,
,
,
,
,
,
,
,
,
,
,
,
,
,
,
,
,
,
,
,
,
,
,
,
,
,
,
,
,
,
,
,
,
,
,
,
